timestamp,object,message
2026-07-09T03:09:24.756Z,smriti9/websocket,Linking fresh assets to volume...
2026-07-09T03:09:24.759Z,smriti9/db,2026-07-09 03:09:24+00:00 [Note] [Entrypoint]: Entrypoint script for MariaDB Server 1:11.8.8+maria~ubu2404 started.
2026-07-09T03:09:24.783Z,smriti9/redis-queue,1:C 09 Jul 2026 03:09:24.782 # oO0OoO0OoO0Oo Redis is starting oO0OoO0OoO0Oo
2026-07-09T03:09:24.783Z,smriti9/redis-queue,"1:C 09 Jul 2026 03:09:24.782 # Redis version=6.2.22, bits=64, commit=00000000, modified=0, pid=1, just started"
2026-07-09T03:09:24.783Z,smriti9/redis-queue,"1:C 09 Jul 2026 03:09:24.782 # Warning: no config file specified, using the default config. In order to specify a config file use redis-server /path/to/redis.conf"
2026-07-09T03:09:24.783Z,smriti9/redis-cache,1:C 09 Jul 2026 03:09:24.782 # oO0OoO0OoO0Oo Redis is starting oO0OoO0OoO0Oo
2026-07-09T03:09:24.783Z,smriti9/redis-cache,"1:C 09 Jul 2026 03:09:24.782 # Redis version=6.2.22, bits=64, commit=00000000, modified=0, pid=1, just started"
2026-07-09T03:09:24.783Z,smriti9/redis-cache,"1:C 09 Jul 2026 03:09:24.782 # Warning: no config file specified, using the default config. In order to specify a config file use redis-server /path/to/redis.conf"
2026-07-09T03:09:24.783Z,smriti9/redis-cache,1:M 09 Jul 2026 03:09:24.783 * monotonic clock: POSIX clock_gettime
2026-07-09T03:09:24.784Z,smriti9/redis-queue,1:M 09 Jul 2026 03:09:24.783 * monotonic clock: POSIX clock_gettime
2026-07-09T03:09:24.795Z,smriti9/redis-queue,"1:M 09 Jul 2026 03:09:24.795 * Running mode=standalone, port=6379."
2026-07-09T03:09:24.795Z,smriti9/redis-queue,1:M 09 Jul 2026 03:09:24.795 # Server initialized
2026-07-09T03:09:24.795Z,smriti9/redis-cache,"1:M 09 Jul 2026 03:09:24.795 * Running mode=standalone, port=6379."
2026-07-09T03:09:24.795Z,smriti9/redis-cache,1:M 09 Jul 2026 03:09:24.795 # Server initialized
2026-07-09T03:09:24.796Z,smriti9/redis-queue,1:M 09 Jul 2026 03:09:24.796 * Ready to accept connections
2026-07-09T03:09:24.796Z,smriti9/redis-cache,1:M 09 Jul 2026 03:09:24.796 * Ready to accept connections
2026-07-09T03:09:25.794Z,smriti9/db,"2026-07-09 03:09:25+00:00 [Warn] [Entrypoint]: /sys/fs/cgroup///memory.pressure not writable, functionality unavailable to MariaDB"
2026-07-09T03:09:25.799Z,smriti9/db,2026-07-09 03:09:25+00:00 [Note] [Entrypoint]: Switching to dedicated user 'mysql'
2026-07-09T03:09:25.846Z,smriti9/db,2026-07-09 03:09:25+00:00 [Note] [Entrypoint]: Entrypoint script for MariaDB Server 1:11.8.8+maria~ubu2404 started.
2026-07-09T03:09:26.227Z,smriti9/db,2026-07-09 03:09:26+00:00 [Note] [Entrypoint]: Initializing database files
2026-07-09T03:09:26.440Z,smriti9/websocket,Realtime service listening on: ws://0.0.0.0:9000
2026-07-09T03:09:26.474Z,smriti9/db,"2026-07-09  3:09:26 0 [Warning] mariadbd: io_uring_queue_init() failed with EPERM: sysctl kernel.io_uring_disabled has the value 2, or 1 and the user of the process is not a member of sysctl kernel.io_uring_group. (see man 2 io_uring_setup)."
2026-07-09T03:09:26.478Z,smriti9/db,create_uring failed: falling back to libaio
2026-07-09T03:09:27.377Z,smriti9/configurator,"WARNING: The directory '/home/frappe/.cache/pip' or its parent directory is not owned or is not writable by the current user. The cache has been disabled. Check the permissions and owner of that directory. If executing pip with sudo, you should use sudo's -H flag."
2026-07-09T03:09:29.082Z,smriti9/configurator,Obtaining file:///home/frappe/frappe-bench/apps/smriti_retail_os
2026-07-09T03:09:29.105Z,smriti9/configurator,  Installing build dependencies: started
2026-07-09T03:09:30.067Z,smriti9/db,2026-07-09 03:09:30+00:00 [Note] [Entrypoint]: Database files initialized
2026-07-09T03:09:30.069Z,smriti9/db,2026-07-09 03:09:30+00:00 [Note] [Entrypoint]: Starting temporary server
2026-07-09T03:09:30.076Z,smriti9/db,2026-07-09 03:09:30+00:00 [Note] [Entrypoint]: Waiting for server startup
2026-07-09T03:09:30.124Z,smriti9/db,2026-07-09  3:09:30 0 [Note] Starting MariaDB 11.8.8-MariaDB-ubu2404 source revision 46a8eb42a520193686d9a16d4cea4b3e002917e4 server_uid DWO9gik+xpduQuJo4B0vVS61R04= as process 92
2026-07-09T03:09:30.198Z,smriti9/db,2026-07-09  3:09:30 0 [Note] InnoDB: Compressed tables use zlib 1.3
2026-07-09T03:09:30.198Z,smriti9/db,2026-07-09  3:09:30 0 [Note] InnoDB: Using transactional memory
2026-07-09T03:09:30.198Z,smriti9/db,2026-07-09  3:09:30 0 [Note] InnoDB: Number of transaction pools: 1
2026-07-09T03:09:30.198Z,smriti9/db,2026-07-09  3:09:30 0 [Note] InnoDB: Using crc32 + pclmulqdq instructions
2026-07-09T03:09:30.198Z,smriti9/db,2026-07-09  3:09:30 0 [Note] mariadbd: O_TMPFILE is not supported on /tmp (disabling future attempts)
2026-07-09T03:09:30.198Z,smriti9/db,"2026-07-09  3:09:30 0 [Warning] mariadbd: io_uring_queue_init() failed with EPERM: sysctl kernel.io_uring_disabled has the value 2, or 1 and the user of the process is not a member of sysctl kernel.io_uring_group. (see man 2 io_uring_setup)."
2026-07-09T03:09:30.198Z,smriti9/db,create_uring failed: falling back to libaio
2026-07-09T03:09:30.198Z,smriti9/db,2026-07-09  3:09:30 0 [Note] InnoDB: Using Linux native AIO
2026-07-09T03:09:30.198Z,smriti9/db,"2026-07-09  3:09:30 0 [Note] InnoDB: innodb_buffer_pool_size_max=8388608m, innodb_buffer_pool_size=128m"
2026-07-09T03:09:30.198Z,smriti9/db,2026-07-09  3:09:30 0 [Note] InnoDB: Completed initialization of buffer pool
2026-07-09T03:09:30.198Z,smriti9/db,2026-07-09  3:09:30 0 [Note] InnoDB: File system buffers for log disabled (block size=4096 bytes)
2026-07-09T03:09:30.223Z,smriti9/db,2026-07-09  3:09:30 0 [Note] InnoDB: End of log at LSN=45568
2026-07-09T03:09:30.301Z,smriti9/db,2026-07-09  3:09:30 0 [Note] InnoDB: Opened 3 undo tablespaces
2026-07-09T03:09:30.301Z,smriti9/db,2026-07-09  3:09:30 0 [Note] InnoDB: 128 rollback segments in 3 undo tablespaces are active.
2026-07-09T03:09:30.302Z,smriti9/db,2026-07-09  3:09:30 0 [Note] InnoDB: Setting file './ibtmp1' size to 12.000MiB. Physically writing the file full; Please wait ...
2026-07-09T03:09:30.302Z,smriti9/db,2026-07-09  3:09:30 0 [Note] InnoDB: File './ibtmp1' size is now 12.000MiB.
2026-07-09T03:09:30.311Z,smriti9/db,2026-07-09  3:09:30 0 [Note] InnoDB: log sequence number 45568; transaction id 14
2026-07-09T03:09:30.312Z,smriti9/db,2026-07-09  3:09:30 0 [Note] Plugin 'FEEDBACK' is disabled.
2026-07-09T03:09:30.312Z,smriti9/db,2026-07-09  3:09:30 0 [Note] Plugin 'wsrep-provider' is disabled.
2026-07-09T03:09:31.372Z,smriti9/configurator,  Installing build dependencies: finished with status 'done'
2026-07-09T03:09:31.373Z,smriti9/configurator,  Checking if build backend supports build_editable: started
2026-07-09T03:09:31.571Z,smriti9/configurator,  Checking if build backend supports build_editable: finished with status 'done'
2026-07-09T03:09:31.572Z,smriti9/configurator,  Getting requirements to build editable: started
2026-07-09T03:09:31.765Z,smriti9/configurator,  Getting requirements to build editable: finished with status 'done'
2026-07-09T03:09:31.766Z,smriti9/configurator,  Preparing editable metadata (pyproject.toml): started
2026-07-09T03:09:31.980Z,smriti9/configurator,  Preparing editable metadata (pyproject.toml): finished with status 'done'
2026-07-09T03:09:32.003Z,smriti9/configurator,Obtaining file:///home/frappe/frappe-bench/apps/india_compliance
2026-07-09T03:09:32.031Z,smriti9/configurator,  Installing build dependencies: started
2026-07-09T03:09:32.680Z,smriti9/db,2026-07-09  3:09:32 0 [Note] mariadbd: Event Scheduler: Loaded 0 events
2026-07-09T03:09:32.690Z,smriti9/db,2026-07-09  3:09:32 0 [Note] mariadbd: ready for connections.
2026-07-09T03:09:32.690Z,smriti9/db,Version: '11.8.8-MariaDB-ubu2404'  socket: '/run/mysqld/mysqld.sock'  port: 0  mariadb.org binary distribution
2026-07-09T03:09:33.163Z,smriti9/db,2026-07-09 03:09:33+00:00 [Note] [Entrypoint]: Temporary server started.
2026-07-09T03:09:33.367Z,smriti9/configurator,  Installing build dependencies: finished with status 'done'
2026-07-09T03:09:33.368Z,smriti9/configurator,  Checking if build backend supports build_editable: started
2026-07-09T03:09:33.614Z,smriti9/configurator,  Checking if build backend supports build_editable: finished with status 'done'
2026-07-09T03:09:33.615Z,smriti9/configurator,  Getting requirements to build editable: started
2026-07-09T03:09:33.876Z,smriti9/configurator,  Getting requirements to build editable: finished with status 'done'
2026-07-09T03:09:33.878Z,smriti9/configurator,  Preparing editable metadata (pyproject.toml): started
2026-07-09T03:09:34.081Z,smriti9/configurator,  Preparing editable metadata (pyproject.toml): finished with status 'done'
2026-07-09T03:09:34.260Z,smriti9/db,2026-07-09 03:09:34+00:00 [Note] [Entrypoint]: Securing system users (equivalent to running mysql_secure_installation)
2026-07-09T03:09:34.276Z,smriti9/configurator,Collecting python-barcode~=0.15.1 (from india_compliance==16.7.0)
2026-07-09T03:09:34.340Z,smriti9/db,
2026-07-09T03:09:34.342Z,smriti9/db,2026-07-09 03:09:34+00:00 [Note] [Entrypoint]: Stopping temporary server
2026-07-09T03:09:34.342Z,smriti9/db,2026-07-09  3:09:34 0 [Note] mariadbd (initiated by: unknown): Normal shutdown
2026-07-09T03:09:34.343Z,smriti9/db,2026-07-09  3:09:34 0 [Note] InnoDB: FTS optimize thread exiting.
2026-07-09T03:09:34.383Z,smriti9/db,2026-07-09  3:09:34 0 [Note] InnoDB: Starting shutdown...
2026-07-09T03:09:34.383Z,smriti9/db,2026-07-09  3:09:34 0 [Note] InnoDB: Dumping buffer pool(s) to /var/lib/mysql/ib_buffer_pool
2026-07-09T03:09:34.383Z,smriti9/db,2026-07-09  3:09:34 0 [Note] InnoDB: Buffer pool(s) dump completed at 260709  3:09:34
2026-07-09T03:09:34.409Z,smriti9/configurator,  Downloading python_barcode-0.15.1-py3-none-any.whl.metadata (2.3 kB)
2026-07-09T03:09:34.423Z,smriti9/configurator,Collecting titlecase~=2.3 (from india_compliance==16.7.0)
2026-07-09T03:09:34.430Z,smriti9/configurator,  Downloading titlecase-2.4.1.tar.gz (14 kB)
2026-07-09T03:09:34.437Z,smriti9/db,"2026-07-09  3:09:34 0 [Note] InnoDB: Removed temporary tablespace data file: ""./ibtmp1"""
2026-07-09T03:09:34.437Z,smriti9/db,2026-07-09  3:09:34 0 [Note] Shutdown completed; log sequence number 45568; transaction id 15
2026-07-09T03:09:34.448Z,smriti9/db,2026-07-09  3:09:34 0 [Note] mariadbd: Shutdown complete
2026-07-09T03:09:34.448Z,smriti9/configurator,  Installing build dependencies: started
2026-07-09T03:09:34.459Z,smriti9/db,2026-07-09 03:09:34+00:00 [Note] [Entrypoint]: Temporary server stopped
2026-07-09T03:09:34.459Z,smriti9/db,
2026-07-09T03:09:34.461Z,smriti9/db,2026-07-09 03:09:34+00:00 [Note] [Entrypoint]: MariaDB init process done. Ready for start up.
2026-07-09T03:09:34.461Z,smriti9/db,
2026-07-09T03:09:34.513Z,smriti9/db,2026-07-09  3:09:34 0 [Note] Starting MariaDB 11.8.8-MariaDB-ubu2404 source revision 46a8eb42a520193686d9a16d4cea4b3e002917e4 server_uid DWO9gik+xpduQuJo4B0vVS61R04= as process 1
2026-07-09T03:09:34.553Z,smriti9/db,2026-07-09  3:09:34 0 [Note] InnoDB: Compressed tables use zlib 1.3
2026-07-09T03:09:34.553Z,smriti9/db,2026-07-09  3:09:34 0 [Note] InnoDB: Using transactional memory
2026-07-09T03:09:34.559Z,smriti9/db,2026-07-09  3:09:34 0 [Note] InnoDB: Number of transaction pools: 1
2026-07-09T03:09:34.559Z,smriti9/db,2026-07-09  3:09:34 0 [Note] InnoDB: Using crc32 + pclmulqdq instructions
2026-07-09T03:09:34.559Z,smriti9/db,2026-07-09  3:09:34 0 [Note] mariadbd: O_TMPFILE is not supported on /tmp (disabling future attempts)
2026-07-09T03:09:34.560Z,smriti9/db,"2026-07-09  3:09:34 0 [Warning] mariadbd: io_uring_queue_init() failed with EPERM: sysctl kernel.io_uring_disabled has the value 2, or 1 and the user of the process is not a member of sysctl kernel.io_uring_group. (see man 2 io_uring_setup)."
2026-07-09T03:09:34.560Z,smriti9/db,create_uring failed: falling back to libaio
2026-07-09T03:09:34.560Z,smriti9/db,2026-07-09  3:09:34 0 [Note] InnoDB: Using Linux native AIO
2026-07-09T03:09:34.561Z,smriti9/db,"2026-07-09  3:09:34 0 [Note] InnoDB: innodb_buffer_pool_size_max=8388608m, innodb_buffer_pool_size=128m"
2026-07-09T03:09:34.562Z,smriti9/db,2026-07-09  3:09:34 0 [Note] InnoDB: Completed initialization of buffer pool
2026-07-09T03:09:34.563Z,smriti9/db,2026-07-09  3:09:34 0 [Note] InnoDB: File system buffers for log disabled (block size=4096 bytes)
2026-07-09T03:09:34.586Z,smriti9/db,2026-07-09  3:09:34 0 [Note] InnoDB: End of log at LSN=45568
2026-07-09T03:09:34.640Z,smriti9/db,2026-07-09  3:09:34 0 [Note] InnoDB: Opened 3 undo tablespaces
2026-07-09T03:09:34.640Z,smriti9/db,2026-07-09  3:09:34 0 [Note] InnoDB: 128 rollback segments in 3 undo tablespaces are active.
2026-07-09T03:09:34.641Z,smriti9/db,2026-07-09  3:09:34 0 [Note] InnoDB: Setting file './ibtmp1' size to 12.000MiB. Physically writing the file full; Please wait ...
2026-07-09T03:09:34.641Z,smriti9/db,2026-07-09  3:09:34 0 [Note] InnoDB: File './ibtmp1' size is now 12.000MiB.
2026-07-09T03:09:34.642Z,smriti9/db,2026-07-09  3:09:34 0 [Note] InnoDB: log sequence number 45568; transaction id 14
2026-07-09T03:09:34.643Z,smriti9/db,2026-07-09  3:09:34 0 [Note] Plugin 'FEEDBACK' is disabled.
2026-07-09T03:09:34.643Z,smriti9/db,2026-07-09  3:09:34 0 [Note] InnoDB: Loading buffer pool(s) from /var/lib/mysql/ib_buffer_pool
2026-07-09T03:09:34.643Z,smriti9/db,2026-07-09  3:09:34 0 [Note] Plugin 'wsrep-provider' is disabled.
2026-07-09T03:09:34.650Z,smriti9/db,2026-07-09  3:09:34 0 [Note] InnoDB: Buffer pool(s) load completed at 260709  3:09:34
2026-07-09T03:09:36.199Z,smriti9/db,"2026-07-09  3:09:36 0 [Note] Server socket created on IP: '0.0.0.0', port: '3306'."
2026-07-09T03:09:36.199Z,smriti9/db,"2026-07-09  3:09:36 0 [Note] Server socket created on IP: '::', port: '3306'."
2026-07-09T03:09:36.204Z,smriti9/db,2026-07-09  3:09:36 0 [Note] mariadbd: Event Scheduler: Loaded 0 events
2026-07-09T03:09:36.206Z,smriti9/db,2026-07-09  3:09:36 0 [Note] mariadbd: ready for connections.
2026-07-09T03:09:36.206Z,smriti9/db,Version: '11.8.8-MariaDB-ubu2404'  socket: '/run/mysqld/mysqld.sock'  port: 3306  mariadb.org binary distribution
2026-07-09T03:09:36.728Z,smriti9/configurator,  Installing build dependencies: finished with status 'done'
2026-07-09T03:09:36.729Z,smriti9/configurator,  Getting requirements to build wheel: started
2026-07-09T03:09:37.405Z,smriti9/configurator,  Getting requirements to build wheel: finished with status 'done'
2026-07-09T03:09:37.406Z,smriti9/configurator,  Preparing metadata (pyproject.toml): started
2026-07-09T03:09:37.756Z,smriti9/configurator,  Preparing metadata (pyproject.toml): finished with status 'done'
2026-07-09T03:09:37.866Z,smriti9/configurator,Collecting pycryptodome~=3.19.0 (from india_compliance==16.7.0)
2026-07-09T03:09:37.873Z,smriti9/configurator,  Downloading pycryptodome-3.19.1-cp35-abi3-manylinux_2_17_x86_64.manylinux2014_x86_64.whl.metadata (3.4 kB)
2026-07-09T03:09:37.875Z,smriti9/configurator,Requirement already satisfied: pypng~=0.20220715.0 in ./env/lib/python3.14/site-packages (from india_compliance==16.7.0) (0.20220715.0)
2026-07-09T03:09:37.884Z,smriti9/configurator,Downloading pycryptodome-3.19.1-cp35-abi3-manylinux_2_17_x86_64.manylinux2014_x86_64.whl (2.1 MB)
2026-07-09T03:09:38.157Z,smriti9/configurator,   ━━━━━━━━━━━━━━━━━━━━━━━━━━━━━━━━━━━━━━━━ 2.1/2.1 MB 8.0 MB/s  0:00:00
2026-07-09T03:09:38.162Z,smriti9/configurator,Downloading python_barcode-0.15.1-py3-none-any.whl (212 kB)
2026-07-09T03:09:38.215Z,smriti9/configurator,"Building wheels for collected packages: smriti_retail_os, india_compliance, titlecase"
2026-07-09T03:09:38.218Z,smriti9/configurator,  Building editable for smriti_retail_os (pyproject.toml): started
2026-07-09T03:09:38.457Z,smriti9/configurator,  Building editable for smriti_retail_os (pyproject.toml): finished with status 'done'
2026-07-09T03:09:38.458Z,smriti9/configurator,  Created wheel for smriti_retail_os: filename=smriti_retail_os-2.2.0-py3-none-any.whl size=28759 sha256=b9433213beac5c6fbb637f25a3384fb2920875ece84e277bdf5d4f742d5709d7
2026-07-09T03:09:38.458Z,smriti9/configurator,  Stored in directory: /tmp/pip-ephem-wheel-cache-i68d6x60/wheels/b3/d2/42/058d45fd362649576ac872eead58d98a8c0e65b815d0cac0a3
2026-07-09T03:09:38.464Z,smriti9/configurator,  Building editable for india_compliance (pyproject.toml): started
2026-07-09T03:09:38.637Z,smriti9/configurator,  Building editable for india_compliance (pyproject.toml): finished with status 'done'
2026-07-09T03:09:38.637Z,smriti9/configurator,  Created wheel for india_compliance: filename=india_compliance-16.7.0-py2.py3-none-any.whl size=2839 sha256=2b4e0952c3cd4d1fcd7a97e9e54a8f348949d19230644b15ca3181249ac87988
2026-07-09T03:09:38.637Z,smriti9/configurator,  Stored in directory: /tmp/pip-ephem-wheel-cache-i68d6x60/wheels/5e/6e/d1/136800bbb50c6008d989427bad58a6ba9eaff55ed3b4d3590c
2026-07-09T03:09:38.642Z,smriti9/configurator,  Building wheel for titlecase (pyproject.toml): started
2026-07-09T03:09:39.068Z,smriti9/configurator,  Building wheel for titlecase (pyproject.toml): finished with status 'done'
2026-07-09T03:09:39.068Z,smriti9/configurator,  Created wheel for titlecase: filename=titlecase-2.4.1-py2.py3-none-any.whl size=10952 sha256=49fd11fc1ac71d70bd2382065723bf005826961caa45df3d6798ca9077829d55
2026-07-09T03:09:39.068Z,smriti9/configurator,  Stored in directory: /tmp/pip-ephem-wheel-cache-i68d6x60/wheels/70/8c/8e/c7949e808499a2f039d9589993fa4dfc049e09dc32216d9f63
2026-07-09T03:09:39.072Z,smriti9/configurator,Successfully built smriti_retail_os india_compliance titlecase
2026-07-09T03:09:39.233Z,smriti9/configurator,"Installing collected packages: python-barcode, titlecase, smriti_retail_os, pycryptodome, india_compliance"
2026-07-09T03:09:39.880Z,smriti9/configurator,
2026-07-09T03:09:39.892Z,smriti9/configurator,Successfully installed india_compliance-16.7.0 pycryptodome-3.19.1 python-barcode-0.15.1 smriti_retail_os-2.2.0 titlecase-2.4.1
2026-07-09T03:10:05.682Z,smriti9/create-site,wait-for-it: waiting 120 seconds for db:3306
2026-07-09T03:10:05.688Z,smriti9/db,2026-07-09  3:10:05 9 [Warning] Aborted connection 9 to db: 'unconnected' user: 'unauthenticated' host: '172.18.0.6' (This connection closed normally without authentication)
2026-07-09T03:10:05.690Z,smriti9/create-site,wait-for-it: db:3306 is available after 0 seconds
2026-07-09T03:10:05.708Z,smriti9/create-site,wait-for-it: waiting 120 seconds for redis-cache:6379
2026-07-09T03:10:05.713Z,smriti9/create-site,wait-for-it: redis-cache:6379 is available after 0 seconds
2026-07-09T03:10:05.733Z,smriti9/create-site,wait-for-it: waiting 120 seconds for redis-queue:6379
2026-07-09T03:10:05.739Z,smriti9/create-site,wait-for-it: redis-queue:6379 is available after 0 seconds
2026-07-09T03:10:05.740Z,smriti9/create-site,Dependencies ready. Installing custom apps...
2026-07-09T03:10:06.922Z,smriti9/create-site,"WARNING: The directory '/home/frappe/.cache/pip' or its parent directory is not owned or is not writable by the current user. The cache has been disabled. Check the permissions and owner of that directory. If executing pip with sudo, you should use sudo's -H flag."
2026-07-09T03:10:07.340Z,smriti9/create-site,Obtaining file:///home/frappe/frappe-bench/apps/smriti_retail_os
2026-07-09T03:10:07.346Z,smriti9/create-site,  Installing build dependencies: started
2026-07-09T03:10:08.546Z,smriti9/create-site,  Installing build dependencies: finished with status 'done'
2026-07-09T03:10:08.547Z,smriti9/create-site,  Checking if build backend supports build_editable: started
2026-07-09T03:10:08.746Z,smriti9/create-site,  Checking if build backend supports build_editable: finished with status 'done'
2026-07-09T03:10:08.747Z,smriti9/create-site,  Getting requirements to build editable: started
2026-07-09T03:10:08.929Z,smriti9/create-site,  Getting requirements to build editable: finished with status 'done'
2026-07-09T03:10:08.931Z,smriti9/create-site,  Preparing editable metadata (pyproject.toml): started
2026-07-09T03:10:09.116Z,smriti9/create-site,  Preparing editable metadata (pyproject.toml): finished with status 'done'
2026-07-09T03:10:09.134Z,smriti9/create-site,Obtaining file:///home/frappe/frappe-bench/apps/india_compliance
2026-07-09T03:10:09.143Z,smriti9/create-site,  Installing build dependencies: started
2026-07-09T03:10:10.344Z,smriti9/create-site,  Installing build dependencies: finished with status 'done'
2026-07-09T03:10:10.344Z,smriti9/create-site,  Checking if build backend supports build_editable: started
2026-07-09T03:10:10.524Z,smriti9/create-site,  Checking if build backend supports build_editable: finished with status 'done'
2026-07-09T03:10:10.525Z,smriti9/create-site,  Getting requirements to build editable: started
2026-07-09T03:10:10.732Z,smriti9/create-site,  Getting requirements to build editable: finished with status 'done'
2026-07-09T03:10:10.733Z,smriti9/create-site,  Preparing editable metadata (pyproject.toml): started
2026-07-09T03:10:10.916Z,smriti9/create-site,  Preparing editable metadata (pyproject.toml): finished with status 'done'
2026-07-09T03:10:11.082Z,smriti9/create-site,Collecting python-barcode~=0.15.1 (from india_compliance==16.7.0)
2026-07-09T03:10:11.177Z,smriti9/create-site,  Downloading python_barcode-0.15.1-py3-none-any.whl.metadata (2.3 kB)
2026-07-09T03:10:11.369Z,smriti9/create-site,Collecting titlecase~=2.3 (from india_compliance==16.7.0)
2026-07-09T03:10:11.380Z,smriti9/create-site,  Downloading titlecase-2.4.1.tar.gz (14 kB)
2026-07-09T03:10:11.417Z,smriti9/create-site,  Installing build dependencies: started
2026-07-09T03:10:13.676Z,smriti9/create-site,  Installing build dependencies: finished with status 'done'
2026-07-09T03:10:13.677Z,smriti9/create-site,  Getting requirements to build wheel: started
2026-07-09T03:10:14.531Z,smriti9/create-site,  Getting requirements to build wheel: finished with status 'done'
2026-07-09T03:10:14.533Z,smriti9/create-site,  Preparing metadata (pyproject.toml): started
2026-07-09T03:10:14.921Z,smriti9/create-site,  Preparing metadata (pyproject.toml): finished with status 'done'
2026-07-09T03:10:15.040Z,smriti9/create-site,Collecting pycryptodome~=3.19.0 (from india_compliance==16.7.0)
2026-07-09T03:10:15.048Z,smriti9/create-site,  Downloading pycryptodome-3.19.1-cp35-abi3-manylinux_2_17_x86_64.manylinux2014_x86_64.whl.metadata (3.4 kB)
2026-07-09T03:10:15.051Z,smriti9/create-site,Requirement already satisfied: pypng~=0.20220715.0 in ./env/lib/python3.14/site-packages (from india_compliance==16.7.0) (0.20220715.0)
2026-07-09T03:10:15.062Z,smriti9/create-site,Downloading pycryptodome-3.19.1-cp35-abi3-manylinux_2_17_x86_64.manylinux2014_x86_64.whl (2.1 MB)
2026-07-09T03:10:15.238Z,smriti9/create-site,   ━━━━━━━━━━━━━━━━━━━━━━━━━━━━━━━━━━━━━━━━ 2.1/2.1 MB 12.8 MB/s  0:00:00
2026-07-09T03:10:15.247Z,smriti9/create-site,Downloading python_barcode-0.15.1-py3-none-any.whl (212 kB)
2026-07-09T03:10:15.281Z,smriti9/create-site,"Building wheels for collected packages: smriti_retail_os, india_compliance, titlecase"
2026-07-09T03:10:15.285Z,smriti9/create-site,  Building editable for smriti_retail_os (pyproject.toml): started
2026-07-09T03:10:15.466Z,smriti9/create-site,  Building editable for smriti_retail_os (pyproject.toml): finished with status 'done'
2026-07-09T03:10:15.466Z,smriti9/create-site,  Created wheel for smriti_retail_os: filename=smriti_retail_os-2.2.0-py3-none-any.whl size=28759 sha256=b9433213beac5c6fbb637f25a3384fb2920875ece84e277bdf5d4f742d5709d7
2026-07-09T03:10:15.466Z,smriti9/create-site,  Stored in directory: /tmp/pip-ephem-wheel-cache-500wjxu2/wheels/b3/d2/42/058d45fd362649576ac872eead58d98a8c0e65b815d0cac0a3
2026-07-09T03:10:15.471Z,smriti9/create-site,  Building editable for india_compliance (pyproject.toml): started
2026-07-09T03:10:15.642Z,smriti9/create-site,  Building editable for india_compliance (pyproject.toml): finished with status 'done'
2026-07-09T03:10:15.642Z,smriti9/create-site,  Created wheel for india_compliance: filename=india_compliance-16.7.0-py2.py3-none-any.whl size=2839 sha256=2b4e0952c3cd4d1fcd7a97e9e54a8f348949d19230644b15ca3181249ac87988
2026-07-09T03:10:15.643Z,smriti9/create-site,  Stored in directory: /tmp/pip-ephem-wheel-cache-500wjxu2/wheels/5e/6e/d1/136800bbb50c6008d989427bad58a6ba9eaff55ed3b4d3590c
2026-07-09T03:10:15.646Z,smriti9/create-site,  Building wheel for titlecase (pyproject.toml): started
2026-07-09T03:10:16.035Z,smriti9/create-site,  Building wheel for titlecase (pyproject.toml): finished with status 'done'
2026-07-09T03:10:16.035Z,smriti9/create-site,  Created wheel for titlecase: filename=titlecase-2.4.1-py2.py3-none-any.whl size=10952 sha256=9a80d08a180c0fbe7d4b3d485b682df00a5d07d80b6fbf3cb4b301d7c74d0c50
2026-07-09T03:10:16.035Z,smriti9/create-site,  Stored in directory: /tmp/pip-ephem-wheel-cache-500wjxu2/wheels/70/8c/8e/c7949e808499a2f039d9589993fa4dfc049e09dc32216d9f63
2026-07-09T03:10:16.037Z,smriti9/create-site,Successfully built smriti_retail_os india_compliance titlecase
2026-07-09T03:10:16.178Z,smriti9/create-site,"Installing collected packages: python-barcode, titlecase, smriti_retail_os, pycryptodome, india_compliance"
2026-07-09T03:10:16.811Z,smriti9/create-site,
2026-07-09T03:10:16.824Z,smriti9/create-site,Successfully installed india_compliance-16.7.0 pycryptodome-3.19.1 python-barcode-0.15.1 smriti_retail_os-2.2.0 titlecase-2.4.1
2026-07-09T03:10:16.962Z,smriti9/create-site,Creating new site 'smriti_retail'...
2026-07-09T03:10:24.085Z,smriti9/create-site,
2026-07-09T03:10:24.085Z,smriti9/create-site,Installing frappe...
2026-07-09T03:10:39.112Z,smriti9/create-site,
2026-07-09T03:10:39.112Z,smriti9/create-site,Updating DocTypes for frappe        : [                                        ] 0%
2026-07-09T03:10:39.112Z,smriti9/create-site,Updating DocTypes for frappe        : [                                        ] 0%
2026-07-09T03:10:39.112Z,smriti9/create-site,Updating DocTypes for frappe        : [                                        ] 0%
2026-07-09T03:10:39.112Z,smriti9/create-site,Updating DocTypes for frappe        : [                                        ] 1%
2026-07-09T03:10:39.112Z,smriti9/create-site,Updating DocTypes for frappe        : [                                        ] 1%
2026-07-09T03:10:39.112Z,smriti9/create-site,Updating DocTypes for frappe        : [                                        ] 1%
2026-07-09T03:10:39.112Z,smriti9/create-site,Updating DocTypes for frappe        : [                                        ] 1%
2026-07-09T03:10:39.112Z,smriti9/create-site,Updating DocTypes for frappe        : [                                        ] 2%
2026-07-09T03:10:39.112Z,smriti9/create-site,Updating DocTypes for frappe        : [=                                       ] 2%
2026-07-09T03:10:39.112Z,smriti9/create-site,Updating DocTypes for frappe        : [=                                       ] 2%
2026-07-09T03:10:39.112Z,smriti9/create-site,Updating DocTypes for frappe        : [=                                       ] 3%
2026-07-09T03:10:39.112Z,smriti9/create-site,Updating DocTypes for frappe        : [=                                       ] 3%
2026-07-09T03:10:39.112Z,smriti9/create-site,Updating DocTypes for frappe        : [=                                       ] 3%
2026-07-09T03:10:39.112Z,smriti9/create-site,Updating DocTypes for frappe        : [=                                       ] 3%
2026-07-09T03:10:39.112Z,smriti9/create-site,Updating DocTypes for frappe        : [=                                       ] 4%
2026-07-09T03:10:39.112Z,smriti9/create-site,Updating DocTypes for frappe        : [=                                       ] 4%
2026-07-09T03:10:39.112Z,smriti9/create-site,Updating DocTypes for frappe        : [=                                       ] 4%
2026-07-09T03:10:39.112Z,smriti9/create-site,Updating DocTypes for frappe        : [==                                      ] 5%
2026-07-09T03:10:39.112Z,smriti9/create-site,Updating DocTypes for frappe        : [==                                      ] 5%
2026-07-09T03:10:39.112Z,smriti9/create-site,Updating DocTypes for frappe        : [==                                      ] 5%
2026-07-09T03:10:39.112Z,smriti9/create-site,Updating DocTypes for frappe        : [==                                      ] 5%
2026-07-09T03:10:39.112Z,smriti9/create-site,Updating DocTypes for frappe        : [==                                      ] 6%
2026-07-09T03:10:39.112Z,smriti9/create-site,Updating DocTypes for frappe        : [==                                      ] 6%
2026-07-09T03:10:39.112Z,smriti9/create-site,Updating DocTypes for frappe        : [==                                      ] 6%
2026-07-09T03:10:39.112Z,smriti9/create-site,Updating DocTypes for frappe        : [==                                      ] 7%
2026-07-09T03:10:39.112Z,smriti9/create-site,Updating DocTypes for frappe        : [==                                      ] 7%
2026-07-09T03:10:39.112Z,smriti9/create-site,Updating DocTypes for frappe        : [===                                     ] 7%
2026-07-09T03:10:39.112Z,smriti9/create-site,Updating DocTypes for frappe        : [===                                     ] 7%
2026-07-09T03:10:39.112Z,smriti9/create-site,Updating DocTypes for frappe        : [===                                     ] 8%
2026-07-09T03:10:39.112Z,smriti9/create-site,Updating DocTypes for frappe        : [===                                     ] 8%
2026-07-09T03:10:39.112Z,smriti9/create-site,Updating DocTypes for frappe        : [===                                     ] 8%
2026-07-09T03:10:39.112Z,smriti9/create-site,Updating DocTypes for frappe        : [===                                     ] 9%
2026-07-09T03:10:39.112Z,smriti9/create-site,Updating DocTypes for frappe        : [===                                     ] 9%
2026-07-09T03:10:39.112Z,smriti9/create-site,Updating DocTypes for frappe        : [===                                     ] 9%
2026-07-09T03:10:39.112Z,smriti9/create-site,Updating DocTypes for frappe        : [===                                     ] 9%
2026-07-09T03:10:39.112Z,smriti9/create-site,Updating DocTypes for frappe        : [====                                    ] 10%
2026-07-09T03:10:39.112Z,smriti9/create-site,Updating DocTypes for frappe        : [====                                    ] 10%
2026-07-09T03:10:39.112Z,smriti9/create-site,Updating DocTypes for frappe        : [====                                    ] 10%
2026-07-09T03:10:39.112Z,smriti9/create-site,Updating DocTypes for frappe        : [====                                    ] 11%
2026-07-09T03:10:39.112Z,smriti9/create-site,Updating DocTypes for frappe        : [====                                    ] 11%
2026-07-09T03:10:39.112Z,smriti9/create-site,Updating DocTypes for frappe        : [====                                    ] 11%
2026-07-09T03:10:39.112Z,smriti9/create-site,Updating DocTypes for frappe        : [====                                    ] 11%
2026-07-09T03:10:39.112Z,smriti9/create-site,Updating DocTypes for frappe        : [====                                    ] 12%
2026-07-09T03:10:39.112Z,smriti9/create-site,Updating DocTypes for frappe        : [=====                                   ] 12%
2026-07-09T03:10:39.112Z,smriti9/create-site,Updating DocTypes for frappe        : [=====                                   ] 12%
2026-07-09T03:10:39.112Z,smriti9/create-site,Updating DocTypes for frappe        : [=====                                   ] 13%
2026-07-09T03:10:39.112Z,smriti9/create-site,Updating DocTypes for frappe        : [=====                                   ] 13%
2026-07-09T03:10:39.112Z,smriti9/create-site,Updating DocTypes for frappe        : [=====                                   ] 13%
2026-07-09T03:10:39.112Z,smriti9/create-site,Updating DocTypes for frappe        : [=====                                   ] 13%
2026-07-09T03:10:39.112Z,smriti9/create-site,Updating DocTypes for frappe        : [=====                                   ] 14%
2026-07-09T03:10:39.112Z,smriti9/create-site,Updating DocTypes for frappe        : [=====                                   ] 14%
2026-07-09T03:10:39.112Z,smriti9/create-site,Updating DocTypes for frappe        : [=====                                   ] 14%
2026-07-09T03:10:39.112Z,smriti9/create-site,Updating DocTypes for frappe        : [======                                  ] 15%
2026-07-09T03:10:39.112Z,smriti9/create-site,Updating DocTypes for frappe        : [======                                  ] 15%
2026-07-09T03:10:39.112Z,smriti9/create-site,Updating DocTypes for frappe        : [======                                  ] 15%
2026-07-09T03:10:39.112Z,smriti9/create-site,Updating DocTypes for frappe        : [======                                  ] 15%
2026-07-09T03:10:39.112Z,smriti9/create-site,Updating DocTypes for frappe        : [======                                  ] 16%
2026-07-09T03:10:39.112Z,smriti9/create-site,Updating DocTypes for frappe        : [======                                  ] 16%
2026-07-09T03:10:39.112Z,smriti9/create-site,Updating DocTypes for frappe        : [======                                  ] 16%
2026-07-09T03:10:39.112Z,smriti9/create-site,Updating DocTypes for frappe        : [======                                  ] 17%
2026-07-09T03:10:39.112Z,smriti9/create-site,Updating DocTypes for frappe        : [======                                  ] 17%
2026-07-09T03:10:39.112Z,smriti9/create-site,Updating DocTypes for frappe        : [=======                                 ] 17%
2026-07-09T03:10:39.112Z,smriti9/create-site,Updating DocTypes for frappe        : [=======                                 ] 17%
2026-07-09T03:10:39.112Z,smriti9/create-site,Updating DocTypes for frappe        : [=======                                 ] 18%
2026-07-09T03:10:39.112Z,smriti9/create-site,Updating DocTypes for frappe        : [=======                                 ] 18%
2026-07-09T03:10:39.112Z,smriti9/create-site,Updating DocTypes for frappe        : [=======                                 ] 18%
2026-07-09T03:10:39.112Z,smriti9/create-site,Updating DocTypes for frappe        : [=======                                 ] 19%
2026-07-09T03:10:39.112Z,smriti9/create-site,Updating DocTypes for frappe        : [=======                                 ] 19%
2026-07-09T03:10:39.112Z,smriti9/create-site,Updating DocTypes for frappe        : [=======                                 ] 19%
2026-07-09T03:10:39.112Z,smriti9/create-site,Updating DocTypes for frappe        : [=======                                 ] 19%
2026-07-09T03:10:39.112Z,smriti9/create-site,Updating DocTypes for frappe        : [========                                ] 20%
2026-07-09T03:10:39.112Z,smriti9/create-site,Updating DocTypes for frappe        : [========                                ] 20%
2026-07-09T03:10:39.112Z,smriti9/create-site,Updating DocTypes for frappe        : [========                                ] 20%
2026-07-09T03:10:39.112Z,smriti9/create-site,Updating DocTypes for frappe        : [========                                ] 21%
2026-07-09T03:10:39.112Z,smriti9/create-site,Updating DocTypes for frappe        : [========                                ] 21%
2026-07-09T03:10:39.112Z,smriti9/create-site,Updating DocTypes for frappe        : [========                                ] 21%
2026-07-09T03:10:39.112Z,smriti9/create-site,Updating DocTypes for frappe        : [========                                ] 21%
2026-07-09T03:10:39.112Z,smriti9/create-site,Updating DocTypes for frappe        : [========                                ] 22%
2026-07-09T03:10:39.112Z,smriti9/create-site,Updating DocTypes for frappe        : [========                                ] 22%
2026-07-09T03:10:39.112Z,smriti9/create-site,Updating DocTypes for frappe        : [=========                               ] 22%
2026-07-09T03:10:39.112Z,smriti9/create-site,Updating DocTypes for frappe        : [=========                               ] 23%
2026-07-09T03:10:39.112Z,smriti9/create-site,Updating DocTypes for frappe        : [=========                               ] 23%
2026-07-09T03:10:39.112Z,smriti9/create-site,Updating DocTypes for frappe        : [=========                               ] 23%
2026-07-09T03:10:39.112Z,smriti9/create-site,Updating DocTypes for frappe        : [=========                               ] 23%
2026-07-09T03:10:39.112Z,smriti9/create-site,Updating DocTypes for frappe        : [=========                               ] 24%
2026-07-09T03:10:39.112Z,smriti9/create-site,Updating DocTypes for frappe        : [=========                               ] 24%
2026-07-09T03:10:39.112Z,smriti9/create-site,Updating DocTypes for frappe        : [=========                               ] 24%
2026-07-09T03:10:39.112Z,smriti9/create-site,Updating DocTypes for frappe        : [==========                              ] 25%
2026-07-09T03:10:39.112Z,smriti9/create-site,Updating DocTypes for frappe        : [==========                              ] 25%
2026-07-09T03:10:39.112Z,smriti9/create-site,Updating DocTypes for frappe        : [==========                              ] 25%
2026-07-09T03:10:39.112Z,smriti9/create-site,Updating DocTypes for frappe        : [==========                              ] 25%
2026-07-09T03:10:39.112Z,smriti9/create-site,Updating DocTypes for frappe        : [==========                              ] 26%
2026-07-09T03:10:39.112Z,smriti9/create-site,Updating DocTypes for frappe        : [==========                              ] 26%
2026-07-09T03:10:39.112Z,smriti9/create-site,Updating DocTypes for frappe        : [==========                              ] 26%
2026-07-09T03:10:39.112Z,smriti9/create-site,Updating DocTypes for frappe        : [==========                              ] 26%
2026-07-09T03:10:39.112Z,smriti9/create-site,Updating DocTypes for frappe        : [==========                              ] 27%
2026-07-09T03:10:39.112Z,smriti9/create-site,Updating DocTypes for frappe        : [===========                             ] 27%
2026-07-09T03:10:39.112Z,smriti9/create-site,Updating DocTypes for frappe        : [===========                             ] 27%
2026-07-09T03:10:39.112Z,smriti9/create-site,Updating DocTypes for frappe        : [===========                             ] 28%
2026-07-09T03:10:39.112Z,smriti9/create-site,Updating DocTypes for frappe        : [===========                             ] 28%
2026-07-09T03:10:39.112Z,smriti9/create-site,Updating DocTypes for frappe        : [===========                             ] 28%
2026-07-09T03:10:39.112Z,smriti9/create-site,Updating DocTypes for frappe        : [===========                             ] 28%
2026-07-09T03:10:39.112Z,smriti9/create-site,Updating DocTypes for frappe        : [===========                             ] 29%
2026-07-09T03:10:39.112Z,smriti9/create-site,Updating DocTypes for frappe        : [===========                             ] 29%
2026-07-09T03:10:39.112Z,smriti9/create-site,Updating DocTypes for frappe        : [===========                             ] 29%
2026-07-09T03:10:39.112Z,smriti9/create-site,Updating DocTypes for frappe        : [============                            ] 30%
2026-07-09T03:10:39.112Z,smriti9/create-site,Updating DocTypes for frappe        : [============                            ] 30%
2026-07-09T03:10:39.112Z,smriti9/create-site,Updating DocTypes for frappe        : [============                            ] 30%
2026-07-09T03:10:39.112Z,smriti9/create-site,Updating DocTypes for frappe        : [============                            ] 30%
2026-07-09T03:10:39.112Z,smriti9/create-site,Updating DocTypes for frappe        : [============                            ] 31%
2026-07-09T03:10:39.112Z,smriti9/create-site,Updating DocTypes for frappe        : [============                            ] 31%
2026-07-09T03:10:39.112Z,smriti9/create-site,Updating DocTypes for frappe        : [============                            ] 31%
2026-07-09T03:10:39.112Z,smriti9/create-site,Updating DocTypes for frappe        : [============                            ] 32%
2026-07-09T03:10:39.112Z,smriti9/create-site,Updating DocTypes for frappe        : [============                            ] 32%
2026-07-09T03:10:39.112Z,smriti9/create-site,Updating DocTypes for frappe        : [=============                           ] 32%
2026-07-09T03:10:39.112Z,smriti9/create-site,Updating DocTypes for frappe        : [=============                           ] 32%
2026-07-09T03:10:39.112Z,smriti9/create-site,Updating DocTypes for frappe        : [=============                           ] 33%
2026-07-09T03:10:39.112Z,smriti9/create-site,Updating DocTypes for frappe        : [=============                           ] 33%
2026-07-09T03:10:39.112Z,smriti9/create-site,Updating DocTypes for frappe        : [=============                           ] 33%
2026-07-09T03:10:39.112Z,smriti9/create-site,Updating DocTypes for frappe        : [=============                           ] 34%
2026-07-09T03:10:39.112Z,smriti9/create-site,Updating DocTypes for frappe        : [=============                           ] 34%
2026-07-09T03:10:39.112Z,smriti9/create-site,Updating DocTypes for frappe        : [=============                           ] 34%
2026-07-09T03:10:39.112Z,smriti9/create-site,Updating DocTypes for frappe        : [=============                           ] 34%
2026-07-09T03:10:39.112Z,smriti9/create-site,Updating DocTypes for frappe        : [==============                          ] 35%
2026-07-09T03:10:39.112Z,smriti9/create-site,Updating DocTypes for frappe        : [==============                          ] 35%
2026-07-09T03:10:39.112Z,smriti9/create-site,Updating DocTypes for frappe        : [==============                          ] 35%
2026-07-09T03:10:39.112Z,smriti9/create-site,Updating DocTypes for frappe        : [==============                          ] 36%
2026-07-09T03:10:39.112Z,smriti9/create-site,Updating DocTypes for frappe        : [==============                          ] 36%
2026-07-09T03:10:39.112Z,smriti9/create-site,Updating DocTypes for frappe        : [==============                          ] 36%
2026-07-09T03:10:39.112Z,smriti9/create-site,Updating DocTypes for frappe        : [==============                          ] 36%
2026-07-09T03:10:39.112Z,smriti9/create-site,Updating DocTypes for frappe        : [==============                          ] 37%
2026-07-09T03:10:39.112Z,smriti9/create-site,Updating DocTypes for frappe        : [===============                         ] 37%
2026-07-09T03:10:39.112Z,smriti9/create-site,Updating DocTypes for frappe        : [===============                         ] 37%
2026-07-09T03:10:39.112Z,smriti9/create-site,Updating DocTypes for frappe        : [===============                         ] 38%
2026-07-09T03:10:39.112Z,smriti9/create-site,Updating DocTypes for frappe        : [===============                         ] 38%
2026-07-09T03:10:39.112Z,smriti9/create-site,Updating DocTypes for frappe        : [===============                         ] 38%
2026-07-09T03:10:39.112Z,smriti9/create-site,Updating DocTypes for frappe        : [===============                         ] 38%
2026-07-09T03:10:39.112Z,smriti9/create-site,Updating DocTypes for frappe        : [===============                         ] 39%
2026-07-09T03:10:39.112Z,smriti9/create-site,Updating DocTypes for frappe        : [===============                         ] 39%
2026-07-09T03:10:39.112Z,smriti9/create-site,Updating DocTypes for frappe        : [===============                         ] 39%
2026-07-09T03:10:39.112Z,smriti9/create-site,Updating DocTypes for frappe        : [================                        ] 40%
2026-07-09T03:10:39.112Z,smriti9/create-site,Updating DocTypes for frappe        : [================                        ] 40%
2026-07-09T03:10:39.112Z,smriti9/create-site,Updating DocTypes for frappe        : [================                        ] 40%
2026-07-09T03:10:39.112Z,smriti9/create-site,Updating DocTypes for frappe        : [================                        ] 40%
2026-07-09T03:10:39.112Z,smriti9/create-site,Updating DocTypes for frappe        : [================                        ] 41%
2026-07-09T03:10:39.112Z,smriti9/create-site,Updating DocTypes for frappe        : [================                        ] 41%
2026-07-09T03:10:39.112Z,smriti9/create-site,Updating DocTypes for frappe        : [================                        ] 41%
2026-07-09T03:10:39.112Z,smriti9/create-site,Updating DocTypes for frappe        : [================                        ] 42%
2026-07-09T03:10:39.112Z,smriti9/create-site,Updating DocTypes for frappe        : [================                        ] 42%
2026-07-09T03:10:39.112Z,smriti9/create-site,Updating DocTypes for frappe        : [=================                       ] 42%
2026-07-09T03:10:39.112Z,smriti9/create-site,Updating DocTypes for frappe        : [=================                       ] 42%
2026-07-09T03:10:39.112Z,smriti9/create-site,Updating DocTypes for frappe        : [=================                       ] 43%
2026-07-09T03:10:39.112Z,smriti9/create-site,Updating DocTypes for frappe        : [=================                       ] 43%
2026-07-09T03:10:39.112Z,smriti9/create-site,Updating DocTypes for frappe        : [=================                       ] 43%
2026-07-09T03:10:39.112Z,smriti9/create-site,Updating DocTypes for frappe        : [=================                       ] 44%
2026-07-09T03:10:39.112Z,smriti9/create-site,Updating DocTypes for frappe        : [=================                       ] 44%
2026-07-09T03:10:39.112Z,smriti9/create-site,Updating DocTypes for frappe        : [=================                       ] 44%
2026-07-09T03:10:39.112Z,smriti9/create-site,Updating DocTypes for frappe        : [=================                       ] 44%
2026-07-09T03:10:39.112Z,smriti9/create-site,Updating DocTypes for frappe        : [==================                      ] 45%
2026-07-09T03:10:39.112Z,smriti9/create-site,Updating DocTypes for frappe        : [==================                      ] 45%
2026-07-09T03:10:39.112Z,smriti9/create-site,Updating DocTypes for frappe        : [==================                      ] 45%
2026-07-09T03:10:39.112Z,smriti9/create-site,Updating DocTypes for frappe        : [==================                      ] 46%
2026-07-09T03:10:39.112Z,smriti9/create-site,Updating DocTypes for frappe        : [==================                      ] 46%
2026-07-09T03:10:39.112Z,smriti9/create-site,Updating DocTypes for frappe        : [==================                      ] 46%
2026-07-09T03:10:39.112Z,smriti9/create-site,Updating DocTypes for frappe        : [==================                      ] 46%
2026-07-09T03:10:39.112Z,smriti9/create-site,Updating DocTypes for frappe        : [==================                      ] 47%
2026-07-09T03:10:39.112Z,smriti9/create-site,Updating DocTypes for frappe        : [==================                      ] 47%
2026-07-09T03:10:39.112Z,smriti9/create-site,Updating DocTypes for frappe        : [===================                     ] 47%
2026-07-09T03:10:39.112Z,smriti9/create-site,Updating DocTypes for frappe        : [===================                     ] 48%
2026-07-09T03:10:39.112Z,smriti9/create-site,Updating DocTypes for frappe        : [===================                     ] 48%
2026-07-09T03:10:39.112Z,smriti9/create-site,Updating DocTypes for frappe        : [===================                     ] 48%
2026-07-09T03:10:39.112Z,smriti9/create-site,Updating DocTypes for frappe        : [===================                     ] 48%
2026-07-09T03:10:39.112Z,smriti9/create-site,Updating DocTypes for frappe        : [===================                     ] 49%
2026-07-09T03:10:39.112Z,smriti9/create-site,Updating DocTypes for frappe        : [===================                     ] 49%
2026-07-09T03:10:39.112Z,smriti9/create-site,Updating DocTypes for frappe        : [===================                     ] 49%
2026-07-09T03:10:39.112Z,smriti9/create-site,Updating DocTypes for frappe        : [====================                    ] 50%
2026-07-09T03:10:39.112Z,smriti9/create-site,Updating DocTypes for frappe        : [====================                    ] 50%
2026-07-09T03:10:39.112Z,smriti9/create-site,Updating DocTypes for frappe        : [====================                    ] 50%
2026-07-09T03:10:39.112Z,smriti9/create-site,Updating DocTypes for frappe        : [====================                    ] 50%
2026-07-09T03:10:39.112Z,smriti9/create-site,Updating DocTypes for frappe        : [====================                    ] 51%
2026-07-09T03:10:39.112Z,smriti9/create-site,Updating DocTypes for frappe        : [====================                    ] 51%
2026-07-09T03:10:39.112Z,smriti9/create-site,Updating DocTypes for frappe        : [====================                    ] 51%
2026-07-09T03:10:39.112Z,smriti9/create-site,Updating DocTypes for frappe        : [====================                    ] 51%
2026-07-09T03:10:39.112Z,smriti9/create-site,Updating DocTypes for frappe        : [====================                    ] 52%
2026-07-09T03:10:39.112Z,smriti9/create-site,Updating DocTypes for frappe        : [=====================                   ] 52%
2026-07-09T03:10:39.112Z,smriti9/create-site,Updating DocTypes for frappe        : [=====================                   ] 52%
2026-07-09T03:10:39.112Z,smriti9/create-site,Updating DocTypes for frappe        : [=====================                   ] 53%
2026-07-09T03:10:39.112Z,smriti9/create-site,Updating DocTypes for frappe        : [=====================                   ] 53%
2026-07-09T03:10:39.112Z,smriti9/create-site,Updating DocTypes for frappe        : [=====================                   ] 53%
2026-07-09T03:10:39.112Z,smriti9/create-site,Updating DocTypes for frappe        : [=====================                   ] 53%
2026-07-09T03:10:39.112Z,smriti9/create-site,Updating DocTypes for frappe        : [=====================                   ] 54%
2026-07-09T03:10:39.112Z,smriti9/create-site,Updating DocTypes for frappe        : [=====================                   ] 54%
2026-07-09T03:10:39.112Z,smriti9/create-site,Updating DocTypes for frappe        : [=====================                   ] 54%
2026-07-09T03:10:39.112Z,smriti9/create-site,Updating DocT2026-07-09T03:10:39.112579953Z ypes for frappe        : [======================                  ] 55%
2026-07-09T03:10:39.112Z,smriti9/create-site,Updating DocTypes for frappe        : [======================                  ] 55%
2026-07-09T03:10:39.112Z,smriti9/create-site,Updating DocTypes for frappe        : [======================                  ] 55%
2026-07-09T03:10:39.112Z,smriti9/create-site,Updating DocTypes for frappe        : [======================                  ] 55%
2026-07-09T03:10:39.112Z,smriti9/create-site,Updating DocTypes for frappe        : [======================                  ] 56%
2026-07-09T03:10:39.112Z,smriti9/create-site,Updating DocTypes for frappe        : [======================                  ] 56%
2026-07-09T03:10:39.112Z,smriti9/create-site,Updating DocTypes for frappe        : [======================                  ] 56%
2026-07-09T03:10:39.112Z,smriti9/create-site,Updating DocTypes for frappe        : [======================                  ] 57%
2026-07-09T03:10:39.112Z,smriti9/create-site,Updating DocTypes for frappe        : [======================                  ] 57%
2026-07-09T03:10:39.112Z,smriti9/create-site,Updating DocTypes for frappe        : [=======================                 ] 57%
2026-07-09T03:10:39.112Z,smriti9/create-site,Updating DocTypes for frappe        : [=======================                 ] 57%
2026-07-09T03:10:39.112Z,smriti9/create-site,Updating DocTypes for frappe        : [=======================                 ] 58%
2026-07-09T03:10:39.112Z,smriti9/create-site,Updating DocTypes for frappe        : [=======================                 ] 58%
2026-07-09T03:10:39.112Z,smriti9/create-site,Updating DocTypes for frappe        : [=======================                 ] 58%
2026-07-09T03:10:39.112Z,smriti9/create-site,Updating DocTypes for frappe        : [=======================                 ] 59%
2026-07-09T03:10:39.112Z,smriti9/create-site,Updating DocTypes for frappe        : [=======================                 ] 59%
2026-07-09T03:10:39.112Z,smriti9/create-site,Updating DocTypes for frappe        : [=======================                 ] 59%
2026-07-09T03:10:39.112Z,smriti9/create-site,Updating DocTypes for frappe        : [=======================                 ] 59%
2026-07-09T03:10:39.112Z,smriti9/create-site,Updating DocTypes for frappe        : [========================                ] 60%
2026-07-09T03:10:39.112Z,smriti9/create-site,Updating DocTypes for frappe        : [========================                ] 60%
2026-07-09T03:10:39.112Z,smriti9/create-site,Updating DocTypes for frappe        : [========================                ] 60%
2026-07-09T03:10:39.112Z,smriti9/create-site,Updating DocTypes for frappe        : [========================                ] 61%
2026-07-09T03:10:39.112Z,smriti9/create-site,Updating DocTypes for frappe        : [========================                ] 61%
2026-07-09T03:10:39.112Z,smriti9/create-site,Updating DocTypes for frappe        : [========================                ] 61%
2026-07-09T03:10:39.112Z,smriti9/create-site,Updating DocTypes for frappe        : [========================                ] 61%
2026-07-09T03:10:39.112Z,smriti9/create-site,Updating DocTypes for frappe        : [========================                ] 62%
2026-07-09T03:10:39.112Z,smriti9/create-site,Updating DocTypes for frappe        : [=========================               ] 62%
2026-07-09T03:10:39.112Z,smriti9/create-site,Updating DocTypes for frappe        : [=========================               ] 62%
2026-07-09T03:10:39.112Z,smriti9/create-site,Updating DocTypes for frappe        : [=========================               ] 63%
2026-07-09T03:10:39.112Z,smriti9/create-site,Updating DocTypes for frappe        : [=========================               ] 63%
2026-07-09T03:10:39.112Z,smriti9/create-site,Updating DocTypes for frappe        : [=========================               ] 63%
2026-07-09T03:10:39.112Z,smriti9/create-site,Updating DocTypes for frappe        : [=========================               ] 63%
2026-07-09T03:10:39.112Z,smriti9/create-site,Updating DocTypes for frappe        : [=========================               ] 64%
2026-07-09T03:10:39.112Z,smriti9/create-site,Updating DocTypes for frappe        : [=========================               ] 64%
2026-07-09T03:10:39.112Z,smriti9/create-site,Updating DocTypes for frappe        : [=========================               ] 64%
2026-07-09T03:10:39.112Z,smriti9/create-site,Updating DocTypes for frappe        : [==========================              ] 65%
2026-07-09T03:10:39.112Z,smriti9/create-site,Updating DocTypes for frappe        : [==========================              ] 65%
2026-07-09T03:10:39.112Z,smriti9/create-site,Updating DocTypes for frappe        : [==========================              ] 65%
2026-07-09T03:10:39.112Z,smriti9/create-site,Updating DocTypes for frappe        : [==========================              ] 65%
2026-07-09T03:10:39.112Z,smriti9/create-site,Updating DocTypes for frappe        : [==========================              ] 66%
2026-07-09T03:10:39.112Z,smriti9/create-site,Updating DocTypes for frappe        : [==========================              ] 66%
2026-07-09T03:10:39.112Z,smriti9/create-site,Updating DocTypes for frappe        : [==========================              ] 66%
2026-07-09T03:10:39.112Z,smriti9/create-site,Updating DocTypes for frappe        : [==========================              ] 67%
2026-07-09T03:10:39.112Z,smriti9/create-site,Updating DocTypes for frappe        : [==========================              ] 67%
2026-07-09T03:10:39.112Z,smriti9/create-site,Updating DocTypes for frappe        : [===========================             ] 67%
2026-07-09T03:10:39.112Z,smriti9/create-site,Updating DocTypes for frappe        : [===========================             ] 67%
2026-07-09T03:10:39.112Z,smriti9/create-site,Updating DocTypes for frappe        : [===========================             ] 68%
2026-07-09T03:10:39.112Z,smriti9/create-site,Updating DocTypes for frappe        : [===========================             ] 68%
2026-07-09T03:10:39.112Z,smriti9/create-site,Updating DocTypes for frappe        : [===========================             ] 68%
2026-07-09T03:10:39.112Z,smriti9/create-site,Updating DocTypes for frappe        : [===========================             ] 69%
2026-07-09T03:10:39.112Z,smriti9/create-site,Updating DocTypes for frappe        : [===========================             ] 69%
2026-07-09T03:10:39.112Z,smriti9/create-site,Updating DocTypes for frappe        : [===========================             ] 69%
2026-07-09T03:10:39.112Z,smriti9/create-site,Updating DocTypes for frappe        : [===========================             ] 69%
2026-07-09T03:10:39.112Z,smriti9/create-site,Updating DocTypes for frappe        : [============================            ] 70%
2026-07-09T03:10:39.112Z,smriti9/create-site,Updating DocTypes for frappe        : [============================            ] 70%
2026-07-09T03:10:39.112Z,smriti9/create-site,Updating DocTypes for frappe        : [============================            ] 70%
2026-07-09T03:10:39.112Z,smriti9/create-site,Updating DocTypes for frappe        : [============================            ] 71%
2026-07-09T03:10:39.112Z,smriti9/create-site,Updating DocTypes for frappe        : [============================            ] 71%
2026-07-09T03:10:39.112Z,smriti9/create-site,Updating DocTypes for frappe        : [============================            ] 71%
2026-07-09T03:10:39.112Z,smriti9/create-site,Updating DocTypes for frappe        : [============================            ] 71%
2026-07-09T03:10:39.112Z,smriti9/create-site,Updating DocTypes for frappe        : [============================            ] 72%
2026-07-09T03:10:39.112Z,smriti9/create-site,Updating DocTypes for frappe        : [============================            ] 72%
2026-07-09T03:10:39.112Z,smriti9/create-site,Updating DocTypes for frappe        : [=============================           ] 72%
2026-07-09T03:10:39.112Z,smriti9/create-site,Updating DocTypes for frappe        : [=============================           ] 73%
2026-07-09T03:10:39.112Z,smriti9/create-site,Updating DocTypes for frappe        : [=============================           ] 73%
2026-07-09T03:10:39.112Z,smriti9/create-site,Updating DocTypes for frappe        : [=============================           ] 73%
2026-07-09T03:10:39.112Z,smriti9/create-site,Updating DocTypes for frappe        : [=============================           ] 73%
2026-07-09T03:10:39.112Z,smriti9/create-site,Updating DocTypes for frappe        : [=============================           ] 74%
2026-07-09T03:10:39.112Z,smriti9/create-site,Updating DocTypes for frappe        : [=============================           ] 74%
2026-07-09T03:10:39.112Z,smriti9/create-site,Updating DocTypes for frappe        : [=============================           ] 74%
2026-07-09T03:10:39.112Z,smriti9/create-site,Updating DocTypes for frappe        : [==============================          ] 75%
2026-07-09T03:10:39.112Z,smriti9/create-site,Updating DocTypes for frappe        : [==============================          ] 75%
2026-07-09T03:10:39.112Z,smriti9/create-site,Updating DocTypes for frappe        : [==============================          ] 75%
2026-07-09T03:10:39.112Z,smriti9/create-site,Updating DocTypes for frappe        : [==============================          ] 75%
2026-07-09T03:10:39.112Z,smriti9/create-site,Updating DocTypes for frappe        : [==============================          ] 76%
2026-07-09T03:10:39.112Z,smriti9/create-site,Updating DocTypes for frappe        : [==============================          ] 76%
2026-07-09T03:10:39.112Z,smriti9/create-site,Updating DocTypes for frappe        : [==============================          ] 76%
2026-07-09T03:10:39.112Z,smriti9/create-site,Updating DocTypes for frappe        : [==============================          ] 76%
2026-07-09T03:10:39.112Z,smriti9/create-site,Updating DocTypes for frappe        : [==============================          ] 77%
2026-07-09T03:10:39.112Z,smriti9/create-site,Updating DocTypes for frappe        : [===============================         ] 77%
2026-07-09T03:10:39.112Z,smriti9/create-site,Updating DocTypes for frappe        : [===============================         ] 77%
2026-07-09T03:10:39.112Z,smriti9/create-site,Updating DocTypes for frappe        : [===============================         ] 78%
2026-07-09T03:10:39.112Z,smriti9/create-site,Updating DocTypes for frappe        : [===============================         ] 78%
2026-07-09T03:10:39.112Z,smriti9/create-site,Updating DocTypes for frappe        : [===============================         ] 78%
2026-07-09T03:10:39.112Z,smriti9/create-site,Updating DocTypes for frappe        : [===============================         ] 78%
2026-07-09T03:10:39.112Z,smriti9/create-site,Updating DocTypes for frappe        : [===============================         ] 79%
2026-07-09T03:10:39.112Z,smriti9/create-site,Updating DocTypes for frappe        : [===============================         ] 79%
2026-07-09T03:10:39.112Z,smriti9/create-site,Updating DocTypes for frappe        : [===============================         ] 79%
2026-07-09T03:10:39.112Z,smriti9/create-site,Updating DocTypes for frappe        : [================================        ] 80%
2026-07-09T03:10:39.112Z,smriti9/create-site,Updating DocTypes for frappe        : [================================        ] 80%
2026-07-09T03:10:39.112Z,smriti9/create-site,Updating DocTypes for frappe        : [================================        ] 80%
2026-07-09T03:10:39.112Z,smriti9/create-site,Updating DocTypes for frappe        : [================================        ] 80%
2026-07-09T03:10:39.112Z,smriti9/create-site,Updating DocTypes for frappe        : [================================        ] 81%
2026-07-09T03:10:39.112Z,smriti9/create-site,Updating DocTypes for frappe        : [================================        ] 81%
2026-07-09T03:10:39.112Z,smriti9/create-site,Updating DocTypes for frappe        : [================================        ] 81%
2026-07-09T03:10:39.112Z,smriti9/create-site,Updating DocTypes for frappe        : [================================        ] 82%
2026-07-09T03:10:39.112Z,smriti9/create-site,Updating DocTypes for frappe        : [================================        ] 82%
2026-07-09T03:10:39.112Z,smriti9/create-site,Updating DocTypes for frappe        : [=================================       ] 82%
2026-07-09T03:10:39.112Z,smriti9/create-site,Updating DocTypes for frappe        : [=================================       ] 82%
2026-07-09T03:10:39.112Z,smriti9/create-site,Updating DocTypes for frappe        : [=================================       ] 83%
2026-07-09T03:10:39.112Z,smriti9/create-site,Updating DocTypes for frappe        : [=================================       ] 83%
2026-07-09T03:10:39.112Z,smriti9/create-site,Updating DocTypes for frappe        : [=================================       ] 83%
2026-07-09T03:10:39.112Z,smriti9/create-site,Updating DocTypes for frappe        : [=================================       ] 84%
2026-07-09T03:10:39.112Z,smriti9/create-site,Updating DocTypes for frappe        : [=================================       ] 84%
2026-07-09T03:10:39.112Z,smriti9/create-site,Updating DocTypes for frappe        : [=================================       ] 84%
2026-07-09T03:10:39.112Z,smriti9/create-site,Updating DocTypes for frappe        : [=================================       ] 84%
2026-07-09T03:10:39.112Z,smriti9/create-site,Updating DocTypes for frappe        : [==================================      ] 85%
2026-07-09T03:10:39.112Z,smriti9/create-site,Updating DocTypes for frappe        : [==================================      ] 85%
2026-07-09T03:10:39.112Z,smriti9/create-site,Updating DocTypes for frappe        : [==================================      ] 85%
2026-07-09T03:10:39.112Z,smriti9/create-site,Updating DocTypes for frappe        : [==================================      ] 86%
2026-07-09T03:10:39.112Z,smriti9/create-site,Updating DocTypes for frappe        : [==================================      ] 86%
2026-07-09T03:10:39.112Z,smriti9/create-site,Updating DocTypes for frappe        : [==================================      ] 86%
2026-07-09T03:10:39.112Z,smriti9/create-site,Updating DocTypes for frappe        : [==================================      ] 86%
2026-07-09T03:10:39.112Z,smriti9/create-site,Updating DocTypes for frappe        : [==================================      ] 87%
2026-07-09T03:10:39.112Z,smriti9/create-site,Updating DocTypes for frappe        : [===================================     ] 87%
2026-07-09T03:10:39.112Z,smriti9/create-site,Updating DocTypes for frappe        : [===================================     ] 87%
2026-07-09T03:10:39.112Z,smriti9/create-site,Updating DocTypes for frappe        : [===================================     ] 88%
2026-07-09T03:10:39.112Z,smriti9/create-site,Updating DocTypes for frappe        : [===================================     ] 88%
2026-07-09T03:10:39.112Z,smriti9/create-site,Updating DocTypes for frappe        : [===================================     ] 88%
2026-07-09T03:10:39.112Z,smriti9/create-site,Updating DocTypes for frappe        : [===================================     ] 88%
2026-07-09T03:10:39.112Z,smriti9/create-site,Updating DocTypes for frappe        : [===================================     ] 89%
2026-07-09T03:10:39.112Z,smriti9/create-site,Updating DocTypes for frappe        : [===================================     ] 89%
2026-07-09T03:10:39.112Z,smriti9/create-site,Updating DocTypes for frappe        : [===================================     ] 89%
2026-07-09T03:10:39.112Z,smriti9/create-site,Updating DocTypes for frappe        : [====================================    ] 90%
2026-07-09T03:10:39.112Z,smriti9/create-site,Updating DocTypes for frappe        : [====================================    ] 90%
2026-07-09T03:10:39.112Z,smriti9/create-site,Updating DocTypes for frappe        : [====================================    ] 90%
2026-07-09T03:10:39.112Z,smriti9/create-site,Updating DocTypes for frappe        : [====================================    ] 90%
2026-07-09T03:10:39.112Z,smriti9/create-site,Updating DocTypes for frappe        : [====================================    ] 91%
2026-07-09T03:10:39.112Z,smriti9/create-site,Updating DocTypes for frappe        : [====================================    ] 91%
2026-07-09T03:10:39.112Z,smriti9/create-site,Updating DocTypes for frappe        : [====================================    ] 91%
2026-07-09T03:10:39.112Z,smriti9/create-site,Updating DocTypes for frappe        : [====================================    ] 92%
2026-07-09T03:10:39.112Z,smriti9/create-site,Updating DocTypes for frappe        : [====================================    ] 92%
2026-07-09T03:10:39.112Z,smriti9/create-site,Updating DocTypes for frappe        : [=====================================   ] 92%
2026-07-09T03:10:39.112Z,smriti9/create-site,Updating DocTypes for frappe        : [=====================================   ] 92%
2026-07-09T03:10:39.112Z,smriti9/create-site,Updating DocTypes for frappe        : [=====================================   ] 93%
2026-07-09T03:10:39.112Z,smriti9/create-site,Updating DocTypes for frappe        : [=====================================   ] 93%
2026-07-09T03:10:39.112Z,smriti9/create-site,Updating DocTypes for frappe        : [=====================================   ] 93%
2026-07-09T03:10:39.112Z,smriti9/create-site,Updating DocTypes for frappe        : [=====================================   ] 94%
2026-07-09T03:10:39.112Z,smriti9/create-site,Updating DocTypes for frappe        : [=====================================   ] 94%
2026-07-09T03:10:39.112Z,smriti9/create-site,Updating DocTypes for frappe        : [=====================================   ] 94%
2026-07-09T03:10:39.112Z,smriti9/create-site,Updating DocTypes for frappe        : [=====================================   ] 94%
2026-07-09T03:10:39.112Z,smriti9/create-site,Updating DocTypes for frappe        : [======================================  ] 95%
2026-07-09T03:10:39.112Z,smriti9/create-site,Updating DocTypes for frappe        : [======================================  ] 95%
2026-07-09T03:10:39.112Z,smriti9/create-site,Updating DocTypes for frappe        : [======================================  ] 95%
2026-07-09T03:10:39.112Z,smriti9/create-site,Updating DocTypes for frappe        : [======================================  ] 96%
2026-07-09T03:10:39.112Z,smriti9/create-site,Updating DocTypes for frappe        : [======================================  ] 96%
2026-07-09T03:10:39.112Z,smriti9/create-site,Updating DocTypes for frappe        : [======================================  ] 96%
2026-07-09T03:10:39.112Z,smriti9/create-site,Updating DocTypes for frappe        : [======================================  ] 96%
2026-07-09T03:10:39.112Z,smriti9/create-site,Updating DocTypes for frappe        : [======================================  ] 97%
2026-07-09T03:10:39.112Z,smriti9/create-site,Updating DocTypes for frappe        : [======================================  ] 97%
2026-07-09T03:10:39.112Z,smriti9/create-site,Updating DocTypes for frappe        : [======================================= ] 97%
2026-07-09T03:10:39.112Z,smriti9/create-site,Updating DocTypes for frappe        : [======================================= ] 98%
2026-07-09T03:10:39.112Z,smriti9/create-site,Updating DocTypes for frappe        : [======================================= ] 98%
2026-07-09T03:10:39.112Z,smriti9/create-site,Updating DocTypes for frappe        : [======================================= ] 98%
2026-07-09T03:10:39.112Z,smriti9/create-site,Updating DocTypes for frappe        : [======================================= ] 98%
2026-07-09T03:10:39.112Z,smriti9/create-site,Updating DocTypes for frappe        : [======================================= ] 99%
2026-07-09T03:10:39.112Z,smriti9/create-site,Updating DocTypes for frappe        : [======================================= ] 99%
2026-07-09T03:10:39.112Z,smriti9/create-site,Updating DocTypes for frappe        : [======================================= ] 99%
2026-07-09T03:10:39.112Z,smriti9/create-site,Updating DocTypes for frappe        : [========================================] 100%
2026-07-09T03:10:59.233Z,smriti9/create-site,Creating Workspace Sidebars
2026-07-09T03:10:59.233Z,smriti9/create-site,Creating Desktop Icons
2026-07-09T03:10:59.233Z,smriti9/create-site,Updating Dashboard for frappe
2026-07-09T03:10:59.233Z,smriti9/create-site,
2026-07-09T03:10:59.233Z,smriti9/create-site,Installing erpnext...
2026-07-09T03:11:17.769Z,smriti9/create-site,
2026-07-09T03:11:17.769Z,smriti9/create-site,Updating DocTypes for erpnext       : [                                        ] 0%
2026-07-09T03:11:17.769Z,smriti9/create-site,Updating DocTypes for erpnext       : [                                        ] 0%
2026-07-09T03:11:17.769Z,smriti9/create-site,Updating DocTypes for erpnext       : [                                        ] 0%
2026-07-09T03:11:17.769Z,smriti9/create-site,Updating DocTypes for erpnext       : [                                        ] 0%
2026-07-09T03:11:17.769Z,smriti9/create-site,Updating DocTypes for erpnext       : [                                        ] 0%
2026-07-09T03:11:17.769Z,smriti9/create-site,Updating DocTypes for erpnext       : [                                        ] 0%
2026-07-09T03:11:17.769Z,smriti9/create-site,Updating DocTypes for erpnext       : [                                        ] 0%
2026-07-09T03:11:17.769Z,smriti9/create-site,Updating DocTypes for erpnext       : [                                        ] 0%
2026-07-09T03:11:17.769Z,smriti9/create-site,Updating DocTypes for erpnext       : [                                        ] 1%
2026-07-09T03:11:17.769Z,smriti9/create-site,Updating DocTypes for erpnext       : [                                        ] 1%
2026-07-09T03:11:17.769Z,smriti9/create-site,Updating DocTypes for erpnext       : [                                        ] 1%
2026-07-09T03:11:17.769Z,smriti9/create-site,Updating DocTypes for erpnext       : [                                        ] 1%
2026-07-09T03:11:17.769Z,smriti9/create-site,Updating DocTypes for erpnext       : [                                        ] 1%
2026-07-09T03:11:17.769Z,smriti9/create-site,Updating DocTypes for erpnext       : [                                        ] 1%
2026-07-09T03:11:17.769Z,smriti9/create-site,Updating DocTypes for erpnext       : [                                        ] 1%
2026-07-09T03:11:17.769Z,smriti9/create-site,Updating DocTypes for erpnext       : [                                        ] 1%
2026-07-09T03:11:17.769Z,smriti9/create-site,Updating DocTypes for erpnext       : [                                        ] 1%
2026-07-09T03:11:17.769Z,smriti9/create-site,Updating DocTypes for erpnext       : [                                        ] 2%
2026-07-09T03:11:17.769Z,smriti9/create-site,Updating DocTypes for erpnext       : [                                        ] 2%
2026-07-09T03:11:17.769Z,smriti9/create-site,Updating DocTypes for erpnext       : [                                        ] 2%
2026-07-09T03:11:17.769Z,smriti9/create-site,Updating DocTypes for erpnext       : [                                        ] 2%
2026-07-09T03:11:17.769Z,smriti9/create-site,Updating DocTypes for erpnext       : [                                        ] 2%
2026-07-09T03:11:17.769Z,smriti9/create-site,Updating DocTypes for erpnext       : [=                                       ] 2%
2026-07-09T03:11:17.769Z,smriti9/create-site,Updating DocTypes for erpnext       : [=                                       ] 2%
2026-07-09T03:11:17.769Z,smriti9/create-site,Updating DocTypes for erpnext       : [=                                       ] 2%
2026-07-09T03:11:17.769Z,smriti9/create-site,Updating DocTypes for erpnext       : [=                                       ] 2%
2026-07-09T03:11:17.769Z,smriti9/create-site,Updating DocTypes for erpnext       : [=                                       ] 3%
2026-07-09T03:11:17.769Z,smriti9/create-site,Updating DocTypes for erpnext       : [=                                       ] 3%
2026-07-09T03:11:17.769Z,smriti9/create-site,Updating DocTypes for erpnext       : [=                                       ] 3%
2026-07-09T03:11:17.769Z,smriti9/create-site,Updating DocTypes for erpnext       : [=                                       ] 3%
2026-07-09T03:11:17.769Z,smriti9/create-site,Updating DocTypes for erpnext       : [=                                       ] 3%
2026-07-09T03:11:17.769Z,smriti9/create-site,Updating DocTypes for erpnext       : [=                                       ] 3%
2026-07-09T03:11:17.769Z,smriti9/create-site,Updating DocTypes for erpnext       : [=                                       ] 3%
2026-07-09T03:11:17.769Z,smriti9/create-site,Updating DocTypes for erpnext       : [=                                       ] 3%
2026-07-09T03:11:17.769Z,smriti9/create-site,Updating DocTypes for erpnext       : [=                                       ] 3%
2026-07-09T03:11:17.769Z,smriti9/create-site,Updating DocTypes for erpnext       : [=                                       ] 4%
2026-07-09T03:11:17.769Z,smriti9/create-site,Updating DocTypes for erpnext       : [=                                       ] 4%
2026-07-09T03:11:17.769Z,smriti9/create-site,Updating DocTypes for erpnext       : [=                                       ] 4%
2026-07-09T03:11:17.769Z,smriti9/create-site,Updating DocTypes for erpnext       : [=                                       ] 4%
2026-07-09T03:11:17.769Z,smriti9/create-site,Updating DocTypes for erpnext       : [=                                       ] 4%
2026-07-09T03:11:17.769Z,smriti9/create-site,Updating DocTypes for erpnext       : [=                                       ] 4%
2026-07-09T03:11:17.769Z,smriti9/create-site,Updating DocTypes for erpnext       : [=                                       ] 4%
2026-07-09T03:11:17.769Z,smriti9/create-site,Updating DocTypes for erpnext       : [=                                       ] 4%
2026-07-09T03:11:17.769Z,smriti9/create-site,Updating DocTypes for erpnext       : [=                                       ] 4%
2026-07-09T03:11:17.769Z,smriti9/create-site,Updating DocTypes for erpnext       : [==                                      ] 5%
2026-07-09T03:11:17.769Z,smriti9/create-site,Updating DocTypes for erpnext       : [==                                      ] 5%
2026-07-09T03:11:17.769Z,smriti9/create-site,Updating DocTypes for erpnext       : [==                                      ] 5%
2026-07-09T03:11:17.769Z,smriti9/create-site,Updating DocTypes for erpnext       : [==                                      ] 5%
2026-07-09T03:11:17.769Z,smriti9/create-site,Updating DocTypes for erpnext       : [==                                      ] 5%
2026-07-09T03:11:17.769Z,smriti9/create-site,Updating DocTypes for erpnext       : [==                                      ] 5%
2026-07-09T03:11:17.769Z,smriti9/create-site,Updating DocTypes for erpnext       : [==                                      ] 5%
2026-07-09T03:11:17.769Z,smriti9/create-site,Updating DocTypes for erpnext       : [==                                      ] 5%
2026-07-09T03:11:17.769Z,smriti9/create-site,Updating DocTypes for erpnext       : [==                                      ] 5%
2026-07-09T03:11:17.769Z,smriti9/create-site,Updating DocTypes for erpnext       : [==                                      ] 6%
2026-07-09T03:11:17.769Z,smriti9/create-site,Updating DocTypes for erpnext       : [==                                      ] 6%
2026-07-09T03:11:17.769Z,smriti9/create-site,Updating DocTypes for erpnext       : [==                                      ] 6%
2026-07-09T03:11:17.769Z,smriti9/create-site,Updating DocTypes for erpnext       : [==                                      ] 6%
2026-07-09T03:11:17.769Z,smriti9/create-site,Updating DocTypes for erpnext       : [==                                      ] 6%
2026-07-09T03:11:17.769Z,smriti9/create-site,Updating DocTypes for erpnext       : [==                                      ] 6%
2026-07-09T03:11:17.769Z,smriti9/create-site,Updating DocTypes for erpnext       : [==                                      ] 6%
2026-07-09T03:11:17.769Z,smriti9/create-site,Updating DocTypes for erpnext       : [==                                      ] 6%
2026-07-09T03:11:17.769Z,smriti9/create-site,Updating DocTypes for erpnext       : [==                                      ] 6%
2026-07-09T03:11:17.769Z,smriti9/create-site,Updating DocTypes for erpnext       : [==                                      ] 7%
2026-07-09T03:11:17.769Z,smriti9/create-site,Updating DocTypes for erpnext       : [==                                      ] 7%
2026-07-09T03:11:17.769Z,smriti9/create-site,Updating DocTypes for erpnext       : [==                                      ] 7%
2026-07-09T03:11:17.769Z,smriti9/create-site,Updating DocTypes for erpnext       : [==                                      ] 7%
2026-07-09T03:11:17.769Z,smriti9/create-site,Updating DocTypes for erpnext       : [===                                     ] 7%
2026-07-09T03:11:17.769Z,smriti9/create-site,Updating DocTypes for erpnext       : [===                                     ] 7%
2026-07-09T03:11:17.769Z,smriti9/create-site,Updating DocTypes for erpnext       : [===                                     ] 7%
2026-07-09T03:11:17.769Z,smriti9/create-site,Updating DocTypes for erpnext       : [===                                     ] 7%
2026-07-09T03:11:17.769Z,smriti9/create-site,Updating DocTypes for erpnext       : [===                                     ] 7%
2026-07-09T03:11:17.769Z,smriti9/create-site,Updating DocTypes for erpnext       : [===                                     ] 8%
2026-07-09T03:11:17.769Z,smriti9/create-site,Updating DocTypes for erpnext       : [===                                     ] 8%
2026-07-09T03:11:17.769Z,smriti9/create-site,Updating DocTypes for erpnext       : [===                                     ] 8%
2026-07-09T03:11:17.769Z,smriti9/create-site,Updating DocTypes for erpnext       : [===                                     ] 8%
2026-07-09T03:11:17.769Z,smriti9/create-site,Updating DocTypes for erpnext       : [===                                     ] 8%
2026-07-09T03:11:17.769Z,smriti9/create-site,Updating DocTypes for erpnext       : [===                                     ] 8%
2026-07-09T03:11:17.769Z,smriti9/create-site,Updating DocTypes for erpnext       : [===                                     ] 8%
2026-07-09T03:11:17.769Z,smriti9/create-site,Updating DocTypes for erpnext       : [===                                     ] 8%
2026-07-09T03:11:17.769Z,smriti9/create-site,Updating DocTypes for erpnext       : [===                                     ] 8%
2026-07-09T03:11:17.769Z,smriti9/create-site,Updating DocTypes for erpnext       : [===                                     ] 9%
2026-07-09T03:11:17.769Z,smriti9/create-site,Updating DocTypes for erpnext       : [===                                     ] 9%
2026-07-09T03:11:17.769Z,smriti9/create-site,Updating DocTypes for erpnext       : [===                                     ] 9%
2026-07-09T03:11:17.769Z,smriti9/create-site,Updating DocTypes for erpnext       : [===                                     ] 9%
2026-07-09T03:11:17.769Z,smriti9/create-site,Updating DocTypes for erpnext       : [===                                     ] 9%
2026-07-09T03:11:17.769Z,smriti9/create-site,Updating DocTypes for erpnext       : [===                                     ] 9%
2026-07-09T03:11:17.769Z,smriti9/create-site,Updating DocTypes for erpnext       : [===                                     ] 9%
2026-07-09T03:11:17.769Z,smriti9/create-site,Updating DocTypes for erpnext       : [===                                     ] 9%
2026-07-09T03:11:17.769Z,smriti9/create-site,Updating DocTypes for erpnext       : [====                                    ] 10%
2026-07-09T03:11:17.769Z,smriti9/create-site,Updating DocTypes for erpnext       : [====                                    ] 10%
2026-07-09T03:11:17.769Z,smriti9/create-site,Updating DocTypes for erpnext       : [====                                    ] 10%
2026-07-09T03:11:17.769Z,smriti9/create-site,Updating DocTypes for erpnext       : [====                                    ] 10%
2026-07-09T03:11:17.769Z,smriti9/create-site,Updating DocTypes for erpnext       : [====                                    ] 10%
2026-07-09T03:11:17.769Z,smriti9/create-site,Updating DocTypes for erpnext       : [====                                    ] 10%
2026-07-09T03:11:17.769Z,smriti9/create-site,Updating DocTypes for erpnext       : [====                                    ] 10%
2026-07-09T03:11:17.769Z,smriti9/create-site,Updating DocTypes for erpnext       : [====                                    ] 10%
2026-07-09T03:11:17.769Z,smriti9/create-site,Updating DocTypes for erpnext       : [====                                    ] 10%
2026-07-09T03:11:17.769Z,smriti9/create-site,Updating DocTypes for erpnext       : [====                                    ] 11%
2026-07-09T03:11:17.769Z,smriti9/create-site,Updating DocTypes for erpnext       : [====                                    ] 11%
2026-07-09T03:11:17.769Z,smriti9/create-site,Updating DocTypes for erpnext       : [====                                    ] 11%
2026-07-09T03:11:17.769Z,smriti9/create-site,Updating DocTypes for erpnext       : [====                                    ] 11%
2026-07-09T03:11:17.769Z,smriti9/create-site,Updating DocTypes for erpnext       : [====                                    ] 11%
2026-07-09T03:11:17.769Z,smriti9/create-site,Updating DocTypes for erpnext       : [====                                    ] 11%
2026-07-09T03:11:17.769Z,smriti9/create-site,Updating DocTypes for erpnext       : [====                                    ] 11%
2026-07-09T03:11:17.769Z,smriti9/create-site,Updating DocTypes for erpnext       : [====                                    ] 11%
2026-07-09T03:11:17.769Z,smriti9/create-site,Updating DocTypes for erpnext       : [====                                    ] 11%
2026-07-09T03:11:17.769Z,smriti9/create-site,Updating DocTypes for erpnext       : [====                                    ] 12%
2026-07-09T03:11:17.769Z,smriti9/create-site,Updating DocTypes for erpnext       : [====                                    ] 12%
2026-07-09T03:11:17.769Z,smriti9/create-site,Updating DocTypes for erpnext       : [====                                    ] 12%
2026-07-09T03:11:17.769Z,smriti9/create-site,Updating DocTypes for erpnext       : [====                                    ] 12%
2026-07-09T03:11:17.769Z,smriti9/create-site,Updating DocTypes for erpnext       : [====                                    ] 12%
2026-07-09T03:11:17.769Z,smriti9/create-site,Updating DocTypes for erpnext       : [=====                                   ] 12%
2026-07-09T03:11:17.769Z,smriti9/create-site,Updating DocTypes for erpnext       : [=====                                   ] 12%
2026-07-09T03:11:17.769Z,smriti9/create-site,Updating DocTypes for erpnext       : [=====                                   ] 12%
2026-07-09T03:11:17.769Z,smriti9/create-site,Updating DocTypes for erpnext       : [=====                                   ] 12%
2026-07-09T03:11:17.769Z,smriti9/create-site,Updating DocTypes for erpnext       : [=====                                   ] 13%
2026-07-09T03:11:17.769Z,smriti9/create-site,Updating DocTypes for erpnext       : [=====                                   ] 13%
2026-07-09T03:11:17.769Z,smriti9/create-site,Updating DocTypes for erpnext       : [=====                                   ] 13%
2026-07-09T03:11:17.769Z,smriti9/create-site,Updating DocTypes for erpnext       : [=====                                   ] 13%
2026-07-09T03:11:17.769Z,smriti9/create-site,Updating DocTypes for erpnext       : [=====                                   ] 13%
2026-07-09T03:11:17.769Z,smriti9/create-site,Updating DocTypes for erpnext       : [=====                                   ] 13%
2026-07-09T03:11:17.769Z,smriti9/create-site,Updating DocTypes for erpnext       : [=====                                   ] 13%
2026-07-09T03:11:17.769Z,smriti9/create-site,Updating DocTypes for erpnext       : [=====                                   ] 13%
2026-07-09T03:11:17.769Z,smriti9/create-site,Updating DocTypes for erpnext       : [=====                                   ] 13%
2026-07-09T03:11:17.769Z,smriti9/create-site,Updating DocTypes for erpnext       : [=====                                   ] 14%
2026-07-09T03:11:17.769Z,smriti9/create-site,Updating DocTypes for erpnext       : [=====                                   ] 14%
2026-07-09T03:11:17.769Z,smriti9/create-site,Updating DocTypes for erpnext       : [=====                                   ] 14%
2026-07-09T03:11:17.769Z,smriti9/create-site,Updating DocTypes for erpnext       : [=====                                   ] 14%
2026-07-09T03:11:17.769Z,smriti9/create-site,Updating DocTypes for erpnext       : [=====                                   ] 14%
2026-07-09T03:11:17.769Z,smriti9/create-site,Updating DocTypes for erpnext       : [=====                                   ] 14%
2026-07-09T03:11:17.769Z,smriti9/create-site,Updating DocTypes for erpnext       : [=====                                   ] 14%
2026-07-09T03:11:17.769Z,smriti9/create-site,Updating DocTypes for erpnext       : [=====                                   ] 14%
2026-07-09T03:11:17.769Z,smriti9/create-site,Updating DocTypes for erpnext       : [=====                                   ] 14%
2026-07-09T03:11:17.769Z,smriti9/create-site,Updating DocTypes for erpnext       : [======                                  ] 15%
2026-07-09T03:11:17.769Z,smriti9/create-site,Updating DocTypes for erpnext       : [======                                  ] 15%
2026-07-09T03:11:17.769Z,smriti9/create-site,Updating DocTypes for erpnext       : [======                                  ] 15%
2026-07-09T03:11:17.769Z,smriti9/create-site,Updating DocTypes for erpnext       : [======                                  ] 15%
2026-07-09T03:11:17.769Z,smriti9/create-site,Updating DocTypes for erpnext       : [======                                  ] 15%
2026-07-09T03:11:17.769Z,smriti9/create-site,Updating DocTypes for erpnext       : [======                                  ] 15%
2026-07-09T03:11:17.769Z,smriti9/create-site,Updating DocTypes for erpnext       : [======                                  ] 15%
2026-07-09T03:11:17.769Z,smriti9/create-site,Updating DocTypes for erpnext       : [======                                  ] 15%
2026-07-09T03:11:17.769Z,smriti9/create-site,Updating DocTypes for erpnext       : [======                                  ] 15%
2026-07-09T03:11:17.769Z,smriti9/create-site,Updating DocTypes for erpnext       : [======                                  ] 16%
2026-07-09T03:11:17.769Z,smriti9/create-site,Updating DocTypes for erpnext       : [======                                  ] 16%
2026-07-09T03:11:17.769Z,smriti9/create-site,Updating DocTypes for erpnext       : [======                                  ] 16%
2026-07-09T03:11:17.769Z,smriti9/create-site,Updating DocTypes for erpnext       : [======                                  ] 16%
2026-07-09T03:11:17.769Z,smriti9/create-site,Updating DocTypes for erpnext       : [======                                  ] 16%
2026-07-09T03:11:17.769Z,smriti9/create-site,Updating DocTypes for erpnext       : [======                                  ] 16%
2026-07-09T03:11:17.769Z,smriti9/create-site,Updating DocTypes for erpnext       : [======                                  ] 16%
2026-07-09T03:11:17.769Z,smriti9/create-site,Updating DocTypes for erpnext       : [======                                  ] 16%
2026-07-09T03:11:17.769Z,smriti9/create-site,Updating DocTypes for erpnext       : [======                                  ] 16%
2026-07-09T03:11:17.769Z,smriti9/create-site,Updating DocTypes for erpnext       : [======                                  ] 17%
2026-07-09T03:11:17.769Z,smriti9/create-site,Updating DocTypes for erpnext       : [======                                  ] 17%
2026-07-09T03:11:17.769Z,smriti9/create-site,Updating DocTypes for erpnext       : [======                                  ] 17%
2026-07-09T03:11:17.769Z,smriti9/create-site,Updating DocTypes for erpnext       : [======                                  ] 17%
2026-07-09T03:11:17.769Z,smriti9/create-site,Updating DocTypes for erpnext       : [=======                                 ] 17%
2026-07-09T03:11:17.769Z,smriti9/create-site,Updating DocTypes for erpnext       : [=======                                 ] 17%
2026-07-09T03:11:17.769Z,smriti9/create-site,Updating DocTypes for erpnext       : [=======                                 ] 17%
2026-07-09T03:11:17.769Z,smriti9/create-site,Updating DocTypes for erpnext       : [=======                                 ] 17%
2026-07-09T03:11:17.769Z,smriti9/create-site,Updating DocTypes for erpnext       : [=======                                 ] 17%
2026-07-09T03:11:17.769Z,smriti9/create-site,Updating DocTypes for erpnext       : [=======                                 ] 18%
2026-07-09T03:11:17.769Z,smriti9/create-site,Updating DocTypes for erpnext       : [=======                                 ] 18%
2026-07-09T03:11:17.769Z,smriti9/create-site,Updating DocTypes for erpnext       : [=======                                 ] 18%
2026-07-09T03:11:17.769Z,smriti9/create-site,Updating DocTypes for erpnext       : [=======                                 ] 18%
2026-07-09T03:11:17.769Z,smriti9/create-site,Updating DocTypes for erpnext       : [=======                                 ] 18%
2026-07-09T03:11:17.769Z,smriti9/create-site,Updating DocTypes for erpnext       : [=======                                 ] 18%
2026-07-09T03:11:17.769Z,smriti9/create-site,Updating DocTypes for erpnext       : [=======                                 ] 18%
2026-07-09T03:11:17.769Z,smriti9/create-site,Updating DocTypes for erpnext       : [=======                                 ] 18%
2026-07-09T03:11:17.769Z,smriti9/create-site,Updating DocTypes for erpnext       : [=======                                 ] 18%
2026-07-09T03:11:17.769Z,smriti9/create-site,Updating DocTypes for erpnext       : [=======                                 ] 19%
2026-07-09T03:11:17.769Z,smriti9/create-site,Updating DocTypes for erpnext       : [=======                                 ] 19%
2026-07-09T03:11:17.769Z,smriti9/create-site,Updating DocTypes for erpnext       : [=======                                 ] 19%
2026-07-09T03:11:17.769Z,smriti9/create-site,Updating DocTypes for erpnext       : [=======                                 ] 19%
2026-07-09T03:11:17.769Z,smriti9/create-site,Updating DocTypes for erpnext       : [=======                                 ] 19%
2026-07-09T03:11:17.769Z,smriti9/create-site,Updating DocTypes for erpnext       : [=======                                 ] 19%
2026-07-09T03:11:17.769Z,smriti9/create-site,Updating DocTypes for erpnext       : [=======                                 ] 19%
2026-07-09T03:11:17.769Z,smriti9/create-site,Updating DocTypes for erpnext       : [=======                                 ] 19%
2026-07-09T03:11:17.769Z,smriti9/create-site,Updating DocTypes for erpnext       : [========                                ] 20%
2026-07-09T03:11:17.769Z,smriti9/create-site,Updating DocTypes for erpnext       : [========                                ] 20%
2026-07-09T03:11:17.769Z,smriti9/create-site,Updating DocTypes for erpnext       : [========                                ] 20%
2026-07-09T03:11:17.769Z,smriti9/create-site,Updating DocTypes for erpnext       : [========                                ] 20%
2026-07-09T03:11:17.769Z,smriti9/create-site,Updating DocTypes for erpnext       : [========                                ] 20%
2026-07-09T03:11:17.769Z,smriti9/create-site,Updating DocTypes for erpnext       : [========                                ] 20%
2026-07-09T03:11:17.769Z,smriti9/create-site,Updating DocTypes for erpnext       : [========                                ] 20%
2026-07-09T03:11:17.769Z,smriti9/create-site,Updating DocTypes for erpnext       : [========                                ] 20%
2026-07-09T03:11:17.769Z,smriti9/create-site,Updating DocTypes for erpnext       : [========                                ] 20%
2026-07-09T03:11:17.769Z,smriti9/create-site,Updating DocTypes for erpnext       : [========                                ] 21%
2026-07-09T03:11:17.769Z,smriti9/create-site,Updating DocTypes for erpnext       : [========                                ] 21%
2026-07-09T03:11:17.769Z,smriti9/create-site,Updating DocTypes for erpnext       : [========                                ] 21%
2026-07-09T03:11:17.769Z,smriti9/create-site,Updating DocTypes for erpnext       : [========                                ] 21%
2026-07-09T03:11:17.769Z,smriti9/create-site,Updating DocTypes for erpnext       : [========                                ] 21%
2026-07-09T03:11:17.769Z,smriti9/create-site,Updating DocTypes for erpnext       : [========                                ] 21%
2026-07-09T03:11:17.769Z,smriti9/create-site,Updating DocTypes for erpnext       : [========                                ] 21%
2026-07-09T03:11:17.769Z,smriti9/create-site,Updating DocTypes for erpnext       : [========                   2026-07-09T03:11:17.769099942Z              ] 21%
2026-07-09T03:11:17.769Z,smriti9/create-site,Updating DocTypes for erpnext       : [========                                ] 21%
2026-07-09T03:11:17.769Z,smriti9/create-site,Updating DocTypes for erpnext       : [========                                ] 22%
2026-07-09T03:11:17.769Z,smriti9/create-site,Updating DocTypes for erpnext       : [========                                ] 22%
2026-07-09T03:11:17.769Z,smriti9/create-site,Updating DocTypes for erpnext       : [========                                ] 22%
2026-07-09T03:11:17.769Z,smriti9/create-site,Updating DocTypes for erpnext       : [========                                ] 22%
2026-07-09T03:11:17.769Z,smriti9/create-site,Updating DocTypes for erpnext       : [========                                ] 22%
2026-07-09T03:11:17.769Z,smriti9/create-site,Updating DocTypes for erpnext       : [=========                               ] 22%
2026-07-09T03:11:17.769Z,smriti9/create-site,Updating DocTypes for erpnext       : [=========                               ] 22%
2026-07-09T03:11:17.769Z,smriti9/create-site,Updating DocTypes for erpnext       : [=========                               ] 22%
2026-07-09T03:11:17.769Z,smriti9/create-site,Updating DocTypes for erpnext       : [=========                               ] 22%
2026-07-09T03:11:17.769Z,smriti9/create-site,Updating DocTypes for erpnext       : [=========                               ] 23%
2026-07-09T03:11:17.769Z,smriti9/create-site,Updating DocTypes for erpnext       : [=========                               ] 23%
2026-07-09T03:11:17.769Z,smriti9/create-site,Updating DocTypes for erpnext       : [=========                               ] 23%
2026-07-09T03:11:17.769Z,smriti9/create-site,Updating DocTypes for erpnext       : [=========                               ] 23%
2026-07-09T03:11:17.769Z,smriti9/create-site,Updating DocTypes for erpnext       : [=========                               ] 23%
2026-07-09T03:11:17.769Z,smriti9/create-site,Updating DocTypes for erpnext       : [=========                               ] 23%
2026-07-09T03:11:17.769Z,smriti9/create-site,Updating DocTypes for erpnext       : [=========                               ] 23%
2026-07-09T03:11:17.769Z,smriti9/create-site,Updating DocTypes for erpnext       : [=========                               ] 23%
2026-07-09T03:11:17.769Z,smriti9/create-site,Updating DocTypes for erpnext       : [=========                               ] 23%
2026-07-09T03:11:17.769Z,smriti9/create-site,Updating DocTypes for erpnext       : [=========                               ] 24%
2026-07-09T03:11:17.769Z,smriti9/create-site,Updating DocTypes for erpnext       : [=========                               ] 24%
2026-07-09T03:11:17.769Z,smriti9/create-site,Updating DocTypes for erpnext       : [=========                               ] 24%
2026-07-09T03:11:17.769Z,smriti9/create-site,Updating DocTypes for erpnext       : [=========                               ] 24%
2026-07-09T03:11:17.769Z,smriti9/create-site,Updating DocTypes for erpnext       : [=========                               ] 24%
2026-07-09T03:11:17.769Z,smriti9/create-site,Updating DocTypes for erpnext       : [=========                               ] 24%
2026-07-09T03:11:17.769Z,smriti9/create-site,Updating DocTypes for erpnext       : [=========                               ] 24%
2026-07-09T03:11:17.769Z,smriti9/create-site,Updating DocTypes for erpnext       : [=========                               ] 24%
2026-07-09T03:11:17.769Z,smriti9/create-site,Updating DocTypes for erpnext       : [=========                               ] 24%
2026-07-09T03:11:17.769Z,smriti9/create-site,Updating DocTypes for erpnext       : [==========                              ] 25%
2026-07-09T03:11:17.769Z,smriti9/create-site,Updating DocTypes for erpnext       : [==========                              ] 25%
2026-07-09T03:11:17.769Z,smriti9/create-site,Updating DocTypes for erpnext       : [==========                              ] 25%
2026-07-09T03:11:17.769Z,smriti9/create-site,Updating DocTypes for erpnext       : [==========                              ] 25%
2026-07-09T03:11:17.769Z,smriti9/create-site,Updating DocTypes for erpnext       : [==========                              ] 25%
2026-07-09T03:11:17.769Z,smriti9/create-site,Updating DocTypes for erpnext       : [==========                              ] 25%
2026-07-09T03:11:17.769Z,smriti9/create-site,Updating DocTypes for erpnext       : [==========                              ] 25%
2026-07-09T03:11:17.769Z,smriti9/create-site,Updating DocTypes for erpnext       : [==========                              ] 25%
2026-07-09T03:11:17.769Z,smriti9/create-site,Updating DocTypes for erpnext       : [==========                              ] 25%
2026-07-09T03:11:17.769Z,smriti9/create-site,Updating DocTypes for erpnext       : [==========                              ] 26%
2026-07-09T03:11:17.769Z,smriti9/create-site,Updating DocTypes for erpnext       : [==========                              ] 26%
2026-07-09T03:11:17.769Z,smriti9/create-site,Updating DocTypes for erpnext       : [==========                              ] 26%
2026-07-09T03:11:17.769Z,smriti9/create-site,Updating DocTypes for erpnext       : [==========                              ] 26%
2026-07-09T03:11:17.769Z,smriti9/create-site,Updating DocTypes for erpnext       : [==========                              ] 26%
2026-07-09T03:11:17.769Z,smriti9/create-site,Updating DocTypes for erpnext       : [==========                              ] 26%
2026-07-09T03:11:17.769Z,smriti9/create-site,Updating DocTypes for erpnext       : [==========                              ] 26%
2026-07-09T03:11:17.769Z,smriti9/create-site,Updating DocTypes for erpnext       : [==========                              ] 26%
2026-07-09T03:11:17.769Z,smriti9/create-site,Updating DocTypes for erpnext       : [==========                              ] 26%
2026-07-09T03:11:17.769Z,smriti9/create-site,Updating DocTypes for erpnext       : [==========                              ] 27%
2026-07-09T03:11:17.769Z,smriti9/create-site,Updating DocTypes for erpnext       : [==========                              ] 27%
2026-07-09T03:11:17.769Z,smriti9/create-site,Updating DocTypes for erpnext       : [==========                              ] 27%
2026-07-09T03:11:17.769Z,smriti9/create-site,Updating DocTypes for erpnext       : [==========                              ] 27%
2026-07-09T03:11:17.769Z,smriti9/create-site,Updating DocTypes for erpnext       : [===========                             ] 27%
2026-07-09T03:11:17.769Z,smriti9/create-site,Updating DocTypes for erpnext       : [===========                             ] 27%
2026-07-09T03:11:17.769Z,smriti9/create-site,Updating DocTypes for erpnext       : [===========                             ] 27%
2026-07-09T03:11:17.769Z,smriti9/create-site,Updating DocTypes for erpnext       : [===========                             ] 27%
2026-07-09T03:11:17.769Z,smriti9/create-site,Updating DocTypes for erpnext       : [===========                             ] 27%
2026-07-09T03:11:17.769Z,smriti9/create-site,Updating DocTypes for erpnext       : [===========                             ] 28%
2026-07-09T03:11:17.769Z,smriti9/create-site,Updating DocTypes for erpnext       : [===========                             ] 28%
2026-07-09T03:11:17.769Z,smriti9/create-site,Updating DocTypes for erpnext       : [===========                             ] 28%
2026-07-09T03:11:17.769Z,smriti9/create-site,Updating DocTypes for erpnext       : [===========                             ] 28%
2026-07-09T03:11:17.769Z,smriti9/create-site,Updating DocTypes for erpnext       : [===========                             ] 28%
2026-07-09T03:11:17.769Z,smriti9/create-site,Updating DocTypes for erpnext       : [===========                             ] 28%
2026-07-09T03:11:17.769Z,smriti9/create-site,Updating DocTypes for erpnext       : [===========                             ] 28%
2026-07-09T03:11:17.769Z,smriti9/create-site,Updating DocTypes for erpnext       : [===========                             ] 28%
2026-07-09T03:11:17.769Z,smriti9/create-site,Updating DocTypes for erpnext       : [===========                             ] 28%
2026-07-09T03:11:17.769Z,smriti9/create-site,Updating DocTypes for erpnext       : [===========                             ] 29%
2026-07-09T03:11:17.769Z,smriti9/create-site,Updating DocTypes for erpnext       : [===========                             ] 29%
2026-07-09T03:11:17.769Z,smriti9/create-site,Updating DocTypes for erpnext       : [===========                             ] 29%
2026-07-09T03:11:17.769Z,smriti9/create-site,Updating DocTypes for erpnext       : [===========                             ] 29%
2026-07-09T03:11:17.769Z,smriti9/create-site,Updating DocTypes for erpnext       : [===========                             ] 29%
2026-07-09T03:11:17.769Z,smriti9/create-site,Updating DocTypes for erpnext       : [===========                             ] 29%
2026-07-09T03:11:17.769Z,smriti9/create-site,Updating DocTypes for erpnext       : [===========                             ] 29%
2026-07-09T03:11:17.769Z,smriti9/create-site,Updating DocTypes for erpnext       : [===========                             ] 29%
2026-07-09T03:11:17.769Z,smriti9/create-site,Updating DocTypes for erpnext       : [============                            ] 30%
2026-07-09T03:11:17.769Z,smriti9/create-site,Updating DocTypes for erpnext       : [============                            ] 30%
2026-07-09T03:11:17.769Z,smriti9/create-site,Updating DocTypes for erpnext       : [============                            ] 30%
2026-07-09T03:11:17.769Z,smriti9/create-site,Updating DocTypes for erpnext       : [============                            ] 30%
2026-07-09T03:11:17.769Z,smriti9/create-site,Updating DocTypes for erpnext       : [============                            ] 30%
2026-07-09T03:11:17.769Z,smriti9/create-site,Updating DocTypes for erpnext       : [============                            ] 30%
2026-07-09T03:11:17.769Z,smriti9/create-site,Updating DocTypes for erpnext       : [============                            ] 30%
2026-07-09T03:11:17.769Z,smriti9/create-site,Updating DocTypes for erpnext       : [============                            ] 30%
2026-07-09T03:11:17.769Z,smriti9/create-site,Updating DocTypes for erpnext       : [============                            ] 30%
2026-07-09T03:11:17.769Z,smriti9/create-site,Updating DocTypes for erpnext       : [============                            ] 31%
2026-07-09T03:11:17.769Z,smriti9/create-site,Updating DocTypes for erpnext       : [============                            ] 31%
2026-07-09T03:11:17.769Z,smriti9/create-site,Updating DocTypes for erpnext       : [============                            ] 31%
2026-07-09T03:11:17.769Z,smriti9/create-site,Updating DocTypes for erpnext       : [============                            ] 31%
2026-07-09T03:11:17.769Z,smriti9/create-site,Updating DocTypes for erpnext       : [============                            ] 31%
2026-07-09T03:11:17.769Z,smriti9/create-site,Updating DocTypes for erpnext       : [============                            ] 31%
2026-07-09T03:11:17.769Z,smriti9/create-site,Updating DocTypes for erpnext       : [============                            ] 31%
2026-07-09T03:11:17.769Z,smriti9/create-site,Updating DocTypes for erpnext       : [============                            ] 31%
2026-07-09T03:11:17.769Z,smriti9/create-site,Updating DocTypes for erpnext       : [============                            ] 31%
2026-07-09T03:11:17.769Z,smriti9/create-site,Updating DocTypes for erpnext       : [============                            ] 32%
2026-07-09T03:11:17.769Z,smriti9/create-site,Updating DocTypes for erpnext       : [============                            ] 32%
2026-07-09T03:11:17.769Z,smriti9/create-site,Updating DocTypes for erpnext       : [============                            ] 32%
2026-07-09T03:11:17.769Z,smriti9/create-site,Updating DocTypes for erpnext       : [============                            ] 32%
2026-07-09T03:11:17.769Z,smriti9/create-site,Updating DocTypes for erpnext       : [============                            ] 32%
2026-07-09T03:11:17.769Z,smriti9/create-site,Updating DocTypes for erpnext       : [=============                           ] 32%
2026-07-09T03:11:17.769Z,smriti9/create-site,Updating DocTypes for erpnext       : [=============                           ] 32%
2026-07-09T03:11:17.769Z,smriti9/create-site,Updating DocTypes for erpnext       : [=============                           ] 32%
2026-07-09T03:11:17.769Z,smriti9/create-site,Updating DocTypes for erpnext       : [=============                           ] 32%
2026-07-09T03:11:17.769Z,smriti9/create-site,Updating DocTypes for erpnext       : [=============                           ] 33%
2026-07-09T03:11:17.769Z,smriti9/create-site,Updating DocTypes for erpnext       : [=============                           ] 33%
2026-07-09T03:11:17.769Z,smriti9/create-site,Updating DocTypes for erpnext       : [=============                           ] 33%
2026-07-09T03:11:17.769Z,smriti9/create-site,Updating DocTypes for erpnext       : [=============                           ] 33%
2026-07-09T03:11:17.769Z,smriti9/create-site,Updating DocTypes for erpnext       : [=============                           ] 33%
2026-07-09T03:11:17.769Z,smriti9/create-site,Updating DocTypes for erpnext       : [=============                           ] 33%
2026-07-09T03:11:17.769Z,smriti9/create-site,Updating DocTypes for erpnext       : [=============                           ] 33%
2026-07-09T03:11:17.769Z,smriti9/create-site,Updating DocTypes for erpnext       : [=============                           ] 33%
2026-07-09T03:11:17.769Z,smriti9/create-site,Updating DocTypes for erpnext       : [=============                           ] 33%
2026-07-09T03:11:17.769Z,smriti9/create-site,Updating DocTypes for erpnext       : [=============                           ] 34%
2026-07-09T03:11:17.769Z,smriti9/create-site,Updating DocTypes for erpnext       : [=============                           ] 34%
2026-07-09T03:11:17.769Z,smriti9/create-site,Updating DocTypes for erpnext       : [=============                           ] 34%
2026-07-09T03:11:17.769Z,smriti9/create-site,Updating DocTypes for erpnext       : [=============                           ] 34%
2026-07-09T03:11:17.769Z,smriti9/create-site,Updating DocTypes for erpnext       : [=============                           ] 34%
2026-07-09T03:11:17.769Z,smriti9/create-site,Updating DocTypes for erpnext       : [=============                           ] 34%
2026-07-09T03:11:17.769Z,smriti9/create-site,Updating DocTypes for erpnext       : [=============                           ] 34%
2026-07-09T03:11:17.769Z,smriti9/create-site,Updating DocTypes for erpnext       : [=============                           ] 34%
2026-07-09T03:11:17.769Z,smriti9/create-site,Updating DocTypes for erpnext       : [=============                           ] 34%
2026-07-09T03:11:17.769Z,smriti9/create-site,Updating DocTypes for erpnext       : [==============                          ] 35%
2026-07-09T03:11:17.769Z,smriti9/create-site,Updating DocTypes for erpnext       : [==============                          ] 35%
2026-07-09T03:11:17.769Z,smriti9/create-site,Updating DocTypes for erpnext       : [==============                          ] 35%
2026-07-09T03:11:17.769Z,smriti9/create-site,Updating DocTypes for erpnext       : [==============                          ] 35%
2026-07-09T03:11:17.769Z,smriti9/create-site,Updating DocTypes for erpnext       : [==============                          ] 35%
2026-07-09T03:11:17.769Z,smriti9/create-site,Updating DocTypes for erpnext       : [==============                          ] 35%
2026-07-09T03:11:17.769Z,smriti9/create-site,Updating DocTypes for erpnext       : [==============                          ] 35%
2026-07-09T03:11:17.769Z,smriti9/create-site,Updating DocTypes for erpnext       : [==============                          ] 35%
2026-07-09T03:11:17.769Z,smriti9/create-site,Updating DocTypes for erpnext       : [==============                          ] 35%
2026-07-09T03:11:17.769Z,smriti9/create-site,Updating DocTypes for erpnext       : [==============                          ] 36%
2026-07-09T03:11:17.769Z,smriti9/create-site,Updating DocTypes for erpnext       : [==============                          ] 36%
2026-07-09T03:11:17.769Z,smriti9/create-site,Updating DocTypes for erpnext       : [==============                          ] 36%
2026-07-09T03:11:17.769Z,smriti9/create-site,Updating DocTypes for erpnext       : [==============                          ] 36%
2026-07-09T03:11:17.769Z,smriti9/create-site,Updating DocTypes for erpnext       : [==============                          ] 36%
2026-07-09T03:11:17.769Z,smriti9/create-site,Updating DocTypes for erpnext       : [==============                          ] 36%
2026-07-09T03:11:17.769Z,smriti9/create-site,Updating DocTypes for erpnext       : [==============                          ] 36%
2026-07-09T03:11:17.769Z,smriti9/create-site,Updating DocTypes for erpnext       : [==============                          ] 36%
2026-07-09T03:11:17.769Z,smriti9/create-site,Updating DocTypes for erpnext       : [==============                          ] 36%
2026-07-09T03:11:17.769Z,smriti9/create-site,Updating DocTypes for erpnext       : [==============                          ] 37%
2026-07-09T03:11:17.769Z,smriti9/create-site,Updating DocTypes for erpnext       : [==============                          ] 37%
2026-07-09T03:11:17.769Z,smriti9/create-site,Updating DocTypes for erpnext       : [==============                          ] 37%
2026-07-09T03:11:17.769Z,smriti9/create-site,Updating DocTypes for erpnext       : [==============                          ] 37%
2026-07-09T03:11:17.769Z,smriti9/create-site,Updating DocTypes for erpnext       : [===============                         ] 37%
2026-07-09T03:11:17.769Z,smriti9/create-site,Updating DocTypes for erpnext       : [===============                         ] 37%
2026-07-09T03:11:17.769Z,smriti9/create-site,Updating DocTypes for erpnext       : [===============                         ] 37%
2026-07-09T03:11:17.769Z,smriti9/create-site,Updating DocTypes for erpnext       : [===============                         ] 37%
2026-07-09T03:11:17.769Z,smriti9/create-site,Updating DocTypes for erpnext       : [===============                         ] 37%
2026-07-09T03:11:17.769Z,smriti9/create-site,Updating DocTypes for erpnext       : [===============                         ] 38%
2026-07-09T03:11:17.769Z,smriti9/create-site,Updating DocTypes for erpnext       : [===============                         ] 38%
2026-07-09T03:11:17.769Z,smriti9/create-site,Updating DocTypes for erpnext       : [===============                         ] 38%
2026-07-09T03:11:17.769Z,smriti9/create-site,Updating DocTypes for erpnext       : [===============                         ] 38%
2026-07-09T03:11:17.769Z,smriti9/create-site,Updating DocTypes for erpnext       : [===============                         ] 38%
2026-07-09T03:11:17.769Z,smriti9/create-site,Updating DocTypes for erpnext       : [===============                         ] 38%
2026-07-09T03:11:17.769Z,smriti9/create-site,Updating DocTypes for erpnext       : [===============                         ] 38%
2026-07-09T03:11:17.769Z,smriti9/create-site,Updating DocTypes for erpnext       : [===============                         ] 38%
2026-07-09T03:11:17.769Z,smriti9/create-site,Updating DocTypes for erpnext       : [===============                         ] 38%
2026-07-09T03:11:17.769Z,smriti9/create-site,Updating DocTypes for erpnext       : [===============                         ] 39%
2026-07-09T03:11:17.769Z,smriti9/create-site,Updating DocTypes for erpnext       : [===============                         ] 39%
2026-07-09T03:11:17.769Z,smriti9/create-site,Updating DocTypes for erpnext       : [===============                         ] 39%
2026-07-09T03:11:17.769Z,smriti9/create-site,Updating DocTypes for erpnext       : [===============                         ] 39%
2026-07-09T03:11:17.769Z,smriti9/create-site,Updating DocTypes for erpnext       : [===============                         ] 39%
2026-07-09T03:11:17.769Z,smriti9/create-site,Updating DocTypes for erpnext       : [===============                         ] 39%
2026-07-09T03:11:17.769Z,smriti9/create-site,Updating DocTypes for erpnext       : [===============                         ] 39%
2026-07-09T03:11:17.769Z,smriti9/create-site,Updating DocTypes for erpnext       : [===============                         ] 39%
2026-07-09T03:11:17.769Z,smriti9/create-site,Updating DocTypes for erpnext       : [================                        ] 40%
2026-07-09T03:11:17.769Z,smriti9/create-site,Updating DocTypes for erpnext       : [================                        ] 40%
2026-07-09T03:11:17.769Z,smriti9/create-site,Updating DocTypes for erpnext       : [================                        ] 40%
2026-07-09T03:11:17.769Z,smriti9/create-site,Updating DocTypes for erpnext       : [================                        ] 40%
2026-07-09T03:11:17.769Z,smriti9/create-site,Updating DocTypes for erpnext       : [================                        ] 40%
2026-07-09T03:11:17.769Z,smriti9/create-site,Updating DocTypes for erpnext       : [================                        ] 40%
2026-07-09T03:11:17.769Z,smriti9/create-site,Updating DocTypes for erpnext       : [================                        ] 40%
2026-07-09T03:11:17.769Z,smriti9/create-site,Updating DocTypes for erpnext       : [================                        ] 40%
2026-07-09T03:11:17.769Z,smriti9/create-site,Updating DocTypes for erpnext       : [================                        ] 40%
2026-07-09T03:11:17.769Z,smriti9/create-site,Updating DocTypes for erpnext       : [================                        ] 41%
2026-07-09T03:11:17.769Z,smriti9/create-site,Updating DocTypes for erpnext       : [================                        ] 41%
2026-07-09T03:11:17.769Z,smriti9/create-site,Updating DocTypes for erpnext       : [================                        ] 41%
2026-07-09T03:11:17.769Z,smriti9/create-site,Updating DocTypes for erpnext       : [================                        ] 41%
2026-07-09T03:11:17.769Z,smriti9/create-site,Updating DocTypes for erpnext       : [================                        ] 41%
2026-07-09T03:11:17.769Z,smriti9/create-site,Updating DocTypes for erpnext       : [================                        ] 41%
2026-07-09T03:11:17.769Z,smriti9/create-site,Updating DocTypes for erpnext       : [================                        ] 41%
2026-07-09T03:11:17.769Z,smriti9/create-site,Updating DocTypes for erpnext       : [================                        ] 41%
2026-07-09T03:11:17.769Z,smriti9/create-site,Updating DocTypes for erpnext       : [================                        ] 41%
2026-07-09T03:11:17.769Z,smriti9/create-site,Updating DocTypes for erpnext       : [================                        ] 42%
2026-07-09T03:11:17.769Z,smriti9/create-site,Updating DocTypes for erpnext       : [================                        ] 42%
2026-07-09T03:11:17.769Z,smriti9/create-site,Updating DocTypes for erpnext       : [================                        ] 42%
2026-07-09T03:11:17.769Z,smriti9/create-site,Updating DocTypes for erpnext       : [================                        ] 42%
2026-07-09T03:11:17.769Z,smriti9/create-site,Updating DocTypes for erpnext       : [================                        ] 42%
2026-07-09T03:11:17.769Z,smriti9/create-site,Updating DocTypes for erpnext       : [=================                       ] 42%
2026-07-09T03:11:17.769Z,smriti9/create-site,Updating DocTypes for erpnext       : [=================                       ] 42%
2026-07-09T03:11:17.769Z,smriti9/create-site,Updating DocTypes for erpnext       : [=================                       ] 42%
2026-07-09T03:11:17.769Z,smriti9/create-site,Updating DocTypes for erpnext       : [=================                       ] 42%
2026-07-09T03:11:17.769Z,smriti9/create-site,Updating DocTypes for erpnext       : [=================                       ] 43%
2026-07-09T03:11:17.769Z,smriti9/create-site,Updating DocTypes for erpnext       : [=================                       ] 43%
2026-07-09T03:11:17.769Z,smriti9/create-site,Updating DocTypes for erpnext       : [=================                       ] 43%
2026-07-09T03:11:17.769Z,smriti9/create-site,Updating DocTypes for erpnext       : [=================                       ] 43%
2026-07-09T03:11:17.769Z,smriti9/create-site,Updating DocTypes for erpnext       : [======2026-07-09T03:11:17.769099942Z ===========                       ] 43%
2026-07-09T03:11:17.769Z,smriti9/create-site,Updating DocTypes for erpnext       : [=================                       ] 43%
2026-07-09T03:11:17.769Z,smriti9/create-site,Updating DocTypes for erpnext       : [=================                       ] 43%
2026-07-09T03:11:17.769Z,smriti9/create-site,Updating DocTypes for erpnext       : [=================                       ] 43%
2026-07-09T03:11:17.769Z,smriti9/create-site,Updating DocTypes for erpnext       : [=================                       ] 43%
2026-07-09T03:11:17.769Z,smriti9/create-site,Updating DocTypes for erpnext       : [=================                       ] 44%
2026-07-09T03:11:17.769Z,smriti9/create-site,Updating DocTypes for erpnext       : [=================                       ] 44%
2026-07-09T03:11:17.769Z,smriti9/create-site,Updating DocTypes for erpnext       : [=================                       ] 44%
2026-07-09T03:11:17.769Z,smriti9/create-site,Updating DocTypes for erpnext       : [=================                       ] 44%
2026-07-09T03:11:17.769Z,smriti9/create-site,Updating DocTypes for erpnext       : [=================                       ] 44%
2026-07-09T03:11:17.769Z,smriti9/create-site,Updating DocTypes for erpnext       : [=================                       ] 44%
2026-07-09T03:11:17.769Z,smriti9/create-site,Updating DocTypes for erpnext       : [=================                       ] 44%
2026-07-09T03:11:17.769Z,smriti9/create-site,Updating DocTypes for erpnext       : [=================                       ] 44%
2026-07-09T03:11:17.769Z,smriti9/create-site,Updating DocTypes for erpnext       : [=================                       ] 44%
2026-07-09T03:11:17.769Z,smriti9/create-site,Updating DocTypes for erpnext       : [==================                      ] 45%
2026-07-09T03:11:17.769Z,smriti9/create-site,Updating DocTypes for erpnext       : [==================                      ] 45%
2026-07-09T03:11:17.769Z,smriti9/create-site,Updating DocTypes for erpnext       : [==================                      ] 45%
2026-07-09T03:11:17.769Z,smriti9/create-site,Updating DocTypes for erpnext       : [==================                      ] 45%
2026-07-09T03:11:17.769Z,smriti9/create-site,Updating DocTypes for erpnext       : [==================                      ] 45%
2026-07-09T03:11:17.769Z,smriti9/create-site,Updating DocTypes for erpnext       : [==================                      ] 45%
2026-07-09T03:11:17.769Z,smriti9/create-site,Updating DocTypes for erpnext       : [==================                      ] 45%
2026-07-09T03:11:17.769Z,smriti9/create-site,Updating DocTypes for erpnext       : [==================                      ] 45%
2026-07-09T03:11:17.769Z,smriti9/create-site,Updating DocTypes for erpnext       : [==================                      ] 45%
2026-07-09T03:11:17.769Z,smriti9/create-site,Updating DocTypes for erpnext       : [==================                      ] 46%
2026-07-09T03:11:17.769Z,smriti9/create-site,Updating DocTypes for erpnext       : [==================                      ] 46%
2026-07-09T03:11:17.769Z,smriti9/create-site,Updating DocTypes for erpnext       : [==================                      ] 46%
2026-07-09T03:11:17.769Z,smriti9/create-site,Updating DocTypes for erpnext       : [==================                      ] 46%
2026-07-09T03:11:17.769Z,smriti9/create-site,Updating DocTypes for erpnext       : [==================                      ] 46%
2026-07-09T03:11:17.769Z,smriti9/create-site,Updating DocTypes for erpnext       : [==================                      ] 46%
2026-07-09T03:11:17.769Z,smriti9/create-site,Updating DocTypes for erpnext       : [==================                      ] 46%
2026-07-09T03:11:17.769Z,smriti9/create-site,Updating DocTypes for erpnext       : [==================                      ] 46%
2026-07-09T03:11:17.769Z,smriti9/create-site,Updating DocTypes for erpnext       : [==================                      ] 46%
2026-07-09T03:11:17.769Z,smriti9/create-site,Updating DocTypes for erpnext       : [==================                      ] 47%
2026-07-09T03:11:17.769Z,smriti9/create-site,Updating DocTypes for erpnext       : [==================                      ] 47%
2026-07-09T03:11:17.769Z,smriti9/create-site,Updating DocTypes for erpnext       : [==================                      ] 47%
2026-07-09T03:11:17.769Z,smriti9/create-site,Updating DocTypes for erpnext       : [==================                      ] 47%
2026-07-09T03:11:17.769Z,smriti9/create-site,Updating DocTypes for erpnext       : [===================                     ] 47%
2026-07-09T03:11:17.769Z,smriti9/create-site,Updating DocTypes for erpnext       : [===================                     ] 47%
2026-07-09T03:11:17.769Z,smriti9/create-site,Updating DocTypes for erpnext       : [===================                     ] 47%
2026-07-09T03:11:17.769Z,smriti9/create-site,Updating DocTypes for erpnext       : [===================                     ] 47%
2026-07-09T03:11:17.769Z,smriti9/create-site,Updating DocTypes for erpnext       : [===================                     ] 47%
2026-07-09T03:11:17.769Z,smriti9/create-site,Updating DocTypes for erpnext       : [===================                     ] 48%
2026-07-09T03:11:17.769Z,smriti9/create-site,Updating DocTypes for erpnext       : [===================                     ] 48%
2026-07-09T03:11:17.769Z,smriti9/create-site,Updating DocTypes for erpnext       : [===================                     ] 48%
2026-07-09T03:11:17.769Z,smriti9/create-site,Updating DocTypes for erpnext       : [===================                     ] 48%
2026-07-09T03:11:17.769Z,smriti9/create-site,Updating DocTypes for erpnext       : [===================                     ] 48%
2026-07-09T03:11:17.769Z,smriti9/create-site,Updating DocTypes for erpnext       : [===================                     ] 48%
2026-07-09T03:11:17.769Z,smriti9/create-site,Updating DocTypes for erpnext       : [===================                     ] 48%
2026-07-09T03:11:17.769Z,smriti9/create-site,Updating DocTypes for erpnext       : [===================                     ] 48%
2026-07-09T03:11:17.769Z,smriti9/create-site,Updating DocTypes for erpnext       : [===================                     ] 48%
2026-07-09T03:11:17.769Z,smriti9/create-site,Updating DocTypes for erpnext       : [===================                     ] 49%
2026-07-09T03:11:17.769Z,smriti9/create-site,Updating DocTypes for erpnext       : [===================                     ] 49%
2026-07-09T03:11:17.769Z,smriti9/create-site,Updating DocTypes for erpnext       : [===================                     ] 49%
2026-07-09T03:11:17.769Z,smriti9/create-site,Updating DocTypes for erpnext       : [===================                     ] 49%
2026-07-09T03:11:17.769Z,smriti9/create-site,Updating DocTypes for erpnext       : [===================                     ] 49%
2026-07-09T03:11:17.769Z,smriti9/create-site,Updating DocTypes for erpnext       : [===================                     ] 49%
2026-07-09T03:11:17.769Z,smriti9/create-site,Updating DocTypes for erpnext       : [===================                     ] 49%
2026-07-09T03:11:17.769Z,smriti9/create-site,Updating DocTypes for erpnext       : [===================                     ] 49%
2026-07-09T03:11:17.769Z,smriti9/create-site,Updating DocTypes for erpnext       : [====================                    ] 50%
2026-07-09T03:11:17.769Z,smriti9/create-site,Updating DocTypes for erpnext       : [====================                    ] 50%
2026-07-09T03:11:17.769Z,smriti9/create-site,Updating DocTypes for erpnext       : [====================                    ] 50%
2026-07-09T03:11:17.769Z,smriti9/create-site,Updating DocTypes for erpnext       : [====================                    ] 50%
2026-07-09T03:11:17.769Z,smriti9/create-site,Updating DocTypes for erpnext       : [====================                    ] 50%
2026-07-09T03:11:17.769Z,smriti9/create-site,Updating DocTypes for erpnext       : [====================                    ] 50%
2026-07-09T03:11:17.769Z,smriti9/create-site,Updating DocTypes for erpnext       : [====================                    ] 50%
2026-07-09T03:11:17.769Z,smriti9/create-site,Updating DocTypes for erpnext       : [====================                    ] 50%
2026-07-09T03:11:17.769Z,smriti9/create-site,Updating DocTypes for erpnext       : [====================                    ] 50%
2026-07-09T03:11:17.769Z,smriti9/create-site,Updating DocTypes for erpnext       : [====================                    ] 51%
2026-07-09T03:11:17.769Z,smriti9/create-site,Updating DocTypes for erpnext       : [====================                    ] 51%
2026-07-09T03:11:17.769Z,smriti9/create-site,Updating DocTypes for erpnext       : [====================                    ] 51%
2026-07-09T03:11:17.769Z,smriti9/create-site,Updating DocTypes for erpnext       : [====================                    ] 51%
2026-07-09T03:11:17.769Z,smriti9/create-site,Updating DocTypes for erpnext       : [====================                    ] 51%
2026-07-09T03:11:17.769Z,smriti9/create-site,Updating DocTypes for erpnext       : [====================                    ] 51%
2026-07-09T03:11:17.769Z,smriti9/create-site,Updating DocTypes for erpnext       : [====================                    ] 51%
2026-07-09T03:11:17.769Z,smriti9/create-site,Updating DocTypes for erpnext       : [====================                    ] 51%
2026-07-09T03:11:17.769Z,smriti9/create-site,Updating DocTypes for erpnext       : [====================                    ] 51%
2026-07-09T03:11:17.769Z,smriti9/create-site,Updating DocTypes for erpnext       : [====================                    ] 52%
2026-07-09T03:11:17.769Z,smriti9/create-site,Updating DocTypes for erpnext       : [====================                    ] 52%
2026-07-09T03:11:17.769Z,smriti9/create-site,Updating DocTypes for erpnext       : [====================                    ] 52%
2026-07-09T03:11:17.769Z,smriti9/create-site,Updating DocTypes for erpnext       : [====================                    ] 52%
2026-07-09T03:11:17.769Z,smriti9/create-site,Updating DocTypes for erpnext       : [====================                    ] 52%
2026-07-09T03:11:17.769Z,smriti9/create-site,Updating DocTypes for erpnext       : [=====================                   ] 52%
2026-07-09T03:11:17.769Z,smriti9/create-site,Updating DocTypes for erpnext       : [=====================                   ] 52%
2026-07-09T03:11:17.769Z,smriti9/create-site,Updating DocTypes for erpnext       : [=====================                   ] 52%
2026-07-09T03:11:17.769Z,smriti9/create-site,Updating DocTypes for erpnext       : [=====================                   ] 52%
2026-07-09T03:11:17.769Z,smriti9/create-site,Updating DocTypes for erpnext       : [=====================                   ] 53%
2026-07-09T03:11:17.769Z,smriti9/create-site,Updating DocTypes for erpnext       : [=====================                   ] 53%
2026-07-09T03:11:17.769Z,smriti9/create-site,Updating DocTypes for erpnext       : [=====================                   ] 53%
2026-07-09T03:11:17.769Z,smriti9/create-site,Updating DocTypes for erpnext       : [=====================                   ] 53%
2026-07-09T03:11:17.769Z,smriti9/create-site,Updating DocTypes for erpnext       : [=====================                   ] 53%
2026-07-09T03:11:17.769Z,smriti9/create-site,Updating DocTypes for erpnext       : [=====================                   ] 53%
2026-07-09T03:11:17.769Z,smriti9/create-site,Updating DocTypes for erpnext       : [=====================                   ] 53%
2026-07-09T03:11:17.769Z,smriti9/create-site,Updating DocTypes for erpnext       : [=====================                   ] 53%
2026-07-09T03:11:17.769Z,smriti9/create-site,Updating DocTypes for erpnext       : [=====================                   ] 53%
2026-07-09T03:11:17.769Z,smriti9/create-site,Updating DocTypes for erpnext       : [=====================                   ] 54%
2026-07-09T03:11:17.769Z,smriti9/create-site,Updating DocTypes for erpnext       : [=====================                   ] 54%
2026-07-09T03:11:17.769Z,smriti9/create-site,Updating DocTypes for erpnext       : [=====================                   ] 54%
2026-07-09T03:11:17.769Z,smriti9/create-site,Updating DocTypes for erpnext       : [=====================                   ] 54%
2026-07-09T03:11:17.769Z,smriti9/create-site,Updating DocTypes for erpnext       : [=====================                   ] 54%
2026-07-09T03:11:17.769Z,smriti9/create-site,Updating DocTypes for erpnext       : [=====================                   ] 54%
2026-07-09T03:11:17.769Z,smriti9/create-site,Updating DocTypes for erpnext       : [=====================                   ] 54%
2026-07-09T03:11:17.769Z,smriti9/create-site,Updating DocTypes for erpnext       : [=====================                   ] 54%
2026-07-09T03:11:17.769Z,smriti9/create-site,Updating DocTypes for erpnext       : [=====================                   ] 54%
2026-07-09T03:11:17.769Z,smriti9/create-site,Updating DocTypes for erpnext       : [======================                  ] 55%
2026-07-09T03:11:17.769Z,smriti9/create-site,Updating DocTypes for erpnext       : [======================                  ] 55%
2026-07-09T03:11:17.769Z,smriti9/create-site,Updating DocTypes for erpnext       : [======================                  ] 55%
2026-07-09T03:11:17.769Z,smriti9/create-site,Updating DocTypes for erpnext       : [======================                  ] 55%
2026-07-09T03:11:17.769Z,smriti9/create-site,Updating DocTypes for erpnext       : [======================                  ] 55%
2026-07-09T03:11:17.769Z,smriti9/create-site,Updating DocTypes for erpnext       : [======================                  ] 55%
2026-07-09T03:11:17.769Z,smriti9/create-site,Updating DocTypes for erpnext       : [======================                  ] 55%
2026-07-09T03:11:17.769Z,smriti9/create-site,Updating DocTypes for erpnext       : [======================                  ] 55%
2026-07-09T03:11:17.769Z,smriti9/create-site,Updating DocTypes for erpnext       : [======================                  ] 55%
2026-07-09T03:11:17.769Z,smriti9/create-site,Updating DocTypes for erpnext       : [======================                  ] 56%
2026-07-09T03:11:17.769Z,smriti9/create-site,Updating DocTypes for erpnext       : [======================                  ] 56%
2026-07-09T03:11:17.769Z,smriti9/create-site,Updating DocTypes for erpnext       : [======================                  ] 56%
2026-07-09T03:11:17.769Z,smriti9/create-site,Updating DocTypes for erpnext       : [======================                  ] 56%
2026-07-09T03:11:17.769Z,smriti9/create-site,Updating DocTypes for erpnext       : [======================                  ] 56%
2026-07-09T03:11:17.769Z,smriti9/create-site,Updating DocTypes for erpnext       : [======================                  ] 56%
2026-07-09T03:11:17.769Z,smriti9/create-site,Updating DocTypes for erpnext       : [======================                  ] 56%
2026-07-09T03:11:17.769Z,smriti9/create-site,Updating DocTypes for erpnext       : [======================                  ] 56%
2026-07-09T03:11:17.769Z,smriti9/create-site,Updating DocTypes for erpnext       : [======================                  ] 56%
2026-07-09T03:11:17.769Z,smriti9/create-site,Updating DocTypes for erpnext       : [======================                  ] 57%
2026-07-09T03:11:17.769Z,smriti9/create-site,Updating DocTypes for erpnext       : [======================                  ] 57%
2026-07-09T03:11:17.769Z,smriti9/create-site,Updating DocTypes for erpnext       : [======================                  ] 57%
2026-07-09T03:11:17.769Z,smriti9/create-site,Updating DocTypes for erpnext       : [======================                  ] 57%
2026-07-09T03:11:17.769Z,smriti9/create-site,Updating DocTypes for erpnext       : [=======================                 ] 57%
2026-07-09T03:11:17.769Z,smriti9/create-site,Updating DocTypes for erpnext       : [=======================                 ] 57%
2026-07-09T03:11:17.769Z,smriti9/create-site,Updating DocTypes for erpnext       : [=======================                 ] 57%
2026-07-09T03:11:17.769Z,smriti9/create-site,Updating DocTypes for erpnext       : [=======================                 ] 57%
2026-07-09T03:11:17.769Z,smriti9/create-site,Updating DocTypes for erpnext       : [=======================                 ] 57%
2026-07-09T03:11:17.769Z,smriti9/create-site,Updating DocTypes for erpnext       : [=======================                 ] 58%
2026-07-09T03:11:17.769Z,smriti9/create-site,Updating DocTypes for erpnext       : [=======================                 ] 58%
2026-07-09T03:11:17.769Z,smriti9/create-site,Updating DocTypes for erpnext       : [=======================                 ] 58%
2026-07-09T03:11:17.769Z,smriti9/create-site,Updating DocTypes for erpnext       : [=======================                 ] 58%
2026-07-09T03:11:17.769Z,smriti9/create-site,Updating DocTypes for erpnext       : [=======================                 ] 58%
2026-07-09T03:11:17.769Z,smriti9/create-site,Updating DocTypes for erpnext       : [=======================                 ] 58%
2026-07-09T03:11:17.769Z,smriti9/create-site,Updating DocTypes for erpnext       : [=======================                 ] 58%
2026-07-09T03:11:17.769Z,smriti9/create-site,Updating DocTypes for erpnext       : [=======================                 ] 58%
2026-07-09T03:11:17.769Z,smriti9/create-site,Updating DocTypes for erpnext       : [=======================                 ] 58%
2026-07-09T03:11:17.769Z,smriti9/create-site,Updating DocTypes for erpnext       : [=======================                 ] 59%
2026-07-09T03:11:17.769Z,smriti9/create-site,Updating DocTypes for erpnext       : [=======================                 ] 59%
2026-07-09T03:11:17.769Z,smriti9/create-site,Updating DocTypes for erpnext       : [=======================                 ] 59%
2026-07-09T03:11:17.769Z,smriti9/create-site,Updating DocTypes for erpnext       : [=======================                 ] 59%
2026-07-09T03:11:17.769Z,smriti9/create-site,Updating DocTypes for erpnext       : [=======================                 ] 59%
2026-07-09T03:11:17.769Z,smriti9/create-site,Updating DocTypes for erpnext       : [=======================                 ] 59%
2026-07-09T03:11:17.769Z,smriti9/create-site,Updating DocTypes for erpnext       : [=======================                 ] 59%
2026-07-09T03:11:17.769Z,smriti9/create-site,Updating DocTypes for erpnext       : [=======================                 ] 59%
2026-07-09T03:11:17.769Z,smriti9/create-site,Updating DocTypes for erpnext       : [========================                ] 60%
2026-07-09T03:11:17.769Z,smriti9/create-site,Updating DocTypes for erpnext       : [========================                ] 60%
2026-07-09T03:11:17.769Z,smriti9/create-site,Updating DocTypes for erpnext       : [========================                ] 60%
2026-07-09T03:11:17.769Z,smriti9/create-site,Updating DocTypes for erpnext       : [========================                ] 60%
2026-07-09T03:11:17.769Z,smriti9/create-site,Updating DocTypes for erpnext       : [========================                ] 60%
2026-07-09T03:11:17.769Z,smriti9/create-site,Updating DocTypes for erpnext       : [========================                ] 60%
2026-07-09T03:11:17.769Z,smriti9/create-site,Updating DocTypes for erpnext       : [========================                ] 60%
2026-07-09T03:11:17.769Z,smriti9/create-site,Updating DocTypes for erpnext       : [========================                ] 60%
2026-07-09T03:11:17.769Z,smriti9/create-site,Updating DocTypes for erpnext       : [========================                ] 60%
2026-07-09T03:11:17.769Z,smriti9/create-site,Updating DocTypes for erpnext       : [========================                ] 61%
2026-07-09T03:11:17.769Z,smriti9/create-site,Updating DocTypes for erpnext       : [========================                ] 61%
2026-07-09T03:11:17.769Z,smriti9/create-site,Updating DocTypes for erpnext       : [========================                ] 61%
2026-07-09T03:11:17.769Z,smriti9/create-site,Updating DocTypes for erpnext       : [========================                ] 61%
2026-07-09T03:11:17.769Z,smriti9/create-site,Updating DocTypes for erpnext       : [========================                ] 61%
2026-07-09T03:11:17.769Z,smriti9/create-site,Updating DocTypes for erpnext       : [========================                ] 61%
2026-07-09T03:11:17.769Z,smriti9/create-site,Updating DocTypes for erpnext       : [========================                ] 61%
2026-07-09T03:11:17.769Z,smriti9/create-site,Updating DocTypes for erpnext       : [========================                ] 61%
2026-07-09T03:11:17.769Z,smriti9/create-site,Updating DocTypes for erpnext       : [========================                ] 61%
2026-07-09T03:11:17.769Z,smriti9/create-site,Updating DocTypes for erpnext       : [========================                ] 62%
2026-07-09T03:11:17.769Z,smriti9/create-site,Updating DocTypes for erpnext       : [========================                ] 62%
2026-07-09T03:11:17.769Z,smriti9/create-site,Updating DocTypes for erpnext       : [========================                ] 62%
2026-07-09T03:11:17.769Z,smriti9/create-site,Updating DocTypes for erpnext       : [========================                ] 62%
2026-07-09T03:11:17.769Z,smriti9/create-site,Updating DocTypes for erpnext       : [========================                ] 62%
2026-07-09T03:11:17.769Z,smriti9/create-site,Updating DocTypes for erpnext       : [=========================               ] 62%
2026-07-09T03:11:17.769Z,smriti9/create-site,Updating DocTypes for erpnext       : [=========================               ] 62%
2026-07-09T03:11:17.769Z,smriti9/create-site,Updating DocTypes for erpnext       : [=========================               ] 62%
2026-07-09T03:11:17.769Z,smriti9/create-site,Updating DocTypes for erpnext       : [=========================               ] 62%
2026-07-09T03:11:17.769Z,smriti9/create-site,Updating DocTypes for erpnext       : [=========================               ] 63%
2026-07-09T03:11:17.769Z,smriti9/create-site,Updating DocTypes for erpnext       : [=========================               ] 63%
2026-07-09T03:11:17.769Z,smriti9/create-site,Updating DocTypes for erpnext       : [=========================               ] 63%
2026-07-09T03:11:17.769Z,smriti9/create-site,Updating DocTypes for erpnext       : [=========================               ] 63%
2026-07-09T03:11:17.769Z,smriti9/create-site,Updating DocTypes for erpnext       : [=========================               ] 63%
2026-07-09T03:11:17.769Z,smriti9/create-site,Updating DocTypes for erpnext       : [=========================               ] 63%
2026-07-09T03:11:17.769Z,smriti9/create-site,Updating DocTypes for erpnext       : [=========================               ] 63%
2026-07-09T03:11:17.769Z,smriti9/create-site,Updating DocTypes for erpnext       : [=========================               ] 63%
2026-07-09T03:11:17.769Z,smriti9/create-site,Updating DocTypes for erpnext       : [=========================               ] 63%
2026-07-09T03:11:17.769Z,smriti9/create-site,Updating DocTypes for erpnext       : [=========================               ] 64%
2026-07-09T03:11:17.769Z,smriti9/create-site,Updating DocTypes for erpnext       : [=========================               ] 64%
2026-07-09T03:11:17.769Z,smriti9/create-site,Updating DocTypes for erpnext       : [=========================               ] 64%
2026-07-09T03:11:17.769Z,smriti9/create-site,Updating DocTypes for erpnext       : [=========================               ] 64%
2026-07-09T03:11:17.769Z,smriti9/create-site,Updating DocTypes for erpnext       : [=========================               ] 64%
2026-07-09T03:11:17.769Z,smriti9/create-site,Updating DocTypes for erpnext       : [=========================               ] 64%
2026-07-09T03:11:17.769Z,smriti9/create-site,Updating DocTypes for erpnext       : [=========================               ] 64%
2026-07-09T03:11:17.769Z,smriti9/create-site,Updating DocTypes for erpnext       : [=========================               ] 64%
2026-07-09T03:11:17.769Z,smriti9/create-site,Updating DocTypes for erpnext       : [=========================               ] 64%
2026-07-09T03:11:17.769Z,smriti9/create-site,Updating DocTypes for erpnext       : [==========================              ] 65%
2026-07-09T03:11:17.769Z,smriti9/create-site,Updating DocTypes for er2026-07-09T03:11:17.769099942Z pnext       : [==========================              ] 65%
2026-07-09T03:11:17.769Z,smriti9/create-site,Updating DocTypes for erpnext       : [==========================              ] 65%
2026-07-09T03:11:17.769Z,smriti9/create-site,Updating DocTypes for erpnext       : [==========================              ] 65%
2026-07-09T03:11:17.769Z,smriti9/create-site,Updating DocTypes for erpnext       : [==========================              ] 65%
2026-07-09T03:11:17.769Z,smriti9/create-site,Updating DocTypes for erpnext       : [==========================              ] 65%
2026-07-09T03:11:17.769Z,smriti9/create-site,Updating DocTypes for erpnext       : [==========================              ] 65%
2026-07-09T03:11:17.769Z,smriti9/create-site,Updating DocTypes for erpnext       : [==========================              ] 65%
2026-07-09T03:11:17.769Z,smriti9/create-site,Updating DocTypes for erpnext       : [==========================              ] 65%
2026-07-09T03:11:17.769Z,smriti9/create-site,Updating DocTypes for erpnext       : [==========================              ] 66%
2026-07-09T03:11:17.769Z,smriti9/create-site,Updating DocTypes for erpnext       : [==========================              ] 66%
2026-07-09T03:11:17.769Z,smriti9/create-site,Updating DocTypes for erpnext       : [==========================              ] 66%
2026-07-09T03:11:17.769Z,smriti9/create-site,Updating DocTypes for erpnext       : [==========================              ] 66%
2026-07-09T03:11:17.769Z,smriti9/create-site,Updating DocTypes for erpnext       : [==========================              ] 66%
2026-07-09T03:11:17.769Z,smriti9/create-site,Updating DocTypes for erpnext       : [==========================              ] 66%
2026-07-09T03:11:17.769Z,smriti9/create-site,Updating DocTypes for erpnext       : [==========================              ] 66%
2026-07-09T03:11:17.769Z,smriti9/create-site,Updating DocTypes for erpnext       : [==========================              ] 66%
2026-07-09T03:11:17.769Z,smriti9/create-site,Updating DocTypes for erpnext       : [==========================              ] 66%
2026-07-09T03:11:17.769Z,smriti9/create-site,Updating DocTypes for erpnext       : [==========================              ] 67%
2026-07-09T03:11:17.769Z,smriti9/create-site,Updating DocTypes for erpnext       : [==========================              ] 67%
2026-07-09T03:11:17.769Z,smriti9/create-site,Updating DocTypes for erpnext       : [==========================              ] 67%
2026-07-09T03:11:17.769Z,smriti9/create-site,Updating DocTypes for erpnext       : [==========================              ] 67%
2026-07-09T03:11:17.769Z,smriti9/create-site,Updating DocTypes for erpnext       : [===========================             ] 67%
2026-07-09T03:11:17.769Z,smriti9/create-site,Updating DocTypes for erpnext       : [===========================             ] 67%
2026-07-09T03:11:17.769Z,smriti9/create-site,Updating DocTypes for erpnext       : [===========================             ] 67%
2026-07-09T03:11:17.769Z,smriti9/create-site,Updating DocTypes for erpnext       : [===========================             ] 67%
2026-07-09T03:11:17.769Z,smriti9/create-site,Updating DocTypes for erpnext       : [===========================             ] 67%
2026-07-09T03:11:17.769Z,smriti9/create-site,Updating DocTypes for erpnext       : [===========================             ] 68%
2026-07-09T03:11:17.769Z,smriti9/create-site,Updating DocTypes for erpnext       : [===========================             ] 68%
2026-07-09T03:11:17.769Z,smriti9/create-site,Updating DocTypes for erpnext       : [===========================             ] 68%
2026-07-09T03:11:17.769Z,smriti9/create-site,Updating DocTypes for erpnext       : [===========================             ] 68%
2026-07-09T03:11:17.769Z,smriti9/create-site,Updating DocTypes for erpnext       : [===========================             ] 68%
2026-07-09T03:11:17.769Z,smriti9/create-site,Updating DocTypes for erpnext       : [===========================             ] 68%
2026-07-09T03:11:17.769Z,smriti9/create-site,Updating DocTypes for erpnext       : [===========================             ] 68%
2026-07-09T03:11:17.769Z,smriti9/create-site,Updating DocTypes for erpnext       : [===========================             ] 68%
2026-07-09T03:11:17.769Z,smriti9/create-site,Updating DocTypes for erpnext       : [===========================             ] 68%
2026-07-09T03:11:17.769Z,smriti9/create-site,Updating DocTypes for erpnext       : [===========================             ] 69%
2026-07-09T03:11:17.769Z,smriti9/create-site,Updating DocTypes for erpnext       : [===========================             ] 69%
2026-07-09T03:11:17.769Z,smriti9/create-site,Updating DocTypes for erpnext       : [===========================             ] 69%
2026-07-09T03:11:17.769Z,smriti9/create-site,Updating DocTypes for erpnext       : [===========================             ] 69%
2026-07-09T03:11:17.769Z,smriti9/create-site,Updating DocTypes for erpnext       : [===========================             ] 69%
2026-07-09T03:11:17.769Z,smriti9/create-site,Updating DocTypes for erpnext       : [===========================             ] 69%
2026-07-09T03:11:17.769Z,smriti9/create-site,Updating DocTypes for erpnext       : [===========================             ] 69%
2026-07-09T03:11:17.769Z,smriti9/create-site,Updating DocTypes for erpnext       : [===========================             ] 69%
2026-07-09T03:11:17.769Z,smriti9/create-site,Updating DocTypes for erpnext       : [============================            ] 70%
2026-07-09T03:11:17.769Z,smriti9/create-site,Updating DocTypes for erpnext       : [============================            ] 70%
2026-07-09T03:11:17.769Z,smriti9/create-site,Updating DocTypes for erpnext       : [============================            ] 70%
2026-07-09T03:11:17.769Z,smriti9/create-site,Updating DocTypes for erpnext       : [============================            ] 70%
2026-07-09T03:11:17.769Z,smriti9/create-site,Updating DocTypes for erpnext       : [============================            ] 70%
2026-07-09T03:11:17.769Z,smriti9/create-site,Updating DocTypes for erpnext       : [============================            ] 70%
2026-07-09T03:11:17.769Z,smriti9/create-site,Updating DocTypes for erpnext       : [============================            ] 70%
2026-07-09T03:11:17.769Z,smriti9/create-site,Updating DocTypes for erpnext       : [============================            ] 70%
2026-07-09T03:11:17.769Z,smriti9/create-site,Updating DocTypes for erpnext       : [============================            ] 70%
2026-07-09T03:11:17.769Z,smriti9/create-site,Updating DocTypes for erpnext       : [============================            ] 71%
2026-07-09T03:11:17.769Z,smriti9/create-site,Updating DocTypes for erpnext       : [============================            ] 71%
2026-07-09T03:11:17.769Z,smriti9/create-site,Updating DocTypes for erpnext       : [============================            ] 71%
2026-07-09T03:11:17.769Z,smriti9/create-site,Updating DocTypes for erpnext       : [============================            ] 71%
2026-07-09T03:11:17.769Z,smriti9/create-site,Updating DocTypes for erpnext       : [============================            ] 71%
2026-07-09T03:11:17.769Z,smriti9/create-site,Updating DocTypes for erpnext       : [============================            ] 71%
2026-07-09T03:11:17.769Z,smriti9/create-site,Updating DocTypes for erpnext       : [============================            ] 71%
2026-07-09T03:11:17.769Z,smriti9/create-site,Updating DocTypes for erpnext       : [============================            ] 71%
2026-07-09T03:11:17.769Z,smriti9/create-site,Updating DocTypes for erpnext       : [============================            ] 71%
2026-07-09T03:11:17.769Z,smriti9/create-site,Updating DocTypes for erpnext       : [============================            ] 72%
2026-07-09T03:11:17.769Z,smriti9/create-site,Updating DocTypes for erpnext       : [============================            ] 72%
2026-07-09T03:11:17.769Z,smriti9/create-site,Updating DocTypes for erpnext       : [============================            ] 72%
2026-07-09T03:11:17.769Z,smriti9/create-site,Updating DocTypes for erpnext       : [============================            ] 72%
2026-07-09T03:11:17.769Z,smriti9/create-site,Updating DocTypes for erpnext       : [============================            ] 72%
2026-07-09T03:11:17.769Z,smriti9/create-site,Updating DocTypes for erpnext       : [=============================           ] 72%
2026-07-09T03:11:17.769Z,smriti9/create-site,Updating DocTypes for erpnext       : [=============================           ] 72%
2026-07-09T03:11:17.769Z,smriti9/create-site,Updating DocTypes for erpnext       : [=============================           ] 72%
2026-07-09T03:11:17.769Z,smriti9/create-site,Updating DocTypes for erpnext       : [=============================           ] 72%
2026-07-09T03:11:17.769Z,smriti9/create-site,Updating DocTypes for erpnext       : [=============================           ] 73%
2026-07-09T03:11:17.769Z,smriti9/create-site,Updating DocTypes for erpnext       : [=============================           ] 73%
2026-07-09T03:11:17.769Z,smriti9/create-site,Updating DocTypes for erpnext       : [=============================           ] 73%
2026-07-09T03:11:17.769Z,smriti9/create-site,Updating DocTypes for erpnext       : [=============================           ] 73%
2026-07-09T03:11:17.769Z,smriti9/create-site,Updating DocTypes for erpnext       : [=============================           ] 73%
2026-07-09T03:11:17.769Z,smriti9/create-site,Updating DocTypes for erpnext       : [=============================           ] 73%
2026-07-09T03:11:17.769Z,smriti9/create-site,Updating DocTypes for erpnext       : [=============================           ] 73%
2026-07-09T03:11:17.769Z,smriti9/create-site,Updating DocTypes for erpnext       : [=============================           ] 73%
2026-07-09T03:11:17.769Z,smriti9/create-site,Updating DocTypes for erpnext       : [=============================           ] 73%
2026-07-09T03:11:17.769Z,smriti9/create-site,Updating DocTypes for erpnext       : [=============================           ] 74%
2026-07-09T03:11:17.769Z,smriti9/create-site,Updating DocTypes for erpnext       : [=============================           ] 74%
2026-07-09T03:11:17.769Z,smriti9/create-site,Updating DocTypes for erpnext       : [=============================           ] 74%
2026-07-09T03:11:17.769Z,smriti9/create-site,Updating DocTypes for erpnext       : [=============================           ] 74%
2026-07-09T03:11:17.769Z,smriti9/create-site,Updating DocTypes for erpnext       : [=============================           ] 74%
2026-07-09T03:11:17.769Z,smriti9/create-site,Updating DocTypes for erpnext       : [=============================           ] 74%
2026-07-09T03:11:17.769Z,smriti9/create-site,Updating DocTypes for erpnext       : [=============================           ] 74%
2026-07-09T03:11:17.769Z,smriti9/create-site,Updating DocTypes for erpnext       : [=============================           ] 74%
2026-07-09T03:11:17.769Z,smriti9/create-site,Updating DocTypes for erpnext       : [=============================           ] 74%
2026-07-09T03:11:17.769Z,smriti9/create-site,Updating DocTypes for erpnext       : [==============================          ] 75%
2026-07-09T03:11:17.769Z,smriti9/create-site,Updating DocTypes for erpnext       : [==============================          ] 75%
2026-07-09T03:11:17.769Z,smriti9/create-site,Updating DocTypes for erpnext       : [==============================          ] 75%
2026-07-09T03:11:17.769Z,smriti9/create-site,Updating DocTypes for erpnext       : [==============================          ] 75%
2026-07-09T03:11:17.769Z,smriti9/create-site,Updating DocTypes for erpnext       : [==============================          ] 75%
2026-07-09T03:11:17.769Z,smriti9/create-site,Updating DocTypes for erpnext       : [==============================          ] 75%
2026-07-09T03:11:17.769Z,smriti9/create-site,Updating DocTypes for erpnext       : [==============================          ] 75%
2026-07-09T03:11:17.769Z,smriti9/create-site,Updating DocTypes for erpnext       : [==============================          ] 75%
2026-07-09T03:11:17.769Z,smriti9/create-site,Updating DocTypes for erpnext       : [==============================          ] 75%
2026-07-09T03:11:17.769Z,smriti9/create-site,Updating DocTypes for erpnext       : [==============================          ] 76%
2026-07-09T03:11:17.769Z,smriti9/create-site,Updating DocTypes for erpnext       : [==============================          ] 76%
2026-07-09T03:11:17.769Z,smriti9/create-site,Updating DocTypes for erpnext       : [==============================          ] 76%
2026-07-09T03:11:17.769Z,smriti9/create-site,Updating DocTypes for erpnext       : [==============================          ] 76%
2026-07-09T03:11:17.769Z,smriti9/create-site,Updating DocTypes for erpnext       : [==============================          ] 76%
2026-07-09T03:11:17.769Z,smriti9/create-site,Updating DocTypes for erpnext       : [==============================          ] 76%
2026-07-09T03:11:17.769Z,smriti9/create-site,Updating DocTypes for erpnext       : [==============================          ] 76%
2026-07-09T03:11:17.769Z,smriti9/create-site,Updating DocTypes for erpnext       : [==============================          ] 76%
2026-07-09T03:11:17.769Z,smriti9/create-site,Updating DocTypes for erpnext       : [==============================          ] 76%
2026-07-09T03:11:17.769Z,smriti9/create-site,Updating DocTypes for erpnext       : [==============================          ] 77%
2026-07-09T03:11:17.769Z,smriti9/create-site,Updating DocTypes for erpnext       : [==============================          ] 77%
2026-07-09T03:11:17.769Z,smriti9/create-site,Updating DocTypes for erpnext       : [==============================          ] 77%
2026-07-09T03:11:17.769Z,smriti9/create-site,Updating DocTypes for erpnext       : [==============================          ] 77%
2026-07-09T03:11:17.769Z,smriti9/create-site,Updating DocTypes for erpnext       : [===============================         ] 77%
2026-07-09T03:11:17.769Z,smriti9/create-site,Updating DocTypes for erpnext       : [===============================         ] 77%
2026-07-09T03:11:17.769Z,smriti9/create-site,Updating DocTypes for erpnext       : [===============================         ] 77%
2026-07-09T03:11:17.769Z,smriti9/create-site,Updating DocTypes for erpnext       : [===============================         ] 77%
2026-07-09T03:11:17.769Z,smriti9/create-site,Updating DocTypes for erpnext       : [===============================         ] 77%
2026-07-09T03:11:17.769Z,smriti9/create-site,Updating DocTypes for erpnext       : [===============================         ] 78%
2026-07-09T03:11:17.769Z,smriti9/create-site,Updating DocTypes for erpnext       : [===============================         ] 78%
2026-07-09T03:11:17.769Z,smriti9/create-site,Updating DocTypes for erpnext       : [===============================         ] 78%
2026-07-09T03:11:17.769Z,smriti9/create-site,Updating DocTypes for erpnext       : [===============================         ] 78%
2026-07-09T03:11:17.769Z,smriti9/create-site,Updating DocTypes for erpnext       : [===============================         ] 78%
2026-07-09T03:11:17.769Z,smriti9/create-site,Updating DocTypes for erpnext       : [===============================         ] 78%
2026-07-09T03:11:17.769Z,smriti9/create-site,Updating DocTypes for erpnext       : [===============================         ] 78%
2026-07-09T03:11:17.769Z,smriti9/create-site,Updating DocTypes for erpnext       : [===============================         ] 78%
2026-07-09T03:11:17.769Z,smriti9/create-site,Updating DocTypes for erpnext       : [===============================         ] 78%
2026-07-09T03:11:17.769Z,smriti9/create-site,Updating DocTypes for erpnext       : [===============================         ] 79%
2026-07-09T03:11:17.769Z,smriti9/create-site,Updating DocTypes for erpnext       : [===============================         ] 79%
2026-07-09T03:11:17.769Z,smriti9/create-site,Updating DocTypes for erpnext       : [===============================         ] 79%
2026-07-09T03:11:17.769Z,smriti9/create-site,Updating DocTypes for erpnext       : [===============================         ] 79%
2026-07-09T03:11:17.769Z,smriti9/create-site,Updating DocTypes for erpnext       : [===============================         ] 79%
2026-07-09T03:11:17.769Z,smriti9/create-site,Updating DocTypes for erpnext       : [===============================         ] 79%
2026-07-09T03:11:17.769Z,smriti9/create-site,Updating DocTypes for erpnext       : [===============================         ] 79%
2026-07-09T03:11:17.769Z,smriti9/create-site,Updating DocTypes for erpnext       : [===============================         ] 79%
2026-07-09T03:11:17.769Z,smriti9/create-site,Updating DocTypes for erpnext       : [================================        ] 80%
2026-07-09T03:11:17.769Z,smriti9/create-site,Updating DocTypes for erpnext       : [================================        ] 80%
2026-07-09T03:11:17.769Z,smriti9/create-site,Updating DocTypes for erpnext       : [================================        ] 80%
2026-07-09T03:11:17.769Z,smriti9/create-site,Updating DocTypes for erpnext       : [================================        ] 80%
2026-07-09T03:11:17.769Z,smriti9/create-site,Updating DocTypes for erpnext       : [================================        ] 80%
2026-07-09T03:11:17.769Z,smriti9/create-site,Updating DocTypes for erpnext       : [================================        ] 80%
2026-07-09T03:11:17.769Z,smriti9/create-site,Updating DocTypes for erpnext       : [================================        ] 80%
2026-07-09T03:11:17.769Z,smriti9/create-site,Updating DocTypes for erpnext       : [================================        ] 80%
2026-07-09T03:11:17.769Z,smriti9/create-site,Updating DocTypes for erpnext       : [================================        ] 80%
2026-07-09T03:11:17.769Z,smriti9/create-site,Updating DocTypes for erpnext       : [================================        ] 81%
2026-07-09T03:11:17.769Z,smriti9/create-site,Updating DocTypes for erpnext       : [================================        ] 81%
2026-07-09T03:11:17.769Z,smriti9/create-site,Updating DocTypes for erpnext       : [================================        ] 81%
2026-07-09T03:11:17.769Z,smriti9/create-site,Updating DocTypes for erpnext       : [================================        ] 81%
2026-07-09T03:11:17.769Z,smriti9/create-site,Updating DocTypes for erpnext       : [================================        ] 81%
2026-07-09T03:11:17.769Z,smriti9/create-site,Updating DocTypes for erpnext       : [================================        ] 81%
2026-07-09T03:11:17.769Z,smriti9/create-site,Updating DocTypes for erpnext       : [================================        ] 81%
2026-07-09T03:11:17.769Z,smriti9/create-site,Updating DocTypes for erpnext       : [================================        ] 81%
2026-07-09T03:11:17.769Z,smriti9/create-site,Updating DocTypes for erpnext       : [================================        ] 81%
2026-07-09T03:11:17.769Z,smriti9/create-site,Updating DocTypes for erpnext       : [================================        ] 82%
2026-07-09T03:11:17.769Z,smriti9/create-site,Updating DocTypes for erpnext       : [================================        ] 82%
2026-07-09T03:11:17.769Z,smriti9/create-site,Updating DocTypes for erpnext       : [================================        ] 82%
2026-07-09T03:11:17.769Z,smriti9/create-site,Updating DocTypes for erpnext       : [================================        ] 82%
2026-07-09T03:11:17.769Z,smriti9/create-site,Updating DocTypes for erpnext       : [================================        ] 82%
2026-07-09T03:11:17.769Z,smriti9/create-site,Updating DocTypes for erpnext       : [=================================       ] 82%
2026-07-09T03:11:17.769Z,smriti9/create-site,Updating DocTypes for erpnext       : [=================================       ] 82%
2026-07-09T03:11:17.769Z,smriti9/create-site,Updating DocTypes for erpnext       : [=================================       ] 82%
2026-07-09T03:11:17.769Z,smriti9/create-site,Updating DocTypes for erpnext       : [=================================       ] 82%
2026-07-09T03:11:17.769Z,smriti9/create-site,Updating DocTypes for erpnext       : [=================================       ] 83%
2026-07-09T03:11:17.769Z,smriti9/create-site,Updating DocTypes for erpnext       : [=================================       ] 83%
2026-07-09T03:11:17.769Z,smriti9/create-site,Updating DocTypes for erpnext       : [=================================       ] 83%
2026-07-09T03:11:17.769Z,smriti9/create-site,Updating DocTypes for erpnext       : [=================================       ] 83%
2026-07-09T03:11:17.769Z,smriti9/create-site,Updating DocTypes for erpnext       : [=================================       ] 83%
2026-07-09T03:11:17.769Z,smriti9/create-site,Updating DocTypes for erpnext       : [=================================       ] 83%
2026-07-09T03:11:17.769Z,smriti9/create-site,Updating DocTypes for erpnext       : [=================================       ] 83%
2026-07-09T03:11:17.769Z,smriti9/create-site,Updating DocTypes for erpnext       : [=================================       ] 83%
2026-07-09T03:11:17.769Z,smriti9/create-site,Updating DocTypes for erpnext       : [=================================       ] 83%
2026-07-09T03:11:17.769Z,smriti9/create-site,Updating DocTypes for erpnext       : [=================================       ] 84%
2026-07-09T03:11:17.769Z,smriti9/create-site,Updating DocTypes for erpnext       : [=================================       ] 84%
2026-07-09T03:11:17.769Z,smriti9/create-site,Updating DocTypes for erpnext       : [=================================       ] 84%
2026-07-09T03:11:17.769Z,smriti9/create-site,Updating DocTypes for erpnext       : [=================================       ] 84%
2026-07-09T03:11:17.769Z,smriti9/create-site,Updating DocTypes for erpnext       : [=================================       ] 84%
2026-07-09T03:11:17.769Z,smriti9/create-site,Updating DocTypes for erpnext       : [=================================       ] 84%
2026-07-09T03:11:17.769Z,smriti9/create-site,Updating DocTypes for erpnext       : [=================================       ] 84%
2026-07-09T03:11:17.769Z,smriti9/create-site,Updating DocTypes for erpnext       : [=================================       ] 84%
2026-07-09T03:11:17.769Z,smriti9/create-site,Updating DocTypes for erpnext       : [=================================       ] 84%
2026-07-09T03:11:17.769Z,smriti9/create-site,Updating DocTypes for erpnext       : [==================================      ] 85%
2026-07-09T03:11:17.769Z,smriti9/create-site,Updating DocTypes for erpnext       : [==================================      ] 85%
2026-07-09T03:11:17.769Z,smriti9/create-site,Updating DocTypes for erpnext       : [==================================      ] 85%
2026-07-09T03:11:17.769Z,smriti9/create-site,Updating DocTypes for erpnext       : [==================================      ] 85%
2026-07-09T03:11:17.769Z,smriti9/create-site,Updating DocTypes for erpnext       : [==================================      ] 85%
2026-07-09T03:11:17.769Z,smriti9/create-site,Updating DocTypes for erpnext       : [==================================      ] 85%
2026-07-09T03:11:17.769Z,smriti9/create-site,Updating DocTypes for erpnext       : [==================================      ] 85%
2026-07-09T03:11:17.769Z,smriti9/create-site,Updating DocTypes for erpnext       : [==================================      ] 85%
2026-07-09T03:11:17.769Z,smriti9/create-site,Updating DocTypes for erpnext       : [==================================      ] 85%
2026-07-09T03:11:17.769Z,smriti9/create-site,Updating DocTypes for erpnext       : [==================================      ] 86%
2026-07-09T03:11:17.769Z,smriti9/create-site,Updating DocTypes for erpnext       : [==================================      ] 86%
2026-07-09T03:11:17.769Z,smriti9/create-site,Updating DocTypes for erpnext       : [==================================      ] 86%
2026-07-09T03:11:17.769Z,smriti9/create-site,Updating DocTypes for erpnext       : [==================================      ] 86%
2026-07-09T03:11:17.769Z,smriti9/create-site,Updating DocTypes for erpnext       : [==================================      ] 86%
2026-07-09T03:11:17.769Z,smriti9/create-site,Updating DocTypes for erpnext       : [==================================      ] 86%
2026-07-09T03:11:17.769Z,smriti9/create-site,Updating DocTypes for erpnext       : [==================================      ] 86%
2026-07-09T03:11:17.769Z,smriti9/create-site,Upd2026-07-09T03:11:17.769099942Z ating DocTypes for erpnext       : [==================================      ] 86%
2026-07-09T03:11:17.769Z,smriti9/create-site,Updating DocTypes for erpnext       : [==================================      ] 86%
2026-07-09T03:11:17.769Z,smriti9/create-site,Updating DocTypes for erpnext       : [==================================      ] 87%
2026-07-09T03:11:17.769Z,smriti9/create-site,Updating DocTypes for erpnext       : [==================================      ] 87%
2026-07-09T03:11:17.769Z,smriti9/create-site,Updating DocTypes for erpnext       : [==================================      ] 87%
2026-07-09T03:11:17.769Z,smriti9/create-site,Updating DocTypes for erpnext       : [==================================      ] 87%
2026-07-09T03:11:17.769Z,smriti9/create-site,Updating DocTypes for erpnext       : [===================================     ] 87%
2026-07-09T03:11:17.769Z,smriti9/create-site,Updating DocTypes for erpnext       : [===================================     ] 87%
2026-07-09T03:11:17.769Z,smriti9/create-site,Updating DocTypes for erpnext       : [===================================     ] 87%
2026-07-09T03:11:17.769Z,smriti9/create-site,Updating DocTypes for erpnext       : [===================================     ] 87%
2026-07-09T03:11:17.769Z,smriti9/create-site,Updating DocTypes for erpnext       : [===================================     ] 87%
2026-07-09T03:11:17.769Z,smriti9/create-site,Updating DocTypes for erpnext       : [===================================     ] 88%
2026-07-09T03:11:17.769Z,smriti9/create-site,Updating DocTypes for erpnext       : [===================================     ] 88%
2026-07-09T03:11:17.769Z,smriti9/create-site,Updating DocTypes for erpnext       : [===================================     ] 88%
2026-07-09T03:11:17.769Z,smriti9/create-site,Updating DocTypes for erpnext       : [===================================     ] 88%
2026-07-09T03:11:17.769Z,smriti9/create-site,Updating DocTypes for erpnext       : [===================================     ] 88%
2026-07-09T03:11:17.769Z,smriti9/create-site,Updating DocTypes for erpnext       : [===================================     ] 88%
2026-07-09T03:11:17.769Z,smriti9/create-site,Updating DocTypes for erpnext       : [===================================     ] 88%
2026-07-09T03:11:17.769Z,smriti9/create-site,Updating DocTypes for erpnext       : [===================================     ] 88%
2026-07-09T03:11:17.769Z,smriti9/create-site,Updating DocTypes for erpnext       : [===================================     ] 88%
2026-07-09T03:11:17.769Z,smriti9/create-site,Updating DocTypes for erpnext       : [===================================     ] 89%
2026-07-09T03:11:17.769Z,smriti9/create-site,Updating DocTypes for erpnext       : [===================================     ] 89%
2026-07-09T03:11:17.769Z,smriti9/create-site,Updating DocTypes for erpnext       : [===================================     ] 89%
2026-07-09T03:11:17.769Z,smriti9/create-site,Updating DocTypes for erpnext       : [===================================     ] 89%
2026-07-09T03:11:17.769Z,smriti9/create-site,Updating DocTypes for erpnext       : [===================================     ] 89%
2026-07-09T03:11:17.769Z,smriti9/create-site,Updating DocTypes for erpnext       : [===================================     ] 89%
2026-07-09T03:11:17.769Z,smriti9/create-site,Updating DocTypes for erpnext       : [===================================     ] 89%
2026-07-09T03:11:17.769Z,smriti9/create-site,Updating DocTypes for erpnext       : [===================================     ] 89%
2026-07-09T03:11:17.769Z,smriti9/create-site,Updating DocTypes for erpnext       : [====================================    ] 90%
2026-07-09T03:11:17.769Z,smriti9/create-site,Updating DocTypes for erpnext       : [====================================    ] 90%
2026-07-09T03:11:17.769Z,smriti9/create-site,Updating DocTypes for erpnext       : [====================================    ] 90%
2026-07-09T03:11:17.769Z,smriti9/create-site,Updating DocTypes for erpnext       : [====================================    ] 90%
2026-07-09T03:11:17.769Z,smriti9/create-site,Updating DocTypes for erpnext       : [====================================    ] 90%
2026-07-09T03:11:17.769Z,smriti9/create-site,Updating DocTypes for erpnext       : [====================================    ] 90%
2026-07-09T03:11:17.769Z,smriti9/create-site,Updating DocTypes for erpnext       : [====================================    ] 90%
2026-07-09T03:11:17.769Z,smriti9/create-site,Updating DocTypes for erpnext       : [====================================    ] 90%
2026-07-09T03:11:17.769Z,smriti9/create-site,Updating DocTypes for erpnext       : [====================================    ] 90%
2026-07-09T03:11:17.769Z,smriti9/create-site,Updating DocTypes for erpnext       : [====================================    ] 91%
2026-07-09T03:11:17.769Z,smriti9/create-site,Updating DocTypes for erpnext       : [====================================    ] 91%
2026-07-09T03:11:17.769Z,smriti9/create-site,Updating DocTypes for erpnext       : [====================================    ] 91%
2026-07-09T03:11:17.769Z,smriti9/create-site,Updating DocTypes for erpnext       : [====================================    ] 91%
2026-07-09T03:11:17.769Z,smriti9/create-site,Updating DocTypes for erpnext       : [====================================    ] 91%
2026-07-09T03:11:17.769Z,smriti9/create-site,Updating DocTypes for erpnext       : [====================================    ] 91%
2026-07-09T03:11:17.769Z,smriti9/create-site,Updating DocTypes for erpnext       : [====================================    ] 91%
2026-07-09T03:11:17.769Z,smriti9/create-site,Updating DocTypes for erpnext       : [====================================    ] 91%
2026-07-09T03:11:17.769Z,smriti9/create-site,Updating DocTypes for erpnext       : [====================================    ] 91%
2026-07-09T03:11:17.769Z,smriti9/create-site,Updating DocTypes for erpnext       : [====================================    ] 92%
2026-07-09T03:11:17.769Z,smriti9/create-site,Updating DocTypes for erpnext       : [====================================    ] 92%
2026-07-09T03:11:17.769Z,smriti9/create-site,Updating DocTypes for erpnext       : [====================================    ] 92%
2026-07-09T03:11:17.769Z,smriti9/create-site,Updating DocTypes for erpnext       : [====================================    ] 92%
2026-07-09T03:11:17.769Z,smriti9/create-site,Updating DocTypes for erpnext       : [====================================    ] 92%
2026-07-09T03:11:17.769Z,smriti9/create-site,Updating DocTypes for erpnext       : [=====================================   ] 92%
2026-07-09T03:11:17.769Z,smriti9/create-site,Updating DocTypes for erpnext       : [=====================================   ] 92%
2026-07-09T03:11:17.769Z,smriti9/create-site,Updating DocTypes for erpnext       : [=====================================   ] 92%
2026-07-09T03:11:17.769Z,smriti9/create-site,Updating DocTypes for erpnext       : [=====================================   ] 92%
2026-07-09T03:11:17.769Z,smriti9/create-site,Updating DocTypes for erpnext       : [=====================================   ] 93%
2026-07-09T03:11:17.769Z,smriti9/create-site,Updating DocTypes for erpnext       : [=====================================   ] 93%
2026-07-09T03:11:17.769Z,smriti9/create-site,Updating DocTypes for erpnext       : [=====================================   ] 93%
2026-07-09T03:11:17.769Z,smriti9/create-site,Updating DocTypes for erpnext       : [=====================================   ] 93%
2026-07-09T03:11:17.769Z,smriti9/create-site,Updating DocTypes for erpnext       : [=====================================   ] 93%
2026-07-09T03:11:17.769Z,smriti9/create-site,Updating DocTypes for erpnext       : [=====================================   ] 93%
2026-07-09T03:11:17.769Z,smriti9/create-site,Updating DocTypes for erpnext       : [=====================================   ] 93%
2026-07-09T03:11:17.769Z,smriti9/create-site,Updating DocTypes for erpnext       : [=====================================   ] 93%
2026-07-09T03:11:17.769Z,smriti9/create-site,Updating DocTypes for erpnext       : [=====================================   ] 93%
2026-07-09T03:11:17.769Z,smriti9/create-site,Updating DocTypes for erpnext       : [=====================================   ] 94%
2026-07-09T03:11:17.769Z,smriti9/create-site,Updating DocTypes for erpnext       : [=====================================   ] 94%
2026-07-09T03:11:17.769Z,smriti9/create-site,Updating DocTypes for erpnext       : [=====================================   ] 94%
2026-07-09T03:11:17.769Z,smriti9/create-site,Updating DocTypes for erpnext       : [=====================================   ] 94%
2026-07-09T03:11:17.769Z,smriti9/create-site,Updating DocTypes for erpnext       : [=====================================   ] 94%
2026-07-09T03:11:17.769Z,smriti9/create-site,Updating DocTypes for erpnext       : [=====================================   ] 94%
2026-07-09T03:11:17.769Z,smriti9/create-site,Updating DocTypes for erpnext       : [=====================================   ] 94%
2026-07-09T03:11:17.769Z,smriti9/create-site,Updating DocTypes for erpnext       : [=====================================   ] 94%
2026-07-09T03:11:17.769Z,smriti9/create-site,Updating DocTypes for erpnext       : [=====================================   ] 94%
2026-07-09T03:11:17.769Z,smriti9/create-site,Updating DocTypes for erpnext       : [======================================  ] 95%
2026-07-09T03:11:17.769Z,smriti9/create-site,Updating DocTypes for erpnext       : [======================================  ] 95%
2026-07-09T03:11:17.769Z,smriti9/create-site,Updating DocTypes for erpnext       : [======================================  ] 95%
2026-07-09T03:11:17.769Z,smriti9/create-site,Updating DocTypes for erpnext       : [======================================  ] 95%
2026-07-09T03:11:17.769Z,smriti9/create-site,Updating DocTypes for erpnext       : [======================================  ] 95%
2026-07-09T03:11:17.769Z,smriti9/create-site,Updating DocTypes for erpnext       : [======================================  ] 95%
2026-07-09T03:11:17.769Z,smriti9/create-site,Updating DocTypes for erpnext       : [======================================  ] 95%
2026-07-09T03:11:17.769Z,smriti9/create-site,Updating DocTypes for erpnext       : [======================================  ] 95%
2026-07-09T03:11:17.769Z,smriti9/create-site,Updating DocTypes for erpnext       : [======================================  ] 95%
2026-07-09T03:11:17.769Z,smriti9/create-site,Updating DocTypes for erpnext       : [======================================  ] 96%
2026-07-09T03:11:17.769Z,smriti9/create-site,Updating DocTypes for erpnext       : [======================================  ] 96%
2026-07-09T03:11:17.769Z,smriti9/create-site,Updating DocTypes for erpnext       : [======================================  ] 96%
2026-07-09T03:11:17.769Z,smriti9/create-site,Updating DocTypes for erpnext       : [======================================  ] 96%
2026-07-09T03:11:17.769Z,smriti9/create-site,Updating DocTypes for erpnext       : [======================================  ] 96%
2026-07-09T03:11:17.769Z,smriti9/create-site,Updating DocTypes for erpnext       : [======================================  ] 96%
2026-07-09T03:11:17.769Z,smriti9/create-site,Updating DocTypes for erpnext       : [======================================  ] 96%
2026-07-09T03:11:17.769Z,smriti9/create-site,Updating DocTypes for erpnext       : [======================================  ] 96%
2026-07-09T03:11:17.769Z,smriti9/create-site,Updating DocTypes for erpnext       : [======================================  ] 96%
2026-07-09T03:11:17.769Z,smriti9/create-site,Updating DocTypes for erpnext       : [======================================  ] 97%
2026-07-09T03:11:17.769Z,smriti9/create-site,Updating DocTypes for erpnext       : [======================================  ] 97%
2026-07-09T03:11:17.769Z,smriti9/create-site,Updating DocTypes for erpnext       : [======================================  ] 97%
2026-07-09T03:11:17.769Z,smriti9/create-site,Updating DocTypes for erpnext       : [======================================  ] 97%
2026-07-09T03:11:17.769Z,smriti9/create-site,Updating DocTypes for erpnext       : [======================================= ] 97%
2026-07-09T03:11:17.769Z,smriti9/create-site,Updating DocTypes for erpnext       : [======================================= ] 97%
2026-07-09T03:11:17.769Z,smriti9/create-site,Updating DocTypes for erpnext       : [======================================= ] 97%
2026-07-09T03:11:17.769Z,smriti9/create-site,Updating DocTypes for erpnext       : [======================================= ] 97%
2026-07-09T03:11:17.769Z,smriti9/create-site,Updating DocTypes for erpnext       : [======================================= ] 97%
2026-07-09T03:11:17.769Z,smriti9/create-site,Updating DocTypes for erpnext       : [======================================= ] 98%
2026-07-09T03:11:17.769Z,smriti9/create-site,Updating DocTypes for erpnext       : [======================================= ] 98%
2026-07-09T03:11:17.769Z,smriti9/create-site,Updating DocTypes for erpnext       : [======================================= ] 98%
2026-07-09T03:11:17.769Z,smriti9/create-site,Updating DocTypes for erpnext       : [======================================= ] 98%
2026-07-09T03:11:17.769Z,smriti9/create-site,Updating DocTypes for erpnext       : [======================================= ] 98%
2026-07-09T03:11:17.769Z,smriti9/create-site,Updating DocTypes for erpnext       : [======================================= ] 98%
2026-07-09T03:11:17.769Z,smriti9/create-site,Updating DocTypes for erpnext       : [======================================= ] 98%
2026-07-09T03:11:17.769Z,smriti9/create-site,Updating DocTypes for erpnext       : [======================================= ] 98%
2026-07-09T03:11:17.769Z,smriti9/create-site,Updating DocTypes for erpnext       : [======================================= ] 98%
2026-07-09T03:11:17.769Z,smriti9/create-site,Updating DocTypes for erpnext       : [======================================= ] 99%
2026-07-09T03:11:17.769Z,smriti9/create-site,Updating DocTypes for erpnext       : [======================================= ] 99%
2026-07-09T03:11:17.769Z,smriti9/create-site,Updating DocTypes for erpnext       : [======================================= ] 99%
2026-07-09T03:11:17.769Z,smriti9/create-site,Updating DocTypes for erpnext       : [======================================= ] 99%
2026-07-09T03:11:17.769Z,smriti9/create-site,Updating DocTypes for erpnext       : [======================================= ] 99%
2026-07-09T03:11:17.769Z,smriti9/create-site,Updating DocTypes for erpnext       : [======================================= ] 99%
2026-07-09T03:11:17.769Z,smriti9/create-site,Updating DocTypes for erpnext       : [======================================= ] 99%
2026-07-09T03:11:17.769Z,smriti9/create-site,Updating DocTypes for erpnext       : [======================================= ] 99%
2026-07-09T03:11:17.769Z,smriti9/create-site,Updating DocTypes for erpnext       : [========================================] 100%
2026-07-09T03:11:50.594Z,smriti9/redis-cache,1:M 09 Jul 2026 03:11:50.594 * 10000 changes in 60 seconds. Saving...
2026-07-09T03:11:50.594Z,smriti9/redis-cache,1:M 09 Jul 2026 03:11:50.594 * Background saving started by pid 15
2026-07-09T03:11:50.610Z,smriti9/redis-cache,15:C 09 Jul 2026 03:11:50.610 * DB saved on disk
2026-07-09T03:11:50.610Z,smriti9/redis-cache,15:C 09 Jul 2026 03:11:50.610 * RDB: 0 MB of memory used by copy-on-write
2026-07-09T03:11:50.696Z,smriti9/redis-cache,1:M 09 Jul 2026 03:11:50.695 * Background saving terminated with success
2026-07-09T03:12:13.180Z,smriti9/create-site,Creating Workspace Sidebars
2026-07-09T03:12:13.180Z,smriti9/create-site,Creating Desktop Icons
2026-07-09T03:12:13.180Z,smriti9/create-site,Updating customizations for Address
2026-07-09T03:12:13.180Z,smriti9/create-site,Updating customizations for Contact
2026-07-09T03:12:13.180Z,smriti9/create-site,Updating Dashboard for erpnext
2026-07-09T03:12:13.180Z,smriti9/create-site,App erpnext already installed
2026-07-09T03:12:18.126Z,smriti9/create-site,
2026-07-09T03:12:18.126Z,smriti9/create-site,Installing india_compliance...
2026-07-09T03:12:39.073Z,smriti9/create-site,
2026-07-09T03:12:39.073Z,smriti9/create-site,Updating DocTypes for india_compliance: [                                        ] 1%
2026-07-09T03:12:39.073Z,smriti9/create-site,Updating DocTypes for india_compliance: [=                                       ] 3%
2026-07-09T03:12:39.073Z,smriti9/create-site,Updating DocTypes for india_compliance: [==                                      ] 5%
2026-07-09T03:12:39.073Z,smriti9/create-site,Updating DocTypes for india_compliance: [==                                      ] 6%
2026-07-09T03:12:39.073Z,smriti9/create-site,Updating DocTypes for india_compliance: [===                                     ] 8%
2026-07-09T03:12:39.073Z,smriti9/create-site,Updating DocTypes for india_compliance: [====                                    ] 10%
2026-07-09T03:12:39.073Z,smriti9/create-site,Updating DocTypes for india_compliance: [====                                    ] 11%
2026-07-09T03:12:39.073Z,smriti9/create-site,Updating DocTypes for india_compliance: [=====                                   ] 13%
2026-07-09T03:12:39.073Z,smriti9/create-site,Updating DocTypes for india_compliance: [======                                  ] 15%
2026-07-09T03:12:39.073Z,smriti9/create-site,Updating DocTypes for india_compliance: [======                                  ] 16%
2026-07-09T03:12:39.073Z,smriti9/create-site,Updating DocTypes for india_compliance: [=======                                 ] 18%
2026-07-09T03:12:39.073Z,smriti9/create-site,Updating DocTypes for india_compliance: [========                                ] 20%
2026-07-09T03:12:39.073Z,smriti9/create-site,Updating DocTypes for india_compliance: [========                                ] 21%
2026-07-09T03:12:39.073Z,smriti9/create-site,Updating DocTypes for india_compliance: [=========                               ] 23%
2026-07-09T03:12:39.073Z,smriti9/create-site,Updating DocTypes for india_compliance: [==========                              ] 25%
2026-07-09T03:12:39.073Z,smriti9/create-site,Updating DocTypes for india_compliance: [==========                              ] 26%
2026-07-09T03:12:39.073Z,smriti9/create-site,Updating DocTypes for india_compliance: [===========                             ] 28%
2026-07-09T03:12:39.073Z,smriti9/create-site,Updating DocTypes for india_compliance: [============                            ] 30%
2026-07-09T03:12:39.073Z,smriti9/create-site,Updating DocTypes for india_compliance: [============                            ] 31%
2026-07-09T03:12:39.073Z,smriti9/create-site,Updating DocTypes for india_compliance: [=============                           ] 33%
2026-07-09T03:12:39.073Z,smriti9/create-site,Updating DocTypes for india_compliance: [==============                          ] 35%
2026-07-09T03:12:39.073Z,smriti9/create-site,Updating DocTypes for india_compliance: [==============                          ] 36%
2026-07-09T03:12:39.073Z,smriti9/create-site,Updating DocTypes for india_compliance: [===============                         ] 38%
2026-07-09T03:12:39.073Z,smriti9/create-site,Updating DocTypes for india_compliance: [================                        ] 40%
2026-07-09T03:12:39.073Z,smriti9/create-site,Updating DocTypes for india_compliance: [================                        ] 41%
2026-07-09T03:12:39.073Z,smriti9/create-site,Updating DocTypes for india_compliance: [=================                       ] 43%
2026-07-09T03:12:39.073Z,smriti9/create-site,Updating DocTypes for india_compliance: [==================                      ] 45%
2026-07-09T03:12:39.073Z,smriti9/create-site,Updating DocTypes for india_compliance: [==================                      ] 46%
2026-07-09T03:12:39.073Z,smriti9/create-site,Updating DocTypes for india_compliance: [===================                     ] 48%
2026-07-09T03:12:39.073Z,smriti9/create-site,Updating DocTypes for india_compliance: [====================                    ] 50%
2026-07-09T03:12:39.073Z,smriti9/create-site,Updating DocTypes for india_compliance: [====================                    ] 51%
2026-07-09T03:12:39.073Z,smriti9/create-site,Updating DocTypes for india_compliance: [=====================                   ] 53%
2026-07-09T03:12:39.073Z,smriti9/create-site,Updating DocTypes for india_compliance: [======================                  ] 55%
2026-07-09T03:12:39.073Z,smriti9/create-site,Updating DocTypes for india_compliance: [======================                  ] 56%
2026-07-09T03:12:39.073Z,smriti9/create-site,Updating DocTypes for india_compliance: [=======================                 ] 58%
2026-07-09T03:12:39.073Z,smriti9/create-site,Updating DocTypes for india_compliance: [========================                ] 60%
2026-07-09T03:12:39.073Z,smriti9/create-site,Updating DocTypes for india_compliance: [========================                ] 61%
2026-07-09T03:12:39.073Z,smriti9/create-site,Updating DocTypes for india_compliance: [=========================               ] 63%
2026-07-09T03:12:39.073Z,smriti9/create-site,Updating DocTypes for india_compliance: [==========================              ] 65%
2026-07-09T03:12:39.073Z,smriti9/create-site,Updating DocTypes for india_compliance: [==========================              ] 66%
2026-07-09T03:12:39.073Z,smriti9/create-site,Updating DocTypes for india_compliance: [===========================             ] 68%
2026-07-09T03:12:39.073Z,smriti9/create-site,Updating DocTypes for india_compliance: [============================            ] 70%
2026-07-09T03:12:39.073Z,smriti9/create-site,Updating DocTypes for india_compliance: [============================            ] 71%
2026-07-09T03:12:39.073Z,smriti9/create-site,Updating DocTypes for india_compliance: [=============================           ] 73%
2026-07-09T03:12:39.073Z,smriti9/create-site,Updating DocTypes for india_compliance: [==============================          ] 75%
2026-07-09T03:12:39.073Z,smriti9/create-site,Updating DocTypes for india_compliance: [==============================          ] 76%
2026-07-09T03:12:39.073Z,smriti9/create-site,Updating DocTypes for india_compliance: [===============================         ] 78%
2026-07-09T03:12:39.073Z,smriti9/create-site,Updating DocTypes for india_compliance: [================================        ] 80%
2026-07-09T03:12:39.073Z,smriti9/create-site,Updating DocTypes for india_compliance: [================================        ] 81%
2026-07-09T03:12:39.073Z,smriti9/create-site,Updating DocTypes for india_compliance: [=================================       ] 83%
2026-07-09T03:12:39.073Z,smriti9/create-site,Updating DocTypes for india_compliance: [==================================      ] 85%
2026-07-09T03:12:39.073Z,smriti9/create-site,Updating DocTypes for india_compliance: [==================================      ] 86%
2026-07-09T03:12:39.073Z,smriti9/create-site,Updating DocTypes for india_compliance: [===================================     ] 88%
2026-07-09T03:12:39.073Z,smriti9/create-site,Updating DocTypes for india_compliance: [====================================    ] 90%
2026-07-09T03:12:39.073Z,smriti9/create-site,Updating DocTypes for india_compliance: [====================================    ] 91%
2026-07-09T03:12:39.073Z,smriti9/create-site,Updating DocTypes for india_compliance: [=====================================   ] 93%
2026-07-09T03:12:39.073Z,smriti9/create-site,Updating DocTypes for india_compliance: [======================================  ] 95%
2026-07-09T03:12:39.073Z,smriti9/create-site,Updating DocTypes for india_compliance: [======================================  ] 96%
2026-07-09T03:12:39.073Z,smriti9/create-site,Updating DocTypes for india_compliance: [======================================= ] 98%
2026-07-09T03:12:39.073Z,smriti9/create-site,Updating DocTypes for india_compliance: [========================================] 100%
2026-07-09T03:12:39.073Z,smriti9/create-site,Setting up Income Tax...
2026-07-09T03:12:39.073Z,smriti9/create-site,Setting up GST...
2026-07-09T03:12:39.073Z,smriti9/create-site,Patching Existing Data...
2026-07-09T03:12:39.073Z,smriti9/create-site,Thank you for installing India Compliance!
2026-07-09T03:12:39.682Z,smriti9/create-site,Creating Workspace Sidebars
2026-07-09T03:12:39.682Z,smriti9/create-site,Creating Desktop Icons
2026-07-09T03:12:39.682Z,smriti9/create-site,"Error creating icons ('Desktop Icon', 'India Compliance', IntegrityError(1062, ""Duplicate entry 'India Compliance' for key 'PRIMARY'""))"
2026-07-09T03:12:39.682Z,smriti9/create-site,Updating Dashboard for india_compliance
2026-07-09T03:12:39.682Z,smriti9/create-site,App frappe already installed
2026-07-09T03:12:39.700Z,smriti9/create-site,App erpnext already installed
2026-07-09T03:12:39.728Z,smriti9/create-site,App erpnext already installed
2026-07-09T03:12:39.738Z,smriti9/create-site,App india_compliance already installed
2026-07-09T03:12:41.591Z,smriti9/create-site,
2026-07-09T03:12:41.591Z,smriti9/create-site,Installing smriti_retail_os...
2026-07-09T03:13:11.453Z,smriti9/create-site,Traceback (most recent call last):
2026-07-09T03:13:11.455Z,smriti9/create-site,"  File ""/home/frappe/frappe-bench/apps/frappe/frappe/commands/site.py"", line 126, in new_site"
2026-07-09T03:13:11.455Z,smriti9/create-site,    _new_site(
2026-07-09T03:13:11.455Z,smriti9/create-site,    ~~~~~~~~~^
2026-07-09T03:13:11.455Z,smriti9/create-site,"    	db_name,"
2026-07-09T03:13:11.455Z,smriti9/create-site,     ^^^^^^^^
2026-07-09T03:13:11.455Z,smriti9/create-site,    ...<16 lines>...
2026-07-09T03:13:11.455Z,smriti9/create-site,"    	mariadb_user_host_login_scope=mariadb_user_host_login_scope,"
2026-07-09T03:13:11.455Z,smriti9/create-site,     ^^^^^^^^^^^^^^^^^^^^^^^^^^^^^^^^^^^^^^^^^^^^^^^^^^^^^^^^^^^^
2026-07-09T03:13:11.455Z,smriti9/create-site,    )
2026-07-09T03:13:11.455Z,smriti9/create-site,    ^
2026-07-09T03:13:11.455Z,smriti9/create-site,"  File ""/home/frappe/frappe-bench/apps/frappe/frappe/installer.py"", line 112, in _new_site"
2026-07-09T03:13:11.455Z,smriti9/create-site,"    install_app(app, verbose=verbose, set_as_patched=not source_sql, force=False)"
2026-07-09T03:13:11.455Z,smriti9/create-site,    ~~~~~~~~~~~^^^^^^^^^^^^^^^^^^^^^^^^^^^^^^^^^^^^^^^^^^^^^^^^^^^^^^^^^^^^^^^^^^
2026-07-09T03:13:11.455Z,smriti9/create-site,"  File ""/home/frappe/frappe-bench/apps/frappe/frappe/installer.py"", line 325, in install_app"
2026-07-09T03:13:11.455Z,smriti9/create-site,    add_to_installed_apps(name)
2026-07-09T03:13:11.455Z,smriti9/create-site,    ~~~~~~~~~~~~~~~~~~~~~^^^^^^
2026-07-09T03:13:11.455Z,smriti9/create-site,"  File ""/home/frappe/frappe-bench/apps/frappe/frappe/installer.py"", line 358, in add_to_installed_apps"
2026-07-09T03:13:11.455Z,smriti9/create-site,    post_install(rebuild_website)
2026-07-09T03:13:11.455Z,smriti9/create-site,    ~~~~~~~~~~~~^^^^^^^^^^^^^^^^^
2026-07-09T03:13:11.455Z,smriti9/create-site,"  File ""/home/frappe/frappe-bench/apps/frappe/frappe/installer.py"", line 534, in post_install"
2026-07-09T03:13:11.455Z,smriti9/create-site,    init_singles()
2026-07-09T03:13:11.455Z,smriti9/create-site,    ~~~~~~~~~~~~^^
2026-07-09T03:13:11.455Z,smriti9/create-site,"  File ""/home/frappe/frappe-bench/apps/frappe/frappe/installer.py"", line 558, in init_singles"
2026-07-09T03:13:11.455Z,smriti9/create-site,    doc.save()
2026-07-09T03:13:11.455Z,smriti9/create-site,    ~~~~~~~~^^
2026-07-09T03:13:11.455Z,smriti9/create-site,"  File ""/home/frappe/frappe-bench/apps/frappe/frappe/model/document.py"", line 518, in save"
2026-07-09T03:13:11.455Z,smriti9/create-site,"    return self._save(*args, **kwargs)"
2026-07-09T03:13:11.455Z,smriti9/create-site,           ~~~~~~~~~~^^^^^^^^^^^^^^^^^
2026-07-09T03:13:11.455Z,smriti9/create-site,"  File ""/home/frappe/frappe-bench/apps/frappe/frappe/model/document.py"", line 540, in _save"
2026-07-09T03:13:11.455Z,smriti9/create-site,    return self.insert()
2026-07-09T03:13:11.455Z,smriti9/create-site,           ~~~~~~~~~~~^^
2026-07-09T03:13:11.455Z,smriti9/create-site,"  File ""/home/frappe/frappe-bench/apps/frappe/frappe/model/document.py"", line 466, in insert"
2026-07-09T03:13:11.455Z,smriti9/create-site,"    self.run_method(""after_insert"")"
2026-07-09T03:13:11.455Z,smriti9/create-site,    ~~~~~~~~~~~~~~~^^^^^^^^^^^^^^^^
2026-07-09T03:13:11.455Z,smriti9/create-site,"  File ""/home/frappe/frappe-bench/apps/frappe/frappe/model/document.py"", line 1184, in run_method"
2026-07-09T03:13:11.455Z,smriti9/create-site,"    out = Document.hook(fn)(self, *args, **kwargs)"
2026-07-09T03:13:11.455Z,smriti9/create-site,"  File ""/home/frappe/frappe-bench/apps/frappe/frappe/model/document.py"", line 1581, in composer"
2026-07-09T03:13:11.455Z,smriti9/create-site,"    return composed(self, method, *args, **kwargs)"
2026-07-09T03:13:11.455Z,smriti9/create-site,"  File ""/home/frappe/frappe-bench/apps/frappe/frappe/model/document.py"", line 1559, in runner"
2026-07-09T03:13:11.455Z,smriti9/create-site,"    add_to_return_value(self, fn(self, *args, **kwargs))"
2026-07-09T03:13:11.455Z,smriti9/create-site,                              ~~^^^^^^^^^^^^^^^^^^^^^^^
2026-07-09T03:13:11.455Z,smriti9/create-site,"  File ""/home/frappe/frappe-bench/apps/frappe/frappe/model/document.py"", line 1181, in fn"
2026-07-09T03:13:11.455Z,smriti9/create-site,"    return method_object(*args, **kwargs)"
2026-07-09T03:13:11.455Z,smriti9/create-site,"  File ""/home/frappe/frappe-bench/apps/smriti_retail_os/smriti_retail_os/smriti_retail_os/doctype/smriti_license/smriti_license.py"", line 51, in after_insert"
2026-07-09T03:13:11.455Z,smriti9/create-site,    self._seed_default_features()
2026-07-09T03:13:11.455Z,smriti9/create-site,    ~~~~~~~~~~~~~~~~~~~~~~~~~~~^^
2026-07-09T03:13:11.455Z,smriti9/create-site,"  File ""/home/frappe/frappe-bench/apps/smriti_retail_os/smriti_retail_os/smriti_retail_os/doctype/smriti_license/smriti_license.py"", line 200, in _seed_default_features"
2026-07-09T03:13:11.455Z,smriti9/create-site,"    child = smriti.documents.new(""LicenseFeatures"")"
2026-07-09T03:13:11.455Z,smriti9/create-site,"  File ""/home/frappe/frappe-bench/apps/smriti_retail_os/smriti_retail_os/core/platform/documents.py"", line 107, in new"
2026-07-09T03:13:11.455Z,smriti9/create-site,    return smriti.documents.new(resolve(model_name))
2026-07-09T03:13:11.455Z,smriti9/create-site,           ^^^^^^
2026-07-09T03:13:11.455Z,smriti9/create-site,NameError: name 'smriti' is not defined
2026-07-09T03:13:11.455Z,smriti9/create-site,
2026-07-09T03:13:11.455Z,smriti9/create-site,Updating DocTypes for smriti_retail_os: [                                        ] 0%
2026-07-09T03:13:11.455Z,smriti9/create-site,Updating DocTypes for smriti_retail_os: [                                        ] 1%
2026-07-09T03:13:11.455Z,smriti9/create-site,Updating DocTypes for smriti_retail_os: [                                        ] 2%
2026-07-09T03:13:11.455Z,smriti9/create-site,Updating DocTypes for smriti_retail_os: [=                                       ] 2%
2026-07-09T03:13:11.455Z,smriti9/create-site,Updating DocTypes for smriti_retail_os: [=                                       ] 3%
2026-07-09T03:13:11.455Z,smriti9/create-site,Updating DocTypes for smriti_retail_os: [=                                       ] 4%
2026-07-09T03:13:11.455Z,smriti9/create-site,Updating DocTypes for smriti_retail_os: [==                                      ] 5%
2026-07-09T03:13:11.455Z,smriti9/create-site,Updating DocTypes for smriti_retail_os: [==                                      ] 5%
2026-07-09T03:13:11.455Z,smriti9/create-site,Updating DocTypes for smriti_retail_os: [==                                      ] 6%
2026-07-09T03:13:11.455Z,smriti9/create-site,Updating DocTypes for smriti_retail_os: [==                                      ] 7%
2026-07-09T03:13:11.455Z,smriti9/create-site,Updating DocTypes for smriti_retail_os: [===                                     ] 8%
2026-07-09T03:13:11.455Z,smriti9/create-site,Updating DocTypes for smriti_retail_os: [===                                     ] 8%
2026-07-09T03:13:11.455Z,smriti9/create-site,Updating DocTypes for smriti_retail_os: [===                                     ] 9%
2026-07-09T03:13:11.455Z,smriti9/create-site,Updating DocTypes for smriti_retail_os: [====                                    ] 10%
2026-07-09T03:13:11.455Z,smriti9/create-site,Updating DocTypes for smriti_retail_os: [====                                    ] 11%
2026-07-09T03:13:11.455Z,smriti9/create-site,Updating DocTypes for smriti_retail_os: [====                                    ] 11%
2026-07-09T03:13:11.455Z,smriti9/create-site,Updating DocTypes for smriti_retail_os: [=====                                   ] 12%
2026-07-09T03:13:11.455Z,smriti9/create-site,Updating DocTypes for smriti_retail_os: [=====                                   ] 13%
2026-07-09T03:13:11.455Z,smriti9/create-site,Updating DocTypes for smriti_retail_os: [=====                                   ] 13%
2026-07-09T03:13:11.455Z,smriti9/create-site,Updating DocTypes for smriti_retail_os: [=====                                   ] 14%
2026-07-09T03:13:11.455Z,smriti9/create-site,Updating DocTypes for smriti_retail_os: [======                                  ] 15%
2026-07-09T03:13:11.455Z,smriti9/create-site,Updating DocTypes for smriti_retail_os: [======                                  ] 16%
2026-07-09T03:13:11.455Z,smriti9/create-site,Updating DocTypes for smriti_retail_os: [======                                  ] 16%
2026-07-09T03:13:11.455Z,smriti9/create-site,Updating DocTypes for smriti_retail_os: [=======                                 ] 17%
2026-07-09T03:13:11.455Z,smriti9/create-site,Updating DocTypes for smriti_retail_os: [=======                                 ] 18%
2026-07-09T03:13:11.455Z,smriti9/create-site,Updating DocTypes for smriti_retail_os: [=======                                 ] 19%
2026-07-09T03:13:11.455Z,smriti9/create-site,Updating DocTypes for smriti_retail_os: [=======                                 ] 19%
2026-07-09T03:13:11.455Z,smriti9/create-site,Updating DocTypes for smriti_retail_os: [========                                ] 20%
2026-07-09T03:13:11.455Z,smriti9/create-site,Updating DocTypes for smriti_retail_os: [========                                ] 21%
2026-07-09T03:13:11.455Z,smriti9/create-site,Updating DocTypes for smriti_retail_os: [========                                ] 22%
2026-07-09T03:13:11.455Z,smriti9/create-site,Updating DocTypes for smriti_retail_os: [=========                               ] 22%
2026-07-09T03:13:11.455Z,smriti9/create-site,Updating DocTypes for smriti_retail_os: [=========                               ] 23%
2026-07-09T03:13:11.455Z,smriti9/create-site,Updating DocTypes for smriti_retail_os: [=========                               ] 24%
2026-07-09T03:13:11.455Z,smriti9/create-site,Updating DocTypes for smriti_retail_os: [==========                              ] 25%
2026-07-09T03:13:11.455Z,smriti9/create-site,Updating DocTypes for smriti_retail_os: [==========                              ] 25%
2026-07-09T03:13:11.455Z,smriti9/create-site,Updating DocTypes for smriti_retail_os: [==========                              ] 26%
2026-07-09T03:13:11.455Z,smriti9/create-site,Updating DocTypes for smriti_retail_os: [==========                              ] 27%
2026-07-09T03:13:11.455Z,smriti9/create-site,Updating DocTypes for smriti_retail_os: [===========                             ] 27%
2026-07-09T03:13:11.455Z,smriti9/create-site,Updating DocTypes for smriti_retail_os: [===========                             ] 28%
2026-07-09T03:13:11.455Z,smriti9/create-site,Updating DocTypes for smriti_retail_os: [===========                             ] 29%
2026-07-09T03:13:11.455Z,smriti9/create-site,Updating DocTypes for smriti_retail_os: [============                            ] 30%
2026-07-09T03:13:11.455Z,smriti9/create-site,Updating DocTypes for smriti_retail_os: [============                            ] 30%
2026-07-09T03:13:11.455Z,smriti9/create-site,Updating DocTypes for smriti_retail_os: [============                            ] 31%
2026-07-09T03:13:11.455Z,smriti9/create-site,Updating DocTypes for smriti_retail_os: [============                            ] 32%
2026-07-09T03:13:11.455Z,smriti9/create-site,Updating DocTypes for smriti_retail_os: [=============                           ] 33%
2026-07-09T03:13:11.455Z,smriti9/create-site,Updating DocTypes for smriti_retail_os: [=============                           ] 33%
2026-07-09T03:13:11.455Z,smriti9/create-site,Updating DocTypes for smriti_retail_os: [=============                           ] 34%
2026-07-09T03:13:11.455Z,smriti9/create-site,Updating DocTypes for smriti_retail_os: [==============                          ] 35%
2026-07-09T03:13:11.455Z,smriti9/create-site,Updating DocTypes for smriti_retail_os: [==============                          ] 36%
2026-07-09T03:13:11.455Z,smriti9/create-site,Updating DocTypes for smriti_retail_os: [==============                          ] 36%
2026-07-09T03:13:11.455Z,smriti9/create-site,Updating DocTypes for smriti_retail_os: [===============                         ] 37%
2026-07-09T03:13:11.455Z,smriti9/create-site,Updating DocTypes for smriti_retail_os: [===============                         ] 38%
2026-07-09T03:13:11.455Z,smriti9/create-site,Updating DocTypes for smriti_retail_os: [===============                         ] 38%
2026-07-09T03:13:11.455Z,smriti9/create-site,Updating DocTypes for smriti_retail_os: [===============                         ] 39%
2026-07-09T03:13:11.455Z,smriti9/create-site,Updating DocTypes for smriti_retail_os: [================                        ] 40%
2026-07-09T03:13:11.455Z,smriti9/create-site,Updating DocTypes for smriti_retail_os: [================                        ] 41%
2026-07-09T03:13:11.455Z,smriti9/create-site,Updating DocTypes for smriti_retail_os: [================                        ] 41%
2026-07-09T03:13:11.455Z,smriti9/create-site,Updating DocTypes for smriti_retail_os: [=================                       ] 42%
2026-07-09T03:13:11.455Z,smriti9/create-site,Updating DocTypes for smriti_retail_os: [=================                       ] 43%
2026-07-09T03:13:11.455Z,smriti9/create-site,Updating DocTypes for smriti_retail_os: [=================                       ] 44%
2026-07-09T03:13:11.455Z,smriti9/create-site,Updating DocTypes for smriti_retail_os: [=================                       ] 44%
2026-07-09T03:13:11.455Z,smriti9/create-site,Updating DocTypes for smriti_retail_os: [==================                      ] 45%
2026-07-09T03:13:11.455Z,smriti9/create-site,Updating DocTypes for smriti_retail_os: [==================                      ] 46%
2026-07-09T03:13:11.455Z,smriti9/create-site,Updating DocTypes for smriti_retail_os: [==================                      ] 47%
2026-07-09T03:13:11.455Z,smriti9/create-site,Updating DocTypes for smriti_retail_os: [===================                     ] 47%
2026-07-09T03:13:11.455Z,smriti9/create-site,Updating DocTypes for smriti_retail_os: [===================                     ] 48%
2026-07-09T03:13:11.455Z,smriti9/create-site,Updating DocTypes for smriti_retail_os: [===================                     ] 49%
2026-07-09T03:13:11.455Z,smriti9/create-site,Updating DocTypes for smriti_retail_os: [====================                    ] 50%
2026-07-09T03:13:11.455Z,smriti9/create-site,Updating DocTypes for smriti_retail_os: [====================                    ] 50%
2026-07-09T03:13:11.455Z,smriti9/create-site,Updating DocTypes for smriti_retail_os: [====================                    ] 51%
2026-07-09T03:13:11.455Z,smriti9/create-site,Updating DocTypes for smriti_retail_os: [====================                    ] 52%
2026-07-09T03:13:11.455Z,smriti9/create-site,Updating DocTypes for smriti_retail_os: [=====================                   ] 52%
2026-07-09T03:13:11.455Z,smriti9/create-site,Updating DocTypes for smriti_retail_os: [=====================                   ] 53%
2026-07-09T03:13:11.455Z,smriti9/create-site,Updating DocTypes for smriti_retail_os: [=====================                   ] 54%
2026-07-09T03:13:11.455Z,smriti9/create-site,Updating DocTypes for smriti_retail_os: [======================                  ] 55%
2026-07-09T03:13:11.455Z,smriti9/create-site,Updating DocTypes for smriti_retail_os: [======================                  ] 55%
2026-07-09T03:13:11.455Z,smriti9/create-site,Updating DocTypes for smriti_retail_os: [======================                  ] 56%
2026-07-09T03:13:11.455Z,smriti9/create-site,Updating DocTypes for smriti_retail_os: [======================                  ] 57%
2026-07-09T03:13:11.455Z,smriti9/create-site,Updating DocTypes for smriti_retail_os: [=======================                 ] 58%
2026-07-09T03:13:11.455Z,smriti9/create-site,Updating DocTypes for smriti_retail_os: [=======================                 ] 58%
2026-07-09T03:13:11.455Z,smriti9/create-site,Updating DocTypes for smriti_retail_os: [=======================                 ] 59%
2026-07-09T03:13:11.455Z,smriti9/create-site,Updating DocTypes for smriti_retail_os: [========================                ] 60%
2026-07-09T03:13:11.455Z,smriti9/create-site,Updating DocTypes for smriti_retail_os: [========================                ] 61%
2026-07-09T03:13:11.455Z,smriti9/create-site,Updating DocTypes for smriti_retail_os: [========================                ] 61%
2026-07-09T03:13:11.455Z,smriti9/create-site,Updating DocTypes for smriti_retail_os: [=========================               ] 62%
2026-07-09T03:13:11.455Z,smriti9/create-site,Updating DocTypes for smriti_retail_os: [=========================               ] 63%
2026-07-09T03:13:11.455Z,smriti9/create-site,Updating DocTypes for smriti_retail_os: [=========================               ] 63%
2026-07-09T03:13:11.455Z,smriti9/create-site,Updating DocTypes for smriti_retail_os: [=========================               ] 64%
2026-07-09T03:13:11.455Z,smriti9/create-site,Updating DocTypes for smriti_retail_os: [==========================              ] 65%
2026-07-09T03:13:11.455Z,smriti9/create-site,Updating DocTypes for smriti_retail_os: [==========================              ] 66%
2026-07-09T03:13:11.455Z,smriti9/create-site,Updating DocTypes for smriti_retail_os: [==========================              ] 66%
2026-07-09T03:13:11.455Z,smriti9/create-site,Updating DocTypes for smriti_retail_os: [===========================             ] 67%
2026-07-09T03:13:11.455Z,smriti9/create-site,Updating DocTypes for smriti_retail_os: [===========================             ] 68%
2026-07-09T03:13:11.455Z,smriti9/create-site,Updating DocTypes for smriti_retail_os: [===========================             ] 69%
2026-07-09T03:13:11.455Z,smriti9/create-site,Updating DocTypes for smriti_retail_os: [===========================             ] 69%
2026-07-09T03:13:11.455Z,smriti9/create-site,Updating DocTypes for smriti_retail_os: [============================            ] 70%
2026-07-09T03:13:11.455Z,smriti9/create-site,Updating DocTypes for smriti_retail_os: [============================            ] 71%
2026-07-09T03:13:11.455Z,smriti9/create-site,Updating DocTypes for smriti_retail_os: [============================            ] 72%
2026-07-09T03:13:11.455Z,smriti9/create-site,Updating DocTypes for smriti_retail_os: [=============================           ] 72%
2026-07-09T03:13:11.455Z,smriti9/create-site,Updating DocTypes for smriti_retail_os: [=============================           ] 73%
2026-07-09T03:13:11.455Z,smriti9/create-site,Updating DocTypes for smriti_retail_os: [=============================           ] 74%
2026-07-09T03:13:11.455Z,smriti9/create-site,Updating DocTypes for smriti_retail_os: [==============================          ] 75%
2026-07-09T03:13:11.455Z,smriti9/create-site,Updating DocTypes for smriti_retail_os: [==============================          ] 75%
2026-07-09T03:13:11.455Z,smriti9/create-site,Updating DocTypes for smriti_retail_os: [==============================          ] 76%
2026-07-09T03:13:11.455Z,smriti9/create-site,Updating DocTypes for smriti_retail_os: [==============================          ] 77%
2026-07-09T03:13:11.455Z,smriti9/create-site,Updating DocTypes for smriti_retail_os: [===============================         ] 77%
2026-07-09T03:13:11.455Z,smriti9/create-site,Updating DocTypes for smriti_retail_os: [===============================         ] 78%
2026-07-09T03:13:11.455Z,smriti9/create-site,Updating DocTypes for smriti_retail_os: [===============================         ] 79%
2026-07-09T03:13:11.455Z,smriti9/create-site,Updating DocTypes for smriti_retail_os: [================================        ] 80%
2026-07-09T03:13:11.455Z,smriti9/create-site,Updating DocTypes for smriti_retail_os: [================================        ] 80%
2026-07-09T03:13:11.455Z,smriti9/create-site,Updating DocTypes for smriti_retail_os: [================================        ] 81%
2026-07-09T03:13:11.455Z,smriti9/create-site,Updating DocTypes for smriti_retail_os: [================================        ] 82%
2026-07-09T03:13:11.455Z,smriti9/create-site,Updating DocTypes for smriti_retail_os: [=================================       ] 83%
2026-07-09T03:13:11.455Z,smriti9/create-site,Updating DocTypes for smriti_retail_os: [=================================       ] 83%
2026-07-09T03:13:11.455Z,smriti9/create-site,Updating DocTypes for smriti_retail_os: [=================================       ] 84%
2026-07-09T03:13:11.455Z,smriti9/create-site,Updating DocTypes for smriti_retail_os: [==================================      ] 85%
2026-07-09T03:13:11.455Z,smriti9/create-site,Updating DocTypes for smriti_retail_os: [==================================      ] 86%
2026-07-09T03:13:11.455Z,smriti9/create-site,Updating DocTypes for smriti_retail_os: [==================================      ] 86%
2026-07-09T03:13:11.455Z,smriti9/create-site,Updating DocTypes for smriti_retail_os: [===================================     ] 87%
2026-07-09T03:13:11.455Z,smriti9/create-site,Updating DocTypes for smriti_retail_os: [===================================     ] 88%
2026-07-09T03:13:11.455Z,smriti9/create-site,Updating DocTypes for smriti_retail_os: [===================================     ] 88%
2026-07-09T03:13:11.455Z,smriti9/create-site,Updating DocTypes for smriti_retail_os: [===================================     ] 89%
2026-07-09T03:13:11.455Z,smriti9/create-site,Updating DocTypes for smriti_retail_os: [====================================    ] 90%
2026-07-09T03:13:11.455Z,smriti9/create-site,Updating DocTypes for smriti_retail_os: [====================================    ] 91%
2026-07-09T03:13:11.455Z,smriti9/create-site,Updating DocTypes for smriti_retail_os: [====================================    ] 91%
2026-07-09T03:13:11.455Z,smriti9/create-site,Updating DocTypes for smriti_retail_os: [=====================================   ] 92%
2026-07-09T03:13:11.455Z,smriti9/create-site,Updating DocTypes for smriti_retail_os: [=====================================   ] 93%
2026-07-09T03:13:11.455Z,smriti9/create-site,Updating DocTypes for smriti_retail_os: [=====================================   ] 94%
2026-07-09T03:13:11.455Z,smriti9/create-site,Updating DocTypes for smriti_retail_os: [=====================================   ] 94%
2026-07-09T03:13:11.455Z,smriti9/create-site,Updating DocTypes for smriti_retail_os: [======================================  ] 95%
2026-07-09T03:13:11.455Z,smriti9/create-site,Updating DocTypes for smriti_retail_os: [======================================  ] 96%
2026-07-09T03:13:11.455Z,smriti9/create-site,Updating DocTypes for smriti_retail_os: [======================================  ] 97%
2026-07-09T03:13:11.455Z,smriti9/create-site,Updating DocTypes for smriti_retail_os: [======================================= ] 97%
2026-07-09T03:13:11.455Z,smriti9/create-site,Updating DocTypes for smriti_retail_os: [======================================= ] 98%
2026-07-09T03:13:11.455Z,smriti9/create-site,Updating DocTypes for smriti_retail_os: [======================================= ] 99%
2026-07-09T03:13:11.455Z,smriti9/create-site,Updating DocTypes for smriti_retail_os: [========================================] 100%
2026-07-09T03:14:25.039Z,smriti9/redis-queue,1:M 09 Jul 2026 03:14:25.038 * 100 changes in 300 seconds. Saving...
2026-07-09T03:14:25.040Z,smriti9/redis-queue,1:M 09 Jul 2026 03:14:25.039 * Background saving started by pid 15
2026-07-09T03:14:25.047Z,smriti9/redis-queue,15:C 09 Jul 2026 03:14:25.047 * DB saved on disk
2026-07-09T03:14:25.048Z,smriti9/redis-queue,15:C 09 Jul 2026 03:14:25.048 * RDB: 0 MB of memory used by copy-on-write
2026-07-09T03:14:25.140Z,smriti9/redis-queue,1:M 09 Jul 2026 03:14:25.140 * Background saving terminated with success
2026-07-09T03:15:06.008Z,smriti9/configurator,"WARNING: The directory '/home/frappe/.cache/pip' or its parent directory is not owned or is not writable by the current user. The cache has been disabled. Check the permissions and owner of that directory. If executing pip with sudo, you should use sudo's -H flag."
2026-07-09T03:15:06.522Z,smriti9/configurator,Obtaining file:///home/frappe/frappe-bench/apps/smriti_retail_os
2026-07-09T03:15:06.529Z,smriti9/configurator,  Installing build dependencies: started
2026-07-09T03:15:08.103Z,smriti9/configurator,  Installing build dependencies: finished with status 'done'
2026-07-09T03:15:08.104Z,smriti9/configurator,  Checking if build backend supports build_editable: started
2026-07-09T03:15:08.348Z,smriti9/configurator,  Checking if build backend supports build_editable: finished with status 'done'
2026-07-09T03:15:08.350Z,smriti9/configurator,  Getting requirements to build editable: started
2026-07-09T03:15:08.656Z,smriti9/configurator,  Getting requirements to build editable: finished with status 'done'
2026-07-09T03:15:08.658Z,smriti9/configurator,  Preparing editable metadata (pyproject.toml): started
2026-07-09T03:15:08.896Z,smriti9/configurator,  Preparing editable metadata (pyproject.toml): finished with status 'done'
2026-07-09T03:15:08.913Z,smriti9/configurator,Obtaining file:///home/frappe/frappe-bench/apps/india_compliance
2026-07-09T03:15:08.923Z,smriti9/configurator,  Installing build dependencies: started
2026-07-09T03:15:10.448Z,smriti9/configurator,  Installing build dependencies: finished with status 'done'
2026-07-09T03:15:10.449Z,smriti9/configurator,  Checking if build backend supports build_editable: started
2026-07-09T03:15:10.738Z,smriti9/configurator,  Checking if build backend supports build_editable: finished with status 'done'
2026-07-09T03:15:10.739Z,smriti9/configurator,  Getting requirements to build editable: started
2026-07-09T03:15:11.172Z,smriti9/configurator,  Getting requirements to build editable: finished with status 'done'
2026-07-09T03:15:11.173Z,smriti9/configurator,  Preparing editable metadata (pyproject.toml): started
2026-07-09T03:15:12.325Z,smriti9/configurator,  Preparing editable metadata (pyproject.toml): finished with status 'done'
2026-07-09T03:15:12.340Z,smriti9/configurator,Requirement already satisfied: python-barcode~=0.15.1 in ./env/lib/python3.14/site-packages (from india_compliance==16.7.0) (0.15.1)
2026-07-09T03:15:12.341Z,smriti9/configurator,Requirement already satisfied: titlecase~=2.3 in ./env/lib/python3.14/site-packages (from india_compliance==16.7.0) (2.4.1)
2026-07-09T03:15:12.341Z,smriti9/configurator,Requirement already satisfied: pycryptodome~=3.19.0 in ./env/lib/python3.14/site-packages (from india_compliance==16.7.0) (3.19.1)
2026-07-09T03:15:12.342Z,smriti9/configurator,Requirement already satisfied: pypng~=0.20220715.0 in ./env/lib/python3.14/site-packages (from india_compliance==16.7.0) (0.20220715.0)
2026-07-09T03:15:12.346Z,smriti9/configurator,"Building wheels for collected packages: smriti_retail_os, india_compliance"
2026-07-09T03:15:12.350Z,smriti9/configurator,  Building editable for smriti_retail_os (pyproject.toml): started
2026-07-09T03:15:12.552Z,smriti9/configurator,  Building editable for smriti_retail_os (pyproject.toml): finished with status 'done'
2026-07-09T03:15:12.553Z,smriti9/configurator,  Created wheel for smriti_retail_os: filename=smriti_retail_os-2.2.0-py3-none-any.whl size=28759 sha256=b9433213beac5c6fbb637f25a3384fb2920875ece84e277bdf5d4f742d5709d7
2026-07-09T03:15:12.554Z,smriti9/configurator,  Stored in directory: /tmp/pip-ephem-wheel-cache-f3_kayhq/wheels/b3/d2/42/058d45fd362649576ac872eead58d98a8c0e65b815d0cac0a3
2026-07-09T03:15:12.561Z,smriti9/configurator,  Building editable for india_compliance (pyproject.toml): started
2026-07-09T03:15:12.755Z,smriti9/configurator,  Building editable for india_compliance (pyproject.toml): finished with status 'done'
2026-07-09T03:15:12.756Z,smriti9/configurator,  Created wheel for india_compliance: filename=india_compliance-16.7.0-py2.py3-none-any.whl size=2839 sha256=2b4e0952c3cd4d1fcd7a97e9e54a8f348949d19230644b15ca3181249ac87988
2026-07-09T03:15:12.756Z,smriti9/configurator,  Stored in directory: /tmp/pip-ephem-wheel-cache-f3_kayhq/wheels/5e/6e/d1/136800bbb50c6008d989427bad58a6ba9eaff55ed3b4d3590c
2026-07-09T03:15:12.758Z,smriti9/configurator,Successfully built smriti_retail_os india_compliance
2026-07-09T03:15:12.925Z,smriti9/configurator,"Installing collected packages: smriti_retail_os, india_compliance"
2026-07-09T03:15:12.926Z,smriti9/configurator,  Attempting uninstall: smriti_retail_os
2026-07-09T03:15:12.940Z,smriti9/configurator,    Found existing installation: smriti_retail_os 2.2.0
2026-07-09T03:15:12.943Z,smriti9/configurator,    Uninstalling smriti_retail_os-2.2.0:
2026-07-09T03:15:14.115Z,smriti9/configurator,      Successfully uninstalled smriti_retail_os-2.2.0
2026-07-09T03:15:14.135Z,smriti9/configurator,  Attempting uninstall: india_compliance
2026-07-09T03:15:14.151Z,smriti9/configurator,    Found existing installation: india_compliance 16.7.0
2026-07-09T03:15:14.154Z,smriti9/configurator,    Uninstalling india_compliance-16.7.0:
2026-07-09T03:15:14.284Z,smriti9/configurator,      Successfully uninstalled india_compliance-16.7.0
2026-07-09T03:15:14.300Z,smriti9/configurator,
2026-07-09T03:15:14.317Z,smriti9/configurator,Successfully installed india_compliance-16.7.0 smriti_retail_os-2.2.0
2026-07-09T03:15:31.453Z,smriti9/create-site,wait-for-it: waiting 120 seconds for db:3306
2026-07-09T03:15:31.469Z,smriti9/db,2026-07-09  3:15:31 76 [Warning] Aborted connection 76 to db: 'unconnected' user: 'unauthenticated' host: '172.18.0.6' (This connection closed normally without authentication)
2026-07-09T03:15:31.470Z,smriti9/create-site,wait-for-it: db:3306 is available after 0 seconds
2026-07-09T03:15:31.497Z,smriti9/create-site,wait-for-it: waiting 120 seconds for redis-cache:6379
2026-07-09T03:15:31.504Z,smriti9/create-site,wait-for-it: redis-cache:6379 is available after 0 seconds
2026-07-09T03:15:31.536Z,smriti9/create-site,wait-for-it: waiting 120 seconds for redis-queue:6379
2026-07-09T03:15:31.539Z,smriti9/create-site,wait-for-it: redis-queue:6379 is available after 0 seconds
2026-07-09T03:15:31.544Z,smriti9/create-site,Dependencies ready. Installing custom apps...
2026-07-09T03:15:32.021Z,smriti9/create-site,"WARNING: The directory '/home/frappe/.cache/pip' or its parent directory is not owned or is not writable by the current user. The cache has been disabled. Check the permissions and owner of that directory. If executing pip with sudo, you should use sudo's -H flag."
2026-07-09T03:15:32.366Z,smriti9/create-site,Obtaining file:///home/frappe/frappe-bench/apps/smriti_retail_os
2026-07-09T03:15:32.373Z,smriti9/create-site,  Installing build dependencies: started
2026-07-09T03:15:33.525Z,smriti9/create-site,  Installing build dependencies: finished with status 'done'
2026-07-09T03:15:33.525Z,smriti9/create-site,  Checking if build backend supports build_editable: started
2026-07-09T03:15:33.794Z,smriti9/create-site,  Checking if build backend supports build_editable: finished with status 'done'
2026-07-09T03:15:33.794Z,smriti9/create-site,  Getting requirements to build editable: started
2026-07-09T03:15:34.000Z,smriti9/create-site,  Getting requirements to build editable: finished with status 'done'
2026-07-09T03:15:34.001Z,smriti9/create-site,  Preparing editable metadata (pyproject.toml): started
2026-07-09T03:15:34.177Z,smriti9/create-site,  Preparing editable metadata (pyproject.toml): finished with status 'done'
2026-07-09T03:15:34.193Z,smriti9/create-site,Obtaining file:///home/frappe/frappe-bench/apps/india_compliance
2026-07-09T03:15:34.200Z,smriti9/create-site,  Installing build dependencies: started
2026-07-09T03:15:35.260Z,smriti9/create-site,  Installing build dependencies: finished with status 'done'
2026-07-09T03:15:35.261Z,smriti9/create-site,  Checking if build backend supports build_editable: started
2026-07-09T03:15:35.443Z,smriti9/create-site,  Checking if build backend supports build_editable: finished with status 'done'
2026-07-09T03:15:35.444Z,smriti9/create-site,  Getting requirements to build editable: started
2026-07-09T03:15:35.620Z,smriti9/create-site,  Getting requirements to build editable: finished with status 'done'
2026-07-09T03:15:35.622Z,smriti9/create-site,  Preparing editable metadata (pyproject.toml): started
2026-07-09T03:15:35.814Z,smriti9/create-site,  Preparing editable metadata (pyproject.toml): finished with status 'done'
2026-07-09T03:15:35.829Z,smriti9/create-site,Requirement already satisfied: python-barcode~=0.15.1 in ./env/lib/python3.14/site-packages (from india_compliance==16.7.0) (0.15.1)
2026-07-09T03:15:35.831Z,smriti9/create-site,Requirement already satisfied: titlecase~=2.3 in ./env/lib/python3.14/site-packages (from india_compliance==16.7.0) (2.4.1)
2026-07-09T03:15:35.831Z,smriti9/create-site,Requirement already satisfied: pycryptodome~=3.19.0 in ./env/lib/python3.14/site-packages (from india_compliance==16.7.0) (3.19.1)
2026-07-09T03:15:35.832Z,smriti9/create-site,Requirement already satisfied: pypng~=0.20220715.0 in ./env/lib/python3.14/site-packages (from india_compliance==16.7.0) (0.20220715.0)
2026-07-09T03:15:35.835Z,smriti9/create-site,"Building wheels for collected packages: smriti_retail_os, india_compliance"
2026-07-09T03:15:35.838Z,smriti9/create-site,  Building editable for smriti_retail_os (pyproject.toml): started
2026-07-09T03:15:36.030Z,smriti9/create-site,  Building editable for smriti_retail_os (pyproject.toml): finished with status 'done'
2026-07-09T03:15:36.030Z,smriti9/create-site,  Created wheel for smriti_retail_os: filename=smriti_retail_os-2.2.0-py3-none-any.whl size=28759 sha256=b9433213beac5c6fbb637f25a3384fb2920875ece84e277bdf5d4f742d5709d7
2026-07-09T03:15:36.031Z,smriti9/create-site,  Stored in directory: /tmp/pip-ephem-wheel-cache-jcaff0_e/wheels/b3/d2/42/058d45fd362649576ac872eead58d98a8c0e65b815d0cac0a3
2026-07-09T03:15:36.036Z,smriti9/create-site,  Building editable for india_compliance (pyproject.toml): started
2026-07-09T03:15:36.219Z,smriti9/create-site,  Building editable for india_compliance (pyproject.toml): finished with status 'done'
2026-07-09T03:15:36.220Z,smriti9/create-site,  Created wheel for india_compliance: filename=india_compliance-16.7.0-py2.py3-none-any.whl size=2839 sha256=2b4e0952c3cd4d1fcd7a97e9e54a8f348949d19230644b15ca3181249ac87988
2026-07-09T03:15:36.220Z,smriti9/create-site,  Stored in directory: /tmp/pip-ephem-wheel-cache-jcaff0_e/wheels/5e/6e/d1/136800bbb50c6008d989427bad58a6ba9eaff55ed3b4d3590c
2026-07-09T03:15:36.222Z,smriti9/create-site,Successfully built smriti_retail_os india_compliance
2026-07-09T03:15:36.385Z,smriti9/create-site,"Installing collected packages: smriti_retail_os, india_compliance"
2026-07-09T03:15:36.387Z,smriti9/create-site,  Attempting uninstall: smriti_retail_os
2026-07-09T03:15:36.400Z,smriti9/create-site,    Found existing installation: smriti_retail_os 2.2.0
2026-07-09T03:15:36.404Z,smriti9/create-site,    Uninstalling smriti_retail_os-2.2.0:
2026-07-09T03:15:36.570Z,smriti9/create-site,      Successfully uninstalled smriti_retail_os-2.2.0
2026-07-09T03:15:36.594Z,smriti9/create-site,  Attempting uninstall: india_compliance
2026-07-09T03:15:36.625Z,smriti9/create-site,    Found existing installation: india_compliance 16.7.0
2026-07-09T03:15:36.628Z,smriti9/create-site,    Uninstalling india_compliance-16.7.0:
2026-07-09T03:15:36.777Z,smriti9/create-site,      Successfully uninstalled india_compliance-16.7.0
2026-07-09T03:15:36.791Z,smriti9/create-site,
2026-07-09T03:15:36.807Z,smriti9/create-site,Successfully installed india_compliance-16.7.0 smriti_retail_os-2.2.0
2026-07-09T03:15:36.916Z,smriti9/create-site,Site 'smriti_retail' already exists — running migrate...
2026-07-09T03:15:39.340Z,smriti9/create-site,Migrating smriti_retail
2026-07-09T03:15:39.394Z,smriti9/db,2026-07-09  3:15:39 80 [Warning] Aborted connection 80 to db: 'unconnected' user: 'unauthenticated' host: '172.18.0.6' (This connection closed normally without authentication)
2026-07-09T03:15:40.341Z,smriti9/create-site,Executing smriti_retail_os.patches.v1_2_10.migrate_print_template_custom_fields in smriti_retail (_02734b626d19e18d)
2026-07-09T03:15:40.341Z,smriti9/create-site,
2026-07-09T03:15:40.341Z,smriti9/create-site,	Deletes the legacy programmatic custom fields for SMRITI Print Template 
2026-07-09T03:15:40.341Z,smriti9/create-site,"	from the tabCustom Field table after verifying that the target table has the columns,"
2026-07-09T03:15:40.341Z,smriti9/create-site,	allowing the new file-based native schema fields to take over cleanly.
2026-07-09T03:15:40.341Z,smriti9/create-site,
2026-07-09T03:15:40.341Z,smriti9/create-site,Failed to execute patch
2026-07-09T03:15:40.341Z,smriti9/create-site,Traceback with variables (most recent call last):
2026-07-09T03:15:40.341Z,smriti9/create-site,"  File ""apps/frappe/frappe/modules/patch_handler.py"", line 62, in run_patch"
2026-07-09T03:15:40.341Z,smriti9/create-site,    if not run_single(patchmodule=patch):
2026-07-09T03:15:40.341Z,smriti9/create-site,      patch = 'smriti_retail_os.patches.v1_2_10.migrate_print_template_custom_fields'
2026-07-09T03:15:40.341Z,smriti9/create-site,      skip_failing = True
2026-07-09T03:15:40.341Z,smriti9/create-site,"  File ""apps/frappe/frappe/modules/patch_handler.py"", line 152, in run_single"
2026-07-09T03:15:40.341Z,smriti9/create-site,"    return execute_patch(patchmodule, method, methodargs)"
2026-07-09T03:15:40.341Z,smriti9/create-site,      patchmodule = 'smriti_retail_os.patches.v1_2_10.migrate_print_template_custom_fields'
2026-07-09T03:15:40.341Z,smriti9/create-site,      method = None
2026-07-09T03:15:40.341Z,smriti9/create-site,      methodargs = None
2026-07-09T03:15:40.341Z,smriti9/create-site,      force = False
2026-07-09T03:15:40.341Z,smriti9/create-site,"      conf = frappe.utils.local.LocalProxy{'allow_cors_origin': 'http://localhost:8080', 'db_host': 'db', 'db_port': 3306, 'redis_cache': 'redis://redis-cache:6379', 'redis_queue': 'redis://redis-queue:6379', 'redis_socketio': 'redis://redis-queue:6379', 'socketio_port': 9000, 'db_name': '_02734b626d19e18d', 'db_password': 'kazEcvTnXUmSSNCE', 'db_type': 'mariadb', 'db_user': '_02734b626d19e18d', 'db_socket': None, 'developer_mode': 0}"
2026-07-09T03:15:40.341Z,smriti9/create-site,"  File ""apps/frappe/frappe/modules/patch_handler.py"", line 188, in execute_patch"
2026-07-09T03:15:40.341Z,smriti9/create-site,    _patch()
2026-07-09T03:15:40.341Z,smriti9/create-site,      patchmodule = 'smriti_retail_os.patches.v1_2_10.migrate_print_template_custom_fields'
2026-07-09T03:15:40.341Z,smriti9/create-site,      method = None
2026-07-09T03:15:40.341Z,smriti9/create-site,      methodargs = None
2026-07-09T03:15:40.341Z,smriti9/create-site,      has_patch_file = True
2026-07-09T03:15:40.341Z,smriti9/create-site,      patch = 'smriti_retail_os.patches.v1_2_10.migrate_print_template_custom_fields.execute'
2026-07-09T03:15:40.341Z,smriti9/create-site,      docstring = '
2026-07-09T03:15:40.341Z,smriti9/create-site,      
2026-07-09T03:15:40.341Z,smriti9/create-site,      	Deletes the legacy programmatic custom fields for SMRITI Print Template 
2026-07-09T03:15:40.341Z,smriti9/create-site,"      	from the tabCustom Field table after verifying that the target table has the columns,"
2026-07-09T03:15:40.341Z,smriti9/create-site,      	allowing the new file-based native schema fields to take over cleanly.
2026-07-09T03:15:40.341Z,smriti9/create-site,      '
2026-07-09T03:15:40.341Z,smriti9/create-site,      _patch = <function execute at 0x72e7d7fcfc10>
2026-07-09T03:15:40.341Z,smriti9/create-site,      start_time = 645.827670115
2026-07-09T03:15:40.341Z,smriti9/create-site,"  File ""apps/smriti_retail_os/smriti_retail_os/patches/v1_2_10/migrate_print_template_custom_fields.py"", line 22, in execute"
2026-07-09T03:15:40.341Z,smriti9/create-site,"    if smriti.db.exists(""DocType"", ""SMRITI Print Template""):"
2026-07-09T03:15:40.341Z,smriti9/create-site,"  File ""apps/smriti_retail_os/smriti_retail_os/core/platform/db.py"", line 135, in exists"
2026-07-09T03:15:40.341Z,smriti9/create-site,"    return bool(smriti.db.exists(resolve(model_name), filters))"
2026-07-09T03:15:40.341Z,smriti9/create-site,      model_name = 'DocType'
2026-07-09T03:15:40.341Z,smriti9/create-site,      filters = 'SMRITI Print Template'
2026-07-09T03:15:40.341Z,smriti9/create-site,      frappe = <module 'frappe' from 'apps/frappe/frappe/__init__.py'>
2026-07-09T03:15:40.341Z,smriti9/create-site,builtins.NameError: name 'smriti' is not defined
2026-07-09T03:15:40.341Z,smriti9/create-site,
2026-07-09T03:15:40.341Z,smriti9/create-site,Executing smriti_retail_os.patches.v1_8_7.migrate_barcode_settings_to_standard in smriti_retail (_02734b626d19e18d)
2026-07-09T03:15:40.341Z,smriti9/create-site,	Converts the existing SMRITI Barcode Settings DocType from a Custom DocType to a Standard DocType to prevent migration clashing.
2026-07-09T03:15:40.341Z,smriti9/create-site,Failed to execute patch
2026-07-09T03:15:40.341Z,smriti9/create-site,Traceback with variables (most recent call last):
2026-07-09T03:15:40.341Z,smriti9/create-site,"  File ""apps/frappe/frappe/modules/patch_handler.py"", line 62, in run_patch"
2026-07-09T03:15:40.341Z,smriti9/create-site,    if not run_single(patchmodule=patch):
2026-07-09T03:15:40.341Z,smriti9/create-site,      patch = 'smriti_retail_os.patches.v1_8_7.migrate_barcode_settings_to_standard'
2026-07-09T03:15:40.341Z,smriti9/create-site,      skip_failing = True
2026-07-09T03:15:40.341Z,smriti9/create-site,"  File ""apps/frappe/frappe/modules/patch_handler.py"", line 152, in run_single"
2026-07-09T03:15:40.341Z,smriti9/create-site,"    return execute_patch(patchmodule, method, methodargs)"
2026-07-09T03:15:40.341Z,smriti9/create-site,      patchmodule = 'smriti_retail_os.patches.v1_8_7.migrate_barcode_settings_to_standard'
2026-07-09T03:15:40.341Z,smriti9/create-site,      method = None
2026-07-09T03:15:40.341Z,smriti9/create-site,      methodargs = None
2026-07-09T03:15:40.341Z,smriti9/create-site,      force = False
2026-07-09T03:15:40.341Z,smriti9/create-site,"      conf = frappe.utils.local.LocalProxy{'allow_cors_origin': 'http://localhost:8080', 'db_host': 'db', 'db_port': 3306, 'redis_cache': 'redis://redis-cache:6379', 'redis_queue': 'redis://redis-queue:6379', 'redis_socketio': 'redis://redis-queue:6379', 'socketio_port': 9000, 'db_name': '_02734b626d19e18d', 'db_password': 'kazEcvTnXUmSSNCE', 'db_type': 'mariadb', 'db_user': '_02734b626d19e18d', 'db_socket': None, 'developer_mode': 0}"
2026-07-09T03:15:40.341Z,smriti9/create-site,"  File ""apps/frappe/frappe/modules/patch_handler.py"", line 188, in execute_patch"
2026-07-09T03:15:40.341Z,smriti9/create-site,    _patch()
2026-07-09T03:15:40.341Z,smriti9/create-site,      patchmodule = 'smriti_retail_os.patches.v1_8_7.migrate_barcode_settings_to_standard'
2026-07-09T03:15:40.341Z,smriti9/create-site,      method = None
2026-07-09T03:15:40.341Z,smriti9/create-site,      methodargs = None
2026-07-09T03:15:40.341Z,smriti9/create-site,      has_patch_file = True
2026-07-09T03:15:40.341Z,smriti9/create-site,      patch = 'smriti_retail_os.patches.v1_8_7.migrate_barcode_settings_to_standard.execute'
2026-07-09T03:15:40.341Z,smriti9/create-site,      docstring = '
2026-07-09T03:15:40.341Z,smriti9/create-site,      	Converts the existing SMRITI Barcode Settings DocType from a Custom DocType to a Standard DocType to prevent migration clashing.'
2026-07-09T03:15:40.341Z,smriti9/create-site,      _patch = <function execute at 0x72e7d7d4b110>
2026-07-09T03:15:40.341Z,smriti9/create-site,      start_time = 646.303086665
2026-07-09T03:15:40.341Z,smriti9/create-site,"  File ""apps/smriti_retail_os/smriti_retail_os/patches/v1_8_7/migrate_barcode_settings_to_standard.py"", line 10, in execute"
2026-07-09T03:15:40.341Z,smriti9/create-site,"    if smriti.db.exists(""DocType"", ""SMRITI Barcode Settings""):"
2026-07-09T03:15:40.341Z,smriti9/create-site,"  File ""apps/smriti_retail_os/smriti_retail_os/core/platform/db.py"", line 135, in exists"
2026-07-09T03:15:40.341Z,smriti9/create-site,"    return bool(smriti.db.exists(resolve(model_name), filters))"
2026-07-09T03:15:40.341Z,smriti9/create-site,      model_name = 'DocType'
2026-07-09T03:15:40.341Z,smriti9/create-site,      filters = 'SMRITI Barcode Settings'
2026-07-09T03:15:40.341Z,smriti9/create-site,      frappe = <module 'frappe' from 'apps/frappe/frappe/__init__.py'>
2026-07-09T03:15:40.341Z,smriti9/create-site,builtins.NameError: name 'smriti' is not defined
2026-07-09T03:15:40.341Z,smriti9/create-site,
2026-07-09T03:15:40.341Z,smriti9/create-site,Executing smriti_retail_os.patches.v1_8_7.migrate_telemetry_event_to_standard in smriti_retail (_02734b626d19e18d)
2026-07-09T03:15:40.341Z,smriti9/create-site,	Converts the existing SMRITI Telemetry Event Definition DocType from a Custom DocType to a Standard DocType to prevent migration clashing.
2026-07-09T03:15:40.341Z,smriti9/create-site,Failed to execute patch
2026-07-09T03:15:40.341Z,smriti9/create-site,Traceback with variables (most recent call last):
2026-07-09T03:15:40.341Z,smriti9/create-site,"  File ""apps/frappe/frappe/modules/patch_handler.py"", line 62, in run_patch"
2026-07-09T03:15:40.341Z,smriti9/create-site,    if not run_single(patchmodule=patch):
2026-07-09T03:15:40.341Z,smriti9/create-site,      patch = 'smriti_retail_os.patches.v1_8_7.migrate_telemetry_event_to_standard'
2026-07-09T03:15:40.341Z,smriti9/create-site,      skip_failing = True
2026-07-09T03:15:40.341Z,smriti9/create-site,"  File ""apps/frappe/frappe/modules/patch_handler.py"", line 152, in run_single"
2026-07-09T03:15:40.341Z,smriti9/create-site,"    return execute_patch(patchmodule, method, methodargs)"
2026-07-09T03:15:40.341Z,smriti9/create-site,      patchmodule = 'smriti_retail_os.patches.v1_8_7.migrate_telemetry_event_to_standard'
2026-07-09T03:15:40.341Z,smriti9/create-site,      method = None
2026-07-09T03:15:40.341Z,smriti9/create-site,      methodargs = None
2026-07-09T03:15:40.341Z,smriti9/create-site,      force = False
2026-07-09T03:15:40.341Z,smriti9/create-site,"      conf = frappe.utils.local.LocalProxy{'allow_cors_origin': 'http://localhost:8080', 'db_host': 'db', 'db_port': 3306, 'redis_cache': 'redis://redis-cache:6379', 'redis_queue': 'redis://redis-queue:6379', 'redis_socketio': 'redis://redis-queue:6379', 'socketio_port': 9000, 'db_name': '_02734b626d19e18d', 'db_password': 'kazEcvTnXUmSSNCE', 'db_type': 'mariadb', 'db_user': '_02734b626d19e18d', 'db_socket': None, 'developer_mode': 0}"
2026-07-09T03:15:40.341Z,smriti9/create-site,"  File ""apps/frappe/frappe/modules/patch_handler.py"", line 188, in execute_patch"
2026-07-09T03:15:40.341Z,smriti9/create-site,    _patch()
2026-07-09T03:15:40.341Z,smriti9/create-site,      patchmodule = 'smriti_retail_os.patches.v1_8_7.migrate_telemetry_event_to_standard'
2026-07-09T03:15:40.341Z,smriti9/create-site,      method = None
2026-07-09T03:15:40.341Z,smriti9/create-site,      methodargs = None
2026-07-09T03:15:40.341Z,smriti9/create-site,      has_patch_file = True
2026-07-09T03:15:40.341Z,smriti9/create-site,      patch = 'smriti_retail_os.patches.v1_8_7.migrate_telemetry_event_to_standard.execute'
2026-07-09T03:15:40.341Z,smriti9/create-site,      docstring = '
2026-07-09T03:15:40.341Z,smriti9/create-site,      	Converts the existing SMRITI Telemetry Event Definition DocType from a Custom DocType to a Standard DocType to prevent migration clashing.'
2026-07-09T03:15:40.341Z,smriti9/create-site,      _patch = <function execute at 0x72e7d7e9a1f0>
2026-07-09T03:15:40.341Z,smriti9/create-site,      start_time = 646.366620217
2026-07-09T03:15:40.341Z,smriti9/create-site,"  File ""apps/smriti_retail_os/smriti_retail_os/patches/v1_8_7/migrate_telemetry_event_to_standard.py"", line 10, in execute"
2026-07-09T03:15:40.341Z,smriti9/create-site,"    if smriti.db.exists(""DocType"", ""SMRITI Telemetry Event Definition""):"
2026-07-09T03:15:40.341Z,smriti9/create-site,"  File ""apps/smriti_retail_os/smriti_retail_os/core/platform/db.py"", line 135, in exists"
2026-07-09T03:15:40.341Z,smriti9/create-site,"    return bool(smriti.db.exists(resolve(model_name), filters))"
2026-07-09T03:15:40.341Z,smriti9/create-site,      model_name = 'DocType'
2026-07-09T03:15:40.341Z,smriti9/create-site,      filters = 'SMRITI Telemetry Event Definition'
2026-07-09T03:15:40.341Z,smriti9/create-site,      frappe = <module 'frappe' from 'apps/frappe/frappe/__init__.py'>
2026-07-09T03:15:40.341Z,smriti9/create-site,builtins.NameError: name 'smriti' is not defined
2026-07-09T03:15:40.341Z,smriti9/create-site,
2026-07-09T03:15:40.699Z,smriti9/create-site,
2026-07-09T03:15:40.699Z,smriti9/create-site,Updating DocTypes for frappe        : [                                        ] 0%
2026-07-09T03:15:40.699Z,smriti9/create-site,Updating DocTypes for frappe        : [                                        ] 0%
2026-07-09T03:15:40.699Z,smriti9/create-site,Updating DocTypes for frappe        : [                                        ] 0%
2026-07-09T03:15:40.699Z,smriti9/create-site,Updating DocTypes for frappe        : [                                        ] 1%
2026-07-09T03:15:40.699Z,smriti9/create-site,Updating DocTypes for frappe        : [                                        ] 1%
2026-07-09T03:15:40.699Z,smriti9/create-site,Updating DocTypes for frappe        : [                                        ] 1%
2026-07-09T03:15:40.699Z,smriti9/create-site,Updating DocTypes for frappe        : [                                        ] 1%
2026-07-09T03:15:40.699Z,smriti9/create-site,Updating DocTypes for frappe        : [                                        ] 2%
2026-07-09T03:15:40.699Z,smriti9/create-site,Updating DocTypes for frappe        : [=                                       ] 2%
2026-07-09T03:15:40.699Z,smriti9/create-site,Updating DocTypes for frappe        : [=                                       ] 2%
2026-07-09T03:15:40.699Z,smriti9/create-site,Updating DocTypes for frappe        : [=                                       ] 3%
2026-07-09T03:15:40.699Z,smriti9/create-site,Updating DocTypes for frappe        : [=                                       ] 3%
2026-07-09T03:15:40.699Z,smriti9/create-site,Updating DocTypes for frappe        : [=                                       ] 3%
2026-07-09T03:15:40.699Z,smriti9/create-site,Updating DocTypes for frappe        : [=                                       ] 3%
2026-07-09T03:15:40.699Z,smriti9/create-site,Updating DocTypes for frappe        : [=                                       ] 4%
2026-07-09T03:15:40.699Z,smriti9/create-site,Updating DocTypes for frappe        : [=                                       ] 4%
2026-07-09T03:15:40.699Z,smriti9/create-site,Updating DocTypes for frappe        : [=                                       ] 4%
2026-07-09T03:15:40.699Z,smriti9/create-site,Updating DocTypes for frappe        : [==                                      ] 5%
2026-07-09T03:15:40.699Z,smriti9/create-site,Updating DocTypes for frappe        : [==                                      ] 5%
2026-07-09T03:15:40.699Z,smriti9/create-site,Updating DocTypes for frappe        : [==                                      ] 5%
2026-07-09T03:15:40.699Z,smriti9/create-site,Updating DocTypes for frappe        : [==                                      ] 5%
2026-07-09T03:15:40.699Z,smriti9/create-site,Updating DocTypes for frappe        : [==                                      ] 6%
2026-07-09T03:15:40.699Z,smriti9/create-site,Updating DocTypes for frappe        : [==                                      ] 6%
2026-07-09T03:15:40.699Z,smriti9/create-site,Updating DocTypes for frappe        : [==                                      ] 6%
2026-07-09T03:15:40.699Z,smriti9/create-site,Updating DocTypes for frappe        : [==                                      ] 7%
2026-07-09T03:15:40.699Z,smriti9/create-site,Updating DocTypes for frappe        : [==                                      ] 7%
2026-07-09T03:15:40.699Z,smriti9/create-site,Updating DocTypes for frappe        : [===                                     ] 7%
2026-07-09T03:15:40.699Z,smriti9/create-site,Updating DocTypes for frappe        : [===                                     ] 7%
2026-07-09T03:15:40.699Z,smriti9/create-site,Updating DocTypes for frappe        : [===                                     ] 8%
2026-07-09T03:15:40.699Z,smriti9/create-site,Updating DocTypes for frappe        : [===                                     ] 8%
2026-07-09T03:15:40.699Z,smriti9/create-site,Updating DocTypes for frappe        : [===                                     ] 8%
2026-07-09T03:15:40.699Z,smriti9/create-site,Updating DocTypes for frappe        : [===                                     ] 9%
2026-07-09T03:15:40.699Z,smriti9/create-site,Updating DocTypes for frappe        : [===                                     ] 9%
2026-07-09T03:15:40.699Z,smriti9/create-site,Updating DocTypes for frappe        : [===                                     ] 9%
2026-07-09T03:15:40.699Z,smriti9/create-site,Updating DocTypes for frappe        : [===                                     ] 9%
2026-07-09T03:15:40.699Z,smriti9/create-site,Updating DocTypes for frappe        : [====                                    ] 10%
2026-07-09T03:15:40.699Z,smriti9/create-site,Updating DocTypes for frappe        : [====                                    ] 10%
2026-07-09T03:15:40.699Z,smriti9/create-site,Updating DocTypes for frappe        : [====                                    ] 10%
2026-07-09T03:15:40.699Z,smriti9/create-site,Updating DocTypes for frappe        : [====                                    ] 11%
2026-07-09T03:15:40.699Z,smriti9/create-site,Updating DocTypes for frappe        : [====                                    ] 11%
2026-07-09T03:15:40.699Z,smriti9/create-site,Updating DocTypes for frappe        : [====                                    ] 11%
2026-07-09T03:15:40.699Z,smriti9/create-site,Updating DocTypes for frappe        : [====                                    ] 11%
2026-07-09T03:15:40.699Z,smriti9/create-site,Updating DocTypes for frappe        : [====                                    ] 12%
2026-07-09T03:15:40.699Z,smriti9/create-site,Updating DocTypes for frappe        : [=====                                   ] 12%
2026-07-09T03:15:40.699Z,smriti9/create-site,Updating DocTypes for frappe        : [=====                                   ] 12%
2026-07-09T03:15:40.699Z,smriti9/create-site,Updating DocTypes for frappe        : [=====                                   ] 13%
2026-07-09T03:15:40.699Z,smriti9/create-site,Updating DocTypes for frappe        : [=====                                   ] 13%
2026-07-09T03:15:40.699Z,smriti9/create-site,Updating DocTypes for frappe        : [=====                                   ] 13%
2026-07-09T03:15:40.699Z,smriti9/create-site,Updating DocTypes for frappe        : [=====                                   ] 13%
2026-07-09T03:15:40.699Z,smriti9/create-site,Updating DocTypes for frappe        : [=====                                   ] 14%
2026-07-09T03:15:40.699Z,smriti9/create-site,Updating DocTypes for frappe        : [=====                                   ] 14%
2026-07-09T03:15:40.699Z,smriti9/create-site,Updating DocTypes for frappe        : [=====                                   ] 14%
2026-07-09T03:15:40.699Z,smriti9/create-site,Updating DocTypes for frappe        : [======                                  ] 15%
2026-07-09T03:15:40.699Z,smriti9/create-site,Updating DocTypes for frappe        : [======                                  ] 15%
2026-07-09T03:15:40.699Z,smriti9/create-site,Updating DocTypes for frappe        : [======                                  ] 15%
2026-07-09T03:15:40.699Z,smriti9/create-site,Updating DocTypes for frappe        : [======                                  ] 15%
2026-07-09T03:15:40.699Z,smriti9/create-site,Updating DocTypes for frappe        : [======                                  ] 16%
2026-07-09T03:15:40.699Z,smriti9/create-site,Updating DocTypes for frappe        : [======                                  ] 16%
2026-07-09T03:15:40.699Z,smriti9/create-site,Updating DocTypes for frappe        : [======                                  ] 16%
2026-07-09T03:15:40.699Z,smriti9/create-site,Updating DocTypes for frappe        : [======                                  ] 17%
2026-07-09T03:15:40.699Z,smriti9/create-site,Updating DocTypes for frappe        : [======                                  ] 17%
2026-07-09T03:15:40.699Z,smriti9/create-site,Updating DocTypes for frappe        : [=======                                 ] 17%
2026-07-09T03:15:40.699Z,smriti9/create-site,Updating DocTypes for frappe        : [=======                                 ] 17%
2026-07-09T03:15:40.699Z,smriti9/create-site,Updating DocTypes for frappe        : [=======                                 ] 18%
2026-07-09T03:15:40.699Z,smriti9/create-site,Updating DocTypes for frappe        : [=======                                 ] 18%
2026-07-09T03:15:40.699Z,smriti9/create-site,Updating DocTypes for frappe        : [=======                                 ] 18%
2026-07-09T03:15:40.699Z,smriti9/create-site,Updating DocTypes for frappe        : [=======                                 ] 19%
2026-07-09T03:15:40.699Z,smriti9/create-site,Updating DocTypes for frappe        : [=======                                 ] 19%
2026-07-09T03:15:40.699Z,smriti9/create-site,Updating DocTypes for frappe        : [=======                                 ] 19%
2026-07-09T03:15:40.699Z,smriti9/create-site,Updating DocTypes for frappe        : [=======                                 ] 19%
2026-07-09T03:15:40.699Z,smriti9/create-site,Updating DocTypes for frappe        : [========                                ] 20%
2026-07-09T03:15:40.699Z,smriti9/create-site,Updating DocTypes for frappe        : [========                                ] 20%
2026-07-09T03:15:40.699Z,smriti9/create-site,Updating DocTypes for frappe        : [========                                ] 20%
2026-07-09T03:15:40.699Z,smriti9/create-site,Updating DocTypes for frappe        : [========                                ] 21%
2026-07-09T03:15:40.699Z,smriti9/create-site,Updating DocTypes for frappe        : [========                                ] 21%
2026-07-09T03:15:40.699Z,smriti9/create-site,Updating DocTypes for frappe        : [========                                ] 21%
2026-07-09T03:15:40.699Z,smriti9/create-site,Updating DocTypes for frappe        : [========                                ] 21%
2026-07-09T03:15:40.699Z,smriti9/create-site,Updating DocTypes for frappe        : [========                                ] 22%
2026-07-09T03:15:40.699Z,smriti9/create-site,Updating DocTypes for frappe        : [========                                ] 22%
2026-07-09T03:15:40.699Z,smriti9/create-site,Updating DocTypes for frappe        : [=========                               ] 22%
2026-07-09T03:15:40.699Z,smriti9/create-site,Updating DocTypes for frappe        : [=========                               ] 23%
2026-07-09T03:15:40.699Z,smriti9/create-site,Updating DocTypes for frappe        : [=========                               ] 23%
2026-07-09T03:15:40.699Z,smriti9/create-site,Updating DocTypes for frappe        : [=========                               ] 23%
2026-07-09T03:15:40.699Z,smriti9/create-site,Updating DocTypes for frappe        : [=========                               ] 23%
2026-07-09T03:15:40.699Z,smriti9/create-site,Updating DocTypes for frappe        : [=========                               ] 24%
2026-07-09T03:15:40.699Z,smriti9/create-site,Updating DocTypes for frappe        : [=========                               ] 24%
2026-07-09T03:15:40.699Z,smriti9/create-site,Updating DocTypes for frappe        : [=========                               ] 24%
2026-07-09T03:15:40.699Z,smriti9/create-site,Updating DocTypes for frappe        : [==========                              ] 25%
2026-07-09T03:15:40.699Z,smriti9/create-site,Updating DocTypes for frappe        : [==========                              ] 25%
2026-07-09T03:15:40.699Z,smriti9/create-site,Updating DocTypes for frappe        : [==========                              ] 25%
2026-07-09T03:15:40.699Z,smriti9/create-site,Updating DocTypes for frappe        : [==========                              ] 25%
2026-07-09T03:15:40.699Z,smriti9/create-site,Updating DocTypes for frappe        : [==========                              ] 26%
2026-07-09T03:15:40.699Z,smriti9/create-site,Updating DocTypes for frappe        : [==========                              ] 26%
2026-07-09T03:15:40.699Z,smriti9/create-site,Updating DocTypes for frappe        : [==========                              ] 26%
2026-07-09T03:15:40.699Z,smriti9/create-site,Updating DocTypes for frappe        : [==========                              ] 26%
2026-07-09T03:15:40.699Z,smriti9/create-site,Updating DocTypes for frappe        : [==========                              ] 27%
2026-07-09T03:15:40.699Z,smriti9/create-site,Updating DocTypes for frappe        : [===========                             ] 27%
2026-07-09T03:15:40.699Z,smriti9/create-site,Updating DocTypes for frappe        : [===========                             ] 27%
2026-07-09T03:15:40.699Z,smriti9/create-site,Updating DocTypes for frappe        : [===========                             ] 28%
2026-07-09T03:15:40.699Z,smriti9/create-site,Updating DocTypes for frappe        : [===========                             ] 28%
2026-07-09T03:15:40.699Z,smriti9/create-site,Updating DocTypes for frappe        : [===========                             ] 28%
2026-07-09T03:15:40.699Z,smriti9/create-site,Updating DocTypes for frappe        : [===========                             ] 28%
2026-07-09T03:15:40.699Z,smriti9/create-site,Updating DocTypes for frappe        : [===========                             ] 29%
2026-07-09T03:15:40.699Z,smriti9/create-site,Updating DocTypes for frappe        : [===========                             ] 29%
2026-07-09T03:15:40.699Z,smriti9/create-site,Updating DocTypes for frappe        : [===========                             ] 29%
2026-07-09T03:15:40.699Z,smriti9/create-site,Updating DocTypes for frappe        : [============                            ] 30%
2026-07-09T03:15:40.699Z,smriti9/create-site,Updating DocTypes for frappe        : [============                            ] 30%
2026-07-09T03:15:40.699Z,smriti9/create-site,Updating DocTypes for frappe        : [============                            ] 30%
2026-07-09T03:15:40.699Z,smriti9/create-site,Updating DocTypes for frappe        : [============                            ] 30%
2026-07-09T03:15:40.699Z,smriti9/create-site,Updating DocTypes for frappe        : [============                            ] 31%
2026-07-09T03:15:40.699Z,smriti9/create-site,Updating DocTypes for frappe        : [============                            ] 31%
2026-07-09T03:15:40.699Z,smriti9/create-site,Updating DocTypes for frappe        : [============                            ] 31%
2026-07-09T03:15:40.699Z,smriti9/create-site,Updating DocTypes for frappe        : [============                            ] 32%
2026-07-09T03:15:40.699Z,smriti9/create-site,Updating DocTypes for frappe        : [============                            ] 32%
2026-07-09T03:15:40.699Z,smriti9/create-site,Updating DocTypes for frappe        : [=============                           ] 32%
2026-07-09T03:15:40.699Z,smriti9/create-site,Updating DocTypes for frappe        : [=============                           ] 32%
2026-07-09T03:15:40.699Z,smriti9/create-site,Updating DocTypes for frappe        : [=============                           ] 33%
2026-07-09T03:15:40.699Z,smriti9/create-site,Updating DocTypes for frappe        : [=============                           ] 33%
2026-07-09T03:15:40.699Z,smriti9/create-site,Updating DocTypes for frappe        : [=============                           ] 33%
2026-07-09T03:15:40.699Z,smriti9/create-site,Updating DocTypes for frappe        : [=============                           ] 34%
2026-07-09T03:15:40.699Z,smriti9/create-site,Updating DocTypes for frappe        : [=============                           ] 34%
2026-07-09T03:15:40.699Z,smriti9/create-site,Updating DocTypes for frappe        : [=============                           ] 34%
2026-07-09T03:15:40.699Z,smriti9/create-site,Updating DocTypes for frappe        : [=============                           ] 34%
2026-07-09T03:15:40.699Z,smriti9/create-site,Updating DocTypes for frappe        : [==============                          ] 35%
2026-07-09T03:15:40.699Z,smriti9/create-site,Updating DocTypes for frappe        : [==============                          ] 35%
2026-07-09T03:15:40.699Z,smriti9/create-site,Updating DocTypes for frappe        : [==============                          ] 35%
2026-07-09T03:15:40.699Z,smriti9/create-site,Updating DocTypes for frappe        : [==============                          ] 36%
2026-07-09T03:15:40.699Z,smriti9/create-site,Updating DocTypes for frappe        : [==============                          ] 36%
2026-07-09T03:15:40.699Z,smriti9/create-site,Updating DocTypes for frappe        : [==============                          ] 36%
2026-07-09T03:15:40.699Z,smriti9/create-site,Updating DocTypes for frappe        : [==============                          ] 36%
2026-07-09T03:15:40.699Z,smriti9/create-site,Updating DocTypes for frappe        : [==============                          ] 37%
2026-07-09T03:15:40.699Z,smriti9/create-site,Updating DocTypes for frappe        : [===============                         ] 37%
2026-07-09T03:15:40.699Z,smriti9/create-site,Updating DocTypes for frappe        : [===============                         ] 37%
2026-07-09T03:15:40.699Z,smriti9/create-site,Updating DocTypes for frappe        : [===============                         ] 38%
2026-07-09T03:15:40.699Z,smriti9/create-site,Updating DocTypes for frappe        : [===============                         ] 38%
2026-07-09T03:15:40.699Z,smriti9/create-site,Updating DocTypes for frappe        : [===============                         ] 38%
2026-07-09T03:15:40.699Z,smriti9/create-site,Updating DocTypes for frappe        : [===============                         ] 38%
2026-07-09T03:15:40.699Z,smriti9/create-site,Updating DocTypes for frappe        : [===============                         ] 39%
2026-07-09T03:15:40.699Z,smriti9/create-site,Updating DocTypes for frappe        : [===============                         ] 39%
2026-07-09T03:15:40.699Z,smriti9/create-site,Updating DocTypes for frappe        : [===============                         ] 39%
2026-07-09T03:15:40.699Z,smriti9/create-site,Updating DocTypes for frappe        : [================                        ] 40%
2026-07-09T03:15:40.699Z,smriti9/create-site,Updating DocTypes for frappe        : [================                        ] 40%
2026-07-09T03:15:40.699Z,smriti9/create-site,Updating DocTypes for frappe        : [================                        ] 40%
2026-07-09T03:15:40.699Z,smriti9/create-site,Updating DocTypes for frappe        : [================                        ] 40%
2026-07-09T03:15:40.699Z,smriti9/create-site,Updating DocTypes for frappe        : [================                        ] 41%
2026-07-09T03:15:40.699Z,smriti9/create-site,Updating DocTypes for frappe        : [================                        ] 41%
2026-07-09T03:15:40.699Z,smriti9/create-site,Updating DocTypes for frappe        : [================                        ] 41%
2026-07-09T03:15:40.699Z,smriti9/create-site,Updating DocTypes for frappe        : [================                        ] 42%
2026-07-09T03:15:40.699Z,smriti9/create-site,Updating DocTypes for frappe        : [================                        ] 42%
2026-07-09T03:15:40.699Z,smriti9/create-site,Updating DocTypes for frappe        : [=================                       ] 42%
2026-07-09T03:15:40.699Z,smriti9/create-site,Updating DocTypes for frappe        : [=================                       ] 42%
2026-07-09T03:15:40.699Z,smriti9/create-site,Updating DocTypes for frappe        : [=================                       ] 43%
2026-07-09T03:15:40.699Z,smriti9/create-site,Updating DocTypes for frappe        : [=================                       ] 43%
2026-07-09T03:15:40.699Z,smriti9/create-site,Updating DocTypes for frappe        : [=================                       ] 43%
2026-07-09T03:15:40.699Z,smriti9/create-site,Updating DocTypes for frappe        : [=================                       ] 44%
2026-07-09T03:15:40.699Z,smriti9/create-site,Updating DocTypes for frappe        : [=================                       ] 44%
2026-07-09T03:15:40.699Z,smriti9/create-site,Updating DocTypes for frappe        : [=================                       ] 44%
2026-07-09T03:15:40.699Z,smriti9/create-site,Updating DocTypes for frappe        : [=================                       ] 44%
2026-07-09T03:15:40.699Z,smriti9/create-site,Updating DocTypes for frappe        : [==================                      ] 45%
2026-07-09T03:15:40.699Z,smriti9/create-site,Updating DocTypes for frappe        : [==================                      ] 45%
2026-07-09T03:15:40.699Z,smriti9/create-site,Updating DocTypes for frappe        : [==================                      ] 45%
2026-07-09T03:15:40.699Z,smriti9/create-site,Updating DocTypes for frappe        : [==================                      ] 46%
2026-07-09T03:15:40.699Z,smriti9/create-site,Updating DocTypes for frappe        : [==================                      ] 46%
2026-07-09T03:15:40.699Z,smriti9/create-site,Updating DocTypes for frappe        : [==================                      ] 46%
2026-07-09T03:15:40.699Z,smriti9/create-site,Updating DocTypes for frappe        : [==================                      ] 46%
2026-07-09T03:15:40.699Z,smriti9/create-site,Updating DocTypes for frappe        : [==================                      ] 47%
2026-07-09T03:15:40.699Z,smriti9/create-site,Updating DocTypes for frappe        : [==================                      ] 47%
2026-07-09T03:15:40.699Z,smriti9/create-site,Updating DocTypes for frappe        : [===================                     ] 47%
2026-07-09T03:15:40.699Z,smriti9/create-site,Updating DocTypes for frappe        : [===================                     ] 48%
2026-07-09T03:15:40.699Z,smriti9/create-site,Updating DocTypes for frappe        : [===================                     ] 48%
2026-07-09T03:15:40.699Z,smriti9/create-site,Updating DocTypes for frappe        : [===================                     ] 48%
2026-07-09T03:15:40.699Z,smriti9/create-site,Updating DocTypes for frappe        : [===================                     ] 48%
2026-07-09T03:15:40.699Z,smriti9/create-site,Updating DocTypes for frappe        : [===================                     ] 49%
2026-07-09T03:15:40.699Z,smriti9/create-site,Updating DocTypes for frappe        : [===================                     ] 49%
2026-07-09T03:15:40.699Z,smriti9/create-site,Updating DocTypes for frappe        : [===================                     ] 49%
2026-07-09T03:15:40.699Z,smriti9/create-site,Updating DocTypes for frappe        : [====================                    ] 50%
2026-07-09T03:15:40.699Z,smriti9/create-site,Updating DocTypes for frappe        : [====================                    ] 50%
2026-07-09T03:15:40.699Z,smriti9/create-site,Updating DocTypes for frappe        : [====================                    ] 50%
2026-07-09T03:15:40.699Z,smriti9/create-site,Updating DocTypes for frappe        : [====================                    ] 50%
2026-07-09T03:15:40.699Z,smriti9/create-site,Updating DocTypes for frappe        : [====================                    ] 51%
2026-07-09T03:15:40.699Z,smriti9/create-site,Updating DocTypes for frappe        : [====================                    ] 51%
2026-07-09T03:15:40.699Z,smriti9/create-site,Updating DocTypes for frappe        : [====================                    ] 51%
2026-07-09T03:15:40.699Z,smriti9/create-site,Updating DocTypes for frappe        : [====================                    ] 51%
2026-07-09T03:15:40.699Z,smriti9/create-site,Updating DocTypes for frappe        : [====================                    ] 52%
2026-07-09T03:15:40.699Z,smriti9/create-site,Updating DocTypes for frappe        : [=====================                   ] 52%
2026-07-09T03:15:40.699Z,smriti9/create-site,Updating DocTypes for frappe        : [=====================                   ] 52%
2026-07-09T03:15:40.699Z,smriti9/create-site,Updating DocTypes for frappe        : [=====================                   ] 53%
2026-07-09T03:15:40.699Z,smriti9/create-site,Updating DocTypes for frappe        : [=====================                   ] 53%
2026-07-09T03:15:40.699Z,smriti9/create-site,Updating DocTypes for frappe        : [=====================                   ] 53%
2026-07-09T03:15:40.699Z,smriti9/create-site,Updating DocTypes for frappe        : [=====================                   ] 53%
2026-07-09T03:15:40.699Z,smriti9/create-site,Updating DocTypes for frappe        : [=====================                   ] 54%
2026-07-09T03:15:40.699Z,smriti9/create-site,Updating DocTypes for frappe        : [=====================                   ] 54%
2026-07-09T03:15:40.699Z,smriti9/create-site,Updating DocTypes for frappe        : [=====================                   ] 54%
2026-07-09T03:15:40.699Z,smriti9/create-site,Updating DocT2026-07-09T03:15:40.699895076Z ypes for frappe        : [======================                  ] 55%
2026-07-09T03:15:40.699Z,smriti9/create-site,Updating DocTypes for frappe        : [======================                  ] 55%
2026-07-09T03:15:40.699Z,smriti9/create-site,Updating DocTypes for frappe        : [======================                  ] 55%
2026-07-09T03:15:40.699Z,smriti9/create-site,Updating DocTypes for frappe        : [======================                  ] 55%
2026-07-09T03:15:40.699Z,smriti9/create-site,Updating DocTypes for frappe        : [======================                  ] 56%
2026-07-09T03:15:40.699Z,smriti9/create-site,Updating DocTypes for frappe        : [======================                  ] 56%
2026-07-09T03:15:40.699Z,smriti9/create-site,Updating DocTypes for frappe        : [======================                  ] 56%
2026-07-09T03:15:40.699Z,smriti9/create-site,Updating DocTypes for frappe        : [======================                  ] 57%
2026-07-09T03:15:40.699Z,smriti9/create-site,Updating DocTypes for frappe        : [======================                  ] 57%
2026-07-09T03:15:40.699Z,smriti9/create-site,Updating DocTypes for frappe        : [=======================                 ] 57%
2026-07-09T03:15:40.699Z,smriti9/create-site,Updating DocTypes for frappe        : [=======================                 ] 57%
2026-07-09T03:15:40.699Z,smriti9/create-site,Updating DocTypes for frappe        : [=======================                 ] 58%
2026-07-09T03:15:40.699Z,smriti9/create-site,Updating DocTypes for frappe        : [=======================                 ] 58%
2026-07-09T03:15:40.699Z,smriti9/create-site,Updating DocTypes for frappe        : [=======================                 ] 58%
2026-07-09T03:15:40.699Z,smriti9/create-site,Updating DocTypes for frappe        : [=======================                 ] 59%
2026-07-09T03:15:40.699Z,smriti9/create-site,Updating DocTypes for frappe        : [=======================                 ] 59%
2026-07-09T03:15:40.699Z,smriti9/create-site,Updating DocTypes for frappe        : [=======================                 ] 59%
2026-07-09T03:15:40.699Z,smriti9/create-site,Updating DocTypes for frappe        : [=======================                 ] 59%
2026-07-09T03:15:40.699Z,smriti9/create-site,Updating DocTypes for frappe        : [========================                ] 60%
2026-07-09T03:15:40.699Z,smriti9/create-site,Updating DocTypes for frappe        : [========================                ] 60%
2026-07-09T03:15:40.699Z,smriti9/create-site,Updating DocTypes for frappe        : [========================                ] 60%
2026-07-09T03:15:40.699Z,smriti9/create-site,Updating DocTypes for frappe        : [========================                ] 61%
2026-07-09T03:15:40.699Z,smriti9/create-site,Updating DocTypes for frappe        : [========================                ] 61%
2026-07-09T03:15:40.699Z,smriti9/create-site,Updating DocTypes for frappe        : [========================                ] 61%
2026-07-09T03:15:40.699Z,smriti9/create-site,Updating DocTypes for frappe        : [========================                ] 61%
2026-07-09T03:15:40.699Z,smriti9/create-site,Updating DocTypes for frappe        : [========================                ] 62%
2026-07-09T03:15:40.699Z,smriti9/create-site,Updating DocTypes for frappe        : [=========================               ] 62%
2026-07-09T03:15:40.699Z,smriti9/create-site,Updating DocTypes for frappe        : [=========================               ] 62%
2026-07-09T03:15:40.699Z,smriti9/create-site,Updating DocTypes for frappe        : [=========================               ] 63%
2026-07-09T03:15:40.699Z,smriti9/create-site,Updating DocTypes for frappe        : [=========================               ] 63%
2026-07-09T03:15:40.699Z,smriti9/create-site,Updating DocTypes for frappe        : [=========================               ] 63%
2026-07-09T03:15:40.699Z,smriti9/create-site,Updating DocTypes for frappe        : [=========================               ] 63%
2026-07-09T03:15:40.699Z,smriti9/create-site,Updating DocTypes for frappe        : [=========================               ] 64%
2026-07-09T03:15:40.699Z,smriti9/create-site,Updating DocTypes for frappe        : [=========================               ] 64%
2026-07-09T03:15:40.699Z,smriti9/create-site,Updating DocTypes for frappe        : [=========================               ] 64%
2026-07-09T03:15:40.699Z,smriti9/create-site,Updating DocTypes for frappe        : [==========================              ] 65%
2026-07-09T03:15:40.699Z,smriti9/create-site,Updating DocTypes for frappe        : [==========================              ] 65%
2026-07-09T03:15:40.699Z,smriti9/create-site,Updating DocTypes for frappe        : [==========================              ] 65%
2026-07-09T03:15:40.699Z,smriti9/create-site,Updating DocTypes for frappe        : [==========================              ] 65%
2026-07-09T03:15:40.699Z,smriti9/create-site,Updating DocTypes for frappe        : [==========================              ] 66%
2026-07-09T03:15:40.699Z,smriti9/create-site,Updating DocTypes for frappe        : [==========================              ] 66%
2026-07-09T03:15:40.699Z,smriti9/create-site,Updating DocTypes for frappe        : [==========================              ] 66%
2026-07-09T03:15:40.699Z,smriti9/create-site,Updating DocTypes for frappe        : [==========================              ] 67%
2026-07-09T03:15:40.699Z,smriti9/create-site,Updating DocTypes for frappe        : [==========================              ] 67%
2026-07-09T03:15:40.699Z,smriti9/create-site,Updating DocTypes for frappe        : [===========================             ] 67%
2026-07-09T03:15:40.699Z,smriti9/create-site,Updating DocTypes for frappe        : [===========================             ] 67%
2026-07-09T03:15:40.699Z,smriti9/create-site,Updating DocTypes for frappe        : [===========================             ] 68%
2026-07-09T03:15:40.699Z,smriti9/create-site,Updating DocTypes for frappe        : [===========================             ] 68%
2026-07-09T03:15:40.699Z,smriti9/create-site,Updating DocTypes for frappe        : [===========================             ] 68%
2026-07-09T03:15:40.699Z,smriti9/create-site,Updating DocTypes for frappe        : [===========================             ] 69%
2026-07-09T03:15:40.699Z,smriti9/create-site,Updating DocTypes for frappe        : [===========================             ] 69%
2026-07-09T03:15:40.699Z,smriti9/create-site,Updating DocTypes for frappe        : [===========================             ] 69%
2026-07-09T03:15:40.699Z,smriti9/create-site,Updating DocTypes for frappe        : [===========================             ] 69%
2026-07-09T03:15:40.699Z,smriti9/create-site,Updating DocTypes for frappe        : [============================            ] 70%
2026-07-09T03:15:40.699Z,smriti9/create-site,Updating DocTypes for frappe        : [============================            ] 70%
2026-07-09T03:15:40.699Z,smriti9/create-site,Updating DocTypes for frappe        : [============================            ] 70%
2026-07-09T03:15:40.699Z,smriti9/create-site,Updating DocTypes for frappe        : [============================            ] 71%
2026-07-09T03:15:40.699Z,smriti9/create-site,Updating DocTypes for frappe        : [============================            ] 71%
2026-07-09T03:15:40.699Z,smriti9/create-site,Updating DocTypes for frappe        : [============================            ] 71%
2026-07-09T03:15:40.699Z,smriti9/create-site,Updating DocTypes for frappe        : [============================            ] 71%
2026-07-09T03:15:40.699Z,smriti9/create-site,Updating DocTypes for frappe        : [============================            ] 72%
2026-07-09T03:15:40.699Z,smriti9/create-site,Updating DocTypes for frappe        : [============================            ] 72%
2026-07-09T03:15:40.699Z,smriti9/create-site,Updating DocTypes for frappe        : [=============================           ] 72%
2026-07-09T03:15:40.699Z,smriti9/create-site,Updating DocTypes for frappe        : [=============================           ] 73%
2026-07-09T03:15:40.699Z,smriti9/create-site,Updating DocTypes for frappe        : [=============================           ] 73%
2026-07-09T03:15:40.699Z,smriti9/create-site,Updating DocTypes for frappe        : [=============================           ] 73%
2026-07-09T03:15:40.699Z,smriti9/create-site,Updating DocTypes for frappe        : [=============================           ] 73%
2026-07-09T03:15:40.699Z,smriti9/create-site,Updating DocTypes for frappe        : [=============================           ] 74%
2026-07-09T03:15:40.699Z,smriti9/create-site,Updating DocTypes for frappe        : [=============================           ] 74%
2026-07-09T03:15:40.699Z,smriti9/create-site,Updating DocTypes for frappe        : [=============================           ] 74%
2026-07-09T03:15:40.699Z,smriti9/create-site,Updating DocTypes for frappe        : [==============================          ] 75%
2026-07-09T03:15:40.699Z,smriti9/create-site,Updating DocTypes for frappe        : [==============================          ] 75%
2026-07-09T03:15:40.699Z,smriti9/create-site,Updating DocTypes for frappe        : [==============================          ] 75%
2026-07-09T03:15:40.699Z,smriti9/create-site,Updating DocTypes for frappe        : [==============================          ] 75%
2026-07-09T03:15:40.699Z,smriti9/create-site,Updating DocTypes for frappe        : [==============================          ] 76%
2026-07-09T03:15:40.699Z,smriti9/create-site,Updating DocTypes for frappe        : [==============================          ] 76%
2026-07-09T03:15:40.699Z,smriti9/create-site,Updating DocTypes for frappe        : [==============================          ] 76%
2026-07-09T03:15:40.699Z,smriti9/create-site,Updating DocTypes for frappe        : [==============================          ] 76%
2026-07-09T03:15:40.699Z,smriti9/create-site,Updating DocTypes for frappe        : [==============================          ] 77%
2026-07-09T03:15:40.699Z,smriti9/create-site,Updating DocTypes for frappe        : [===============================         ] 77%
2026-07-09T03:15:40.699Z,smriti9/create-site,Updating DocTypes for frappe        : [===============================         ] 77%
2026-07-09T03:15:40.699Z,smriti9/create-site,Updating DocTypes for frappe        : [===============================         ] 78%
2026-07-09T03:15:40.699Z,smriti9/create-site,Updating DocTypes for frappe        : [===============================         ] 78%
2026-07-09T03:15:40.699Z,smriti9/create-site,Updating DocTypes for frappe        : [===============================         ] 78%
2026-07-09T03:15:40.699Z,smriti9/create-site,Updating DocTypes for frappe        : [===============================         ] 78%
2026-07-09T03:15:40.699Z,smriti9/create-site,Updating DocTypes for frappe        : [===============================         ] 79%
2026-07-09T03:15:40.699Z,smriti9/create-site,Updating DocTypes for frappe        : [===============================         ] 79%
2026-07-09T03:15:40.699Z,smriti9/create-site,Updating DocTypes for frappe        : [===============================         ] 79%
2026-07-09T03:15:40.699Z,smriti9/create-site,Updating DocTypes for frappe        : [================================        ] 80%
2026-07-09T03:15:40.699Z,smriti9/create-site,Updating DocTypes for frappe        : [================================        ] 80%
2026-07-09T03:15:40.699Z,smriti9/create-site,Updating DocTypes for frappe        : [================================        ] 80%
2026-07-09T03:15:40.699Z,smriti9/create-site,Updating DocTypes for frappe        : [================================        ] 80%
2026-07-09T03:15:40.699Z,smriti9/create-site,Updating DocTypes for frappe        : [================================        ] 81%
2026-07-09T03:15:40.699Z,smriti9/create-site,Updating DocTypes for frappe        : [================================        ] 81%
2026-07-09T03:15:40.699Z,smriti9/create-site,Updating DocTypes for frappe        : [================================        ] 81%
2026-07-09T03:15:40.699Z,smriti9/create-site,Updating DocTypes for frappe        : [================================        ] 82%
2026-07-09T03:15:40.699Z,smriti9/create-site,Updating DocTypes for frappe        : [================================        ] 82%
2026-07-09T03:15:40.699Z,smriti9/create-site,Updating DocTypes for frappe        : [=================================       ] 82%
2026-07-09T03:15:40.699Z,smriti9/create-site,Updating DocTypes for frappe        : [=================================       ] 82%
2026-07-09T03:15:40.699Z,smriti9/create-site,Updating DocTypes for frappe        : [=================================       ] 83%
2026-07-09T03:15:40.699Z,smriti9/create-site,Updating DocTypes for frappe        : [=================================       ] 83%
2026-07-09T03:15:40.699Z,smriti9/create-site,Updating DocTypes for frappe        : [=================================       ] 83%
2026-07-09T03:15:40.699Z,smriti9/create-site,Updating DocTypes for frappe        : [=================================       ] 84%
2026-07-09T03:15:40.699Z,smriti9/create-site,Updating DocTypes for frappe        : [=================================       ] 84%
2026-07-09T03:15:40.699Z,smriti9/create-site,Updating DocTypes for frappe        : [=================================       ] 84%
2026-07-09T03:15:40.699Z,smriti9/create-site,Updating DocTypes for frappe        : [=================================       ] 84%
2026-07-09T03:15:40.699Z,smriti9/create-site,Updating DocTypes for frappe        : [==================================      ] 85%
2026-07-09T03:15:40.699Z,smriti9/create-site,Updating DocTypes for frappe        : [==================================      ] 85%
2026-07-09T03:15:40.699Z,smriti9/create-site,Updating DocTypes for frappe        : [==================================      ] 85%
2026-07-09T03:15:40.699Z,smriti9/create-site,Updating DocTypes for frappe        : [==================================      ] 86%
2026-07-09T03:15:40.699Z,smriti9/create-site,Updating DocTypes for frappe        : [==================================      ] 86%
2026-07-09T03:15:40.699Z,smriti9/create-site,Updating DocTypes for frappe        : [==================================      ] 86%
2026-07-09T03:15:40.699Z,smriti9/create-site,Updating DocTypes for frappe        : [==================================      ] 86%
2026-07-09T03:15:40.699Z,smriti9/create-site,Updating DocTypes for frappe        : [==================================      ] 87%
2026-07-09T03:15:40.699Z,smriti9/create-site,Updating DocTypes for frappe        : [===================================     ] 87%
2026-07-09T03:15:40.699Z,smriti9/create-site,Updating DocTypes for frappe        : [===================================     ] 87%
2026-07-09T03:15:40.699Z,smriti9/create-site,Updating DocTypes for frappe        : [===================================     ] 88%
2026-07-09T03:15:40.699Z,smriti9/create-site,Updating DocTypes for frappe        : [===================================     ] 88%
2026-07-09T03:15:40.699Z,smriti9/create-site,Updating DocTypes for frappe        : [===================================     ] 88%
2026-07-09T03:15:40.699Z,smriti9/create-site,Updating DocTypes for frappe        : [===================================     ] 88%
2026-07-09T03:15:40.699Z,smriti9/create-site,Updating DocTypes for frappe        : [===================================     ] 89%
2026-07-09T03:15:40.699Z,smriti9/create-site,Updating DocTypes for frappe        : [===================================     ] 89%
2026-07-09T03:15:40.699Z,smriti9/create-site,Updating DocTypes for frappe        : [===================================     ] 89%
2026-07-09T03:15:40.699Z,smriti9/create-site,Updating DocTypes for frappe        : [====================================    ] 90%
2026-07-09T03:15:40.699Z,smriti9/create-site,Updating DocTypes for frappe        : [====================================    ] 90%
2026-07-09T03:15:40.699Z,smriti9/create-site,Updating DocTypes for frappe        : [====================================    ] 90%
2026-07-09T03:15:40.699Z,smriti9/create-site,Updating DocTypes for frappe        : [====================================    ] 90%
2026-07-09T03:15:40.699Z,smriti9/create-site,Updating DocTypes for frappe        : [====================================    ] 91%
2026-07-09T03:15:40.699Z,smriti9/create-site,Updating DocTypes for frappe        : [====================================    ] 91%
2026-07-09T03:15:40.699Z,smriti9/create-site,Updating DocTypes for frappe        : [====================================    ] 91%
2026-07-09T03:15:40.699Z,smriti9/create-site,Updating DocTypes for frappe        : [====================================    ] 92%
2026-07-09T03:15:40.699Z,smriti9/create-site,Updating DocTypes for frappe        : [====================================    ] 92%
2026-07-09T03:15:40.699Z,smriti9/create-site,Updating DocTypes for frappe        : [=====================================   ] 92%
2026-07-09T03:15:40.699Z,smriti9/create-site,Updating DocTypes for frappe        : [=====================================   ] 92%
2026-07-09T03:15:40.699Z,smriti9/create-site,Updating DocTypes for frappe        : [=====================================   ] 93%
2026-07-09T03:15:40.699Z,smriti9/create-site,Updating DocTypes for frappe        : [=====================================   ] 93%
2026-07-09T03:15:40.699Z,smriti9/create-site,Updating DocTypes for frappe        : [=====================================   ] 93%
2026-07-09T03:15:40.699Z,smriti9/create-site,Updating DocTypes for frappe        : [=====================================   ] 94%
2026-07-09T03:15:40.699Z,smriti9/create-site,Updating DocTypes for frappe        : [=====================================   ] 94%
2026-07-09T03:15:40.699Z,smriti9/create-site,Updating DocTypes for frappe        : [=====================================   ] 94%
2026-07-09T03:15:40.699Z,smriti9/create-site,Updating DocTypes for frappe        : [=====================================   ] 94%
2026-07-09T03:15:40.699Z,smriti9/create-site,Updating DocTypes for frappe        : [======================================  ] 95%
2026-07-09T03:15:40.699Z,smriti9/create-site,Updating DocTypes for frappe        : [======================================  ] 95%
2026-07-09T03:15:40.699Z,smriti9/create-site,Updating DocTypes for frappe        : [======================================  ] 95%
2026-07-09T03:15:40.699Z,smriti9/create-site,Updating DocTypes for frappe        : [======================================  ] 96%
2026-07-09T03:15:40.699Z,smriti9/create-site,Updating DocTypes for frappe        : [======================================  ] 96%
2026-07-09T03:15:40.699Z,smriti9/create-site,Updating DocTypes for frappe        : [======================================  ] 96%
2026-07-09T03:15:40.699Z,smriti9/create-site,Updating DocTypes for frappe        : [======================================  ] 96%
2026-07-09T03:15:40.699Z,smriti9/create-site,Updating DocTypes for frappe        : [======================================  ] 97%
2026-07-09T03:15:40.699Z,smriti9/create-site,Updating DocTypes for frappe        : [======================================  ] 97%
2026-07-09T03:15:40.699Z,smriti9/create-site,Updating DocTypes for frappe        : [======================================= ] 97%
2026-07-09T03:15:40.699Z,smriti9/create-site,Updating DocTypes for frappe        : [======================================= ] 98%
2026-07-09T03:15:40.699Z,smriti9/create-site,Updating DocTypes for frappe        : [======================================= ] 98%
2026-07-09T03:15:40.699Z,smriti9/create-site,Updating DocTypes for frappe        : [======================================= ] 98%
2026-07-09T03:15:40.699Z,smriti9/create-site,Updating DocTypes for frappe        : [======================================= ] 98%
2026-07-09T03:15:40.699Z,smriti9/create-site,Updating DocTypes for frappe        : [======================================= ] 99%
2026-07-09T03:15:40.699Z,smriti9/create-site,Updating DocTypes for frappe        : [======================================= ] 99%
2026-07-09T03:15:40.699Z,smriti9/create-site,Updating DocTypes for frappe        : [======================================= ] 99%
2026-07-09T03:15:40.699Z,smriti9/create-site,Updating DocTypes for frappe        : [========================================] 100%
2026-07-09T03:15:41.256Z,smriti9/create-site,
2026-07-09T03:15:41.256Z,smriti9/create-site,Updating DocTypes for erpnext       : [                                        ] 0%
2026-07-09T03:15:41.256Z,smriti9/create-site,Updating DocTypes for erpnext       : [                                        ] 0%
2026-07-09T03:15:41.256Z,smriti9/create-site,Updating DocTypes for erpnext       : [                                        ] 0%
2026-07-09T03:15:41.256Z,smriti9/create-site,Updating DocTypes for erpnext       : [                                        ] 0%
2026-07-09T03:15:41.256Z,smriti9/create-site,Updating DocTypes for erpnext       : [                                        ] 0%
2026-07-09T03:15:41.256Z,smriti9/create-site,Updating DocTypes for erpnext       : [                                        ] 0%
2026-07-09T03:15:41.256Z,smriti9/create-site,Updating DocTypes for erpnext       : [                                        ] 0%
2026-07-09T03:15:41.256Z,smriti9/create-site,Updating DocTypes for erpnext       : [                                        ] 0%
2026-07-09T03:15:41.256Z,smriti9/create-site,Updating DocTypes for erpnext       : [                                        ] 1%
2026-07-09T03:15:41.256Z,smriti9/create-site,Updating DocTypes for erpnext       : [                                        ] 1%
2026-07-09T03:15:41.256Z,smriti9/create-site,Updating DocTypes for erpnext       : [                                        ] 1%
2026-07-09T03:15:41.256Z,smriti9/create-site,Updating DocTypes for erpnext       : [                                        ] 1%
2026-07-09T03:15:41.256Z,smriti9/create-site,Updating DocTypes for erpnext       : [                                        ] 1%
2026-07-09T03:15:41.256Z,smriti9/create-site,Updating DocTypes for erpnext       : [                                        ] 1%
2026-07-09T03:15:41.256Z,smriti9/create-site,Updating DocTypes for erpnext       : [                                        ] 1%
2026-07-09T03:15:41.256Z,smriti9/create-site,Updating DocTypes for erpnext       : [                                        ] 1%
2026-07-09T03:15:41.256Z,smriti9/create-site,Updating DocTypes for erpnext       : [                                        ] 1%
2026-07-09T03:15:41.256Z,smriti9/create-site,Updating DocTypes for erpnext       : [                                        ] 2%
2026-07-09T03:15:41.256Z,smriti9/create-site,Updating DocTypes for erpnext       : [                                        ] 2%
2026-07-09T03:15:41.256Z,smriti9/create-site,Updating DocTypes for erpnext       : [                                        ] 2%
2026-07-09T03:15:41.256Z,smriti9/create-site,Updating DocTypes for erpnext       : [                                        ] 2%
2026-07-09T03:15:41.256Z,smriti9/create-site,Updating DocTypes for erpnext       : [                                        ] 2%
2026-07-09T03:15:41.256Z,smriti9/create-site,Updating DocTypes for erpnext       : [=                                       ] 2%
2026-07-09T03:15:41.256Z,smriti9/create-site,Updating DocTypes for erpnext       : [=                                       ] 2%
2026-07-09T03:15:41.256Z,smriti9/create-site,Updating DocTypes for erpnext       : [=                                       ] 2%
2026-07-09T03:15:41.256Z,smriti9/create-site,Updating DocTypes for erpnext       : [=                                       ] 2%
2026-07-09T03:15:41.256Z,smriti9/create-site,Updating DocTypes for erpnext       : [=                                       ] 3%
2026-07-09T03:15:41.256Z,smriti9/create-site,Updating DocTypes for erpnext       : [=                                       ] 3%
2026-07-09T03:15:41.256Z,smriti9/create-site,Updating DocTypes for erpnext       : [=                                       ] 3%
2026-07-09T03:15:41.256Z,smriti9/create-site,Updating DocTypes for erpnext       : [=                                       ] 3%
2026-07-09T03:15:41.256Z,smriti9/create-site,Updating DocTypes for erpnext       : [=                                       ] 3%
2026-07-09T03:15:41.256Z,smriti9/create-site,Updating DocTypes for erpnext       : [=                                       ] 3%
2026-07-09T03:15:41.256Z,smriti9/create-site,Updating DocTypes for erpnext       : [=                                       ] 3%
2026-07-09T03:15:41.256Z,smriti9/create-site,Updating DocTypes for erpnext       : [=                                       ] 3%
2026-07-09T03:15:41.256Z,smriti9/create-site,Updating DocTypes for erpnext       : [=                                       ] 3%
2026-07-09T03:15:41.256Z,smriti9/create-site,Updating DocTypes for erpnext       : [=                                       ] 4%
2026-07-09T03:15:41.256Z,smriti9/create-site,Updating DocTypes for erpnext       : [=                                       ] 4%
2026-07-09T03:15:41.256Z,smriti9/create-site,Updating DocTypes for erpnext       : [=                                       ] 4%
2026-07-09T03:15:41.256Z,smriti9/create-site,Updating DocTypes for erpnext       : [=                                       ] 4%
2026-07-09T03:15:41.256Z,smriti9/create-site,Updating DocTypes for erpnext       : [=                                       ] 4%
2026-07-09T03:15:41.256Z,smriti9/create-site,Updating DocTypes for erpnext       : [=                                       ] 4%
2026-07-09T03:15:41.256Z,smriti9/create-site,Updating DocTypes for erpnext       : [=                                       ] 4%
2026-07-09T03:15:41.256Z,smriti9/create-site,Updating DocTypes for erpnext       : [=                                       ] 4%
2026-07-09T03:15:41.256Z,smriti9/create-site,Updating DocTypes for erpnext       : [=                                       ] 4%
2026-07-09T03:15:41.256Z,smriti9/create-site,Updating DocTypes for erpnext       : [==                                      ] 5%
2026-07-09T03:15:41.256Z,smriti9/create-site,Updating DocTypes for erpnext       : [==                                      ] 5%
2026-07-09T03:15:41.256Z,smriti9/create-site,Updating DocTypes for erpnext       : [==                                      ] 5%
2026-07-09T03:15:41.256Z,smriti9/create-site,Updating DocTypes for erpnext       : [==                                      ] 5%
2026-07-09T03:15:41.256Z,smriti9/create-site,Updating DocTypes for erpnext       : [==                                      ] 5%
2026-07-09T03:15:41.256Z,smriti9/create-site,Updating DocTypes for erpnext       : [==                                      ] 5%
2026-07-09T03:15:41.256Z,smriti9/create-site,Updating DocTypes for erpnext       : [==                                      ] 5%
2026-07-09T03:15:41.256Z,smriti9/create-site,Updating DocTypes for erpnext       : [==                                      ] 5%
2026-07-09T03:15:41.256Z,smriti9/create-site,Updating DocTypes for erpnext       : [==                                      ] 5%
2026-07-09T03:15:41.256Z,smriti9/create-site,Updating DocTypes for erpnext       : [==                                      ] 6%
2026-07-09T03:15:41.256Z,smriti9/create-site,Updating DocTypes for erpnext       : [==                                      ] 6%
2026-07-09T03:15:41.256Z,smriti9/create-site,Updating DocTypes for erpnext       : [==                                      ] 6%
2026-07-09T03:15:41.256Z,smriti9/create-site,Updating DocTypes for erpnext       : [==                                      ] 6%
2026-07-09T03:15:41.256Z,smriti9/create-site,Updating DocTypes for erpnext       : [==                                      ] 6%
2026-07-09T03:15:41.256Z,smriti9/create-site,Updating DocTypes for erpnext       : [==                                      ] 6%
2026-07-09T03:15:41.256Z,smriti9/create-site,Updating DocTypes for erpnext       : [==                                      ] 6%
2026-07-09T03:15:41.256Z,smriti9/create-site,Updating DocTypes for erpnext       : [==                                      ] 6%
2026-07-09T03:15:41.256Z,smriti9/create-site,Updating DocTypes for erpnext       : [==                                      ] 6%
2026-07-09T03:15:41.256Z,smriti9/create-site,Updating DocTypes for erpnext       : [==                                      ] 7%
2026-07-09T03:15:41.256Z,smriti9/create-site,Updating DocTypes for erpnext       : [==                                      ] 7%
2026-07-09T03:15:41.256Z,smriti9/create-site,Updating DocTypes for erpnext       : [==                                      ] 7%
2026-07-09T03:15:41.256Z,smriti9/create-site,Updating DocTypes for erpnext       : [==                                      ] 7%
2026-07-09T03:15:41.256Z,smriti9/create-site,Updating DocTypes for erpnext       : [===                                     ] 7%
2026-07-09T03:15:41.256Z,smriti9/create-site,Updating DocTypes for erpnext       : [===                                     ] 7%
2026-07-09T03:15:41.256Z,smriti9/create-site,Updating DocTypes for erpnext       : [===                                     ] 7%
2026-07-09T03:15:41.256Z,smriti9/create-site,Updating DocTypes for erpnext       : [===                                     ] 7%
2026-07-09T03:15:41.256Z,smriti9/create-site,Updating DocTypes for erpnext       : [===                                     ] 7%
2026-07-09T03:15:41.256Z,smriti9/create-site,Updating DocTypes for erpnext       : [===                                     ] 8%
2026-07-09T03:15:41.256Z,smriti9/create-site,Updating DocTypes for erpnext       : [===                                     ] 8%
2026-07-09T03:15:41.256Z,smriti9/create-site,Updating DocTypes for erpnext       : [===                                     ] 8%
2026-07-09T03:15:41.256Z,smriti9/create-site,Updating DocTypes for erpnext       : [===                                     ] 8%
2026-07-09T03:15:41.256Z,smriti9/create-site,Updating DocTypes for erpnext       : [===                                     ] 8%
2026-07-09T03:15:41.256Z,smriti9/create-site,Updating DocTypes for erpnext       : [===                                     ] 8%
2026-07-09T03:15:41.256Z,smriti9/create-site,Updating DocTypes for erpnext       : [===                                     ] 8%
2026-07-09T03:15:41.256Z,smriti9/create-site,Updating DocTypes for erpnext       : [===                                     ] 8%
2026-07-09T03:15:41.256Z,smriti9/create-site,Updating DocTypes for erpnext       : [===                                     ] 8%
2026-07-09T03:15:41.256Z,smriti9/create-site,Updating DocTypes for erpnext       : [===                                     ] 9%
2026-07-09T03:15:41.256Z,smriti9/create-site,Updating DocTypes for erpnext       : [===                                     ] 9%
2026-07-09T03:15:41.256Z,smriti9/create-site,Updating DocTypes for erpnext       : [===                                     ] 9%
2026-07-09T03:15:41.256Z,smriti9/create-site,Updating DocTypes for erpnext       : [===                                     ] 9%
2026-07-09T03:15:41.256Z,smriti9/create-site,Updating DocTypes for erpnext       : [===                                     ] 9%
2026-07-09T03:15:41.256Z,smriti9/create-site,Updating DocTypes for erpnext       : [===                                     ] 9%
2026-07-09T03:15:41.256Z,smriti9/create-site,Updating DocTypes for erpnext       : [===                                     ] 9%
2026-07-09T03:15:41.256Z,smriti9/create-site,Updating DocTypes for erpnext       : [===                                     ] 9%
2026-07-09T03:15:41.256Z,smriti9/create-site,Updating DocTypes for erpnext       : [====                                    ] 10%
2026-07-09T03:15:41.256Z,smriti9/create-site,Updating DocTypes for erpnext       : [====                                    ] 10%
2026-07-09T03:15:41.256Z,smriti9/create-site,Updating DocTypes for erpnext       : [====                                    ] 10%
2026-07-09T03:15:41.256Z,smriti9/create-site,Updating DocTypes for erpnext       : [====                                    ] 10%
2026-07-09T03:15:41.256Z,smriti9/create-site,Updating DocTypes for erpnext       : [====                                    ] 10%
2026-07-09T03:15:41.256Z,smriti9/create-site,Updating DocTypes for erpnext       : [====                                    ] 10%
2026-07-09T03:15:41.256Z,smriti9/create-site,Updating DocTypes for erpnext       : [====                                    ] 10%
2026-07-09T03:15:41.256Z,smriti9/create-site,Updating DocTypes for erpnext       : [====                                    ] 10%
2026-07-09T03:15:41.256Z,smriti9/create-site,Updating DocTypes for erpnext       : [====                                    ] 10%
2026-07-09T03:15:41.256Z,smriti9/create-site,Updating DocTypes for erpnext       : [====                                    ] 11%
2026-07-09T03:15:41.256Z,smriti9/create-site,Updating DocTypes for erpnext       : [====                                    ] 11%
2026-07-09T03:15:41.256Z,smriti9/create-site,Updating DocTypes for erpnext       : [====                                    ] 11%
2026-07-09T03:15:41.256Z,smriti9/create-site,Updating DocTypes for erpnext       : [====                                    ] 11%
2026-07-09T03:15:41.256Z,smriti9/create-site,Updating DocTypes for erpnext       : [====                                    ] 11%
2026-07-09T03:15:41.256Z,smriti9/create-site,Updating DocTypes for erpnext       : [====                                    ] 11%
2026-07-09T03:15:41.256Z,smriti9/create-site,Updating DocTypes for erpnext       : [====                                    ] 11%
2026-07-09T03:15:41.256Z,smriti9/create-site,Updating DocTypes for erpnext       : [====                                    ] 11%
2026-07-09T03:15:41.256Z,smriti9/create-site,Updating DocTypes for erpnext       : [====                                    ] 11%
2026-07-09T03:15:41.256Z,smriti9/create-site,Updating DocTypes for erpnext       : [====                                    ] 12%
2026-07-09T03:15:41.256Z,smriti9/create-site,Updating DocTypes for erpnext       : [====                                    ] 12%
2026-07-09T03:15:41.256Z,smriti9/create-site,Updating DocTypes for erpnext       : [====                                    ] 12%
2026-07-09T03:15:41.256Z,smriti9/create-site,Updating DocTypes for erpnext       : [====                                    ] 12%
2026-07-09T03:15:41.256Z,smriti9/create-site,Updating DocTypes for erpnext       : [====                                    ] 12%
2026-07-09T03:15:41.256Z,smriti9/create-site,Updating DocTypes for erpnext       : [=====                                   ] 12%
2026-07-09T03:15:41.256Z,smriti9/create-site,Updating DocTypes for erpnext       : [=====                                   ] 12%
2026-07-09T03:15:41.256Z,smriti9/create-site,Updating DocTypes for erpnext       : [=====                                   ] 12%
2026-07-09T03:15:41.256Z,smriti9/create-site,Updating DocTypes for erpnext       : [=====                                   ] 12%
2026-07-09T03:15:41.256Z,smriti9/create-site,Updating DocTypes for erpnext       : [=====                                   ] 13%
2026-07-09T03:15:41.256Z,smriti9/create-site,Updating DocTypes for erpnext       : [=====                                   ] 13%
2026-07-09T03:15:41.256Z,smriti9/create-site,Updating DocTypes for erpnext       : [=====                                   ] 13%
2026-07-09T03:15:41.256Z,smriti9/create-site,Updating DocTypes for erpnext       : [=====                                   ] 13%
2026-07-09T03:15:41.256Z,smriti9/create-site,Updating DocTypes for erpnext       : [=====                                   ] 13%
2026-07-09T03:15:41.256Z,smriti9/create-site,Updating DocTypes for erpnext       : [=====                                   ] 13%
2026-07-09T03:15:41.256Z,smriti9/create-site,Updating DocTypes for erpnext       : [=====                                   ] 13%
2026-07-09T03:15:41.256Z,smriti9/create-site,Updating DocTypes for erpnext       : [=====                                   ] 13%
2026-07-09T03:15:41.256Z,smriti9/create-site,Updating DocTypes for erpnext       : [=====                                   ] 13%
2026-07-09T03:15:41.256Z,smriti9/create-site,Updating DocTypes for erpnext       : [=====                                   ] 14%
2026-07-09T03:15:41.256Z,smriti9/create-site,Updating DocTypes for erpnext       : [=====                                   ] 14%
2026-07-09T03:15:41.256Z,smriti9/create-site,Updating DocTypes for erpnext       : [=====                                   ] 14%
2026-07-09T03:15:41.256Z,smriti9/create-site,Updating DocTypes for erpnext       : [=====                                   ] 14%
2026-07-09T03:15:41.256Z,smriti9/create-site,Updating DocTypes for erpnext       : [=====                                   ] 14%
2026-07-09T03:15:41.256Z,smriti9/create-site,Updating DocTypes for erpnext       : [=====                                   ] 14%
2026-07-09T03:15:41.256Z,smriti9/create-site,Updating DocTypes for erpnext       : [=====                                   ] 14%
2026-07-09T03:15:41.256Z,smriti9/create-site,Updating DocTypes for erpnext       : [=====                                   ] 14%
2026-07-09T03:15:41.256Z,smriti9/create-site,Updating DocTypes for erpnext       : [=====                                   ] 14%
2026-07-09T03:15:41.256Z,smriti9/create-site,Updating DocTypes for erpnext       : [======                                  ] 15%
2026-07-09T03:15:41.256Z,smriti9/create-site,Updating DocTypes for erpnext       : [======                                  ] 15%
2026-07-09T03:15:41.256Z,smriti9/create-site,Updating DocTypes for erpnext       : [======                                  ] 15%
2026-07-09T03:15:41.256Z,smriti9/create-site,Updating DocTypes for erpnext       : [======                                  ] 15%
2026-07-09T03:15:41.256Z,smriti9/create-site,Updating DocTypes for erpnext       : [======                                  ] 15%
2026-07-09T03:15:41.256Z,smriti9/create-site,Updating DocTypes for erpnext       : [======                                  ] 15%
2026-07-09T03:15:41.256Z,smriti9/create-site,Updating DocTypes for erpnext       : [======                                  ] 15%
2026-07-09T03:15:41.256Z,smriti9/create-site,Updating DocTypes for erpnext       : [======                                  ] 15%
2026-07-09T03:15:41.256Z,smriti9/create-site,Updating DocTypes for erpnext       : [======                                  ] 15%
2026-07-09T03:15:41.256Z,smriti9/create-site,Updating DocTypes for erpnext       : [======                                  ] 16%
2026-07-09T03:15:41.256Z,smriti9/create-site,Updating DocTypes for erpnext       : [======                                  ] 16%
2026-07-09T03:15:41.256Z,smriti9/create-site,Updating DocTypes for erpnext       : [======                                  ] 16%
2026-07-09T03:15:41.256Z,smriti9/create-site,Updating DocTypes for erpnext       : [======                                  ] 16%
2026-07-09T03:15:41.256Z,smriti9/create-site,Updating DocTypes for erpnext       : [======                                  ] 16%
2026-07-09T03:15:41.256Z,smriti9/create-site,Updating DocTypes for erpnext       : [======                                  ] 16%
2026-07-09T03:15:41.256Z,smriti9/create-site,Updating DocTypes for erpnext       : [======                                  ] 16%
2026-07-09T03:15:41.256Z,smriti9/create-site,Updating DocTypes for erpnext       : [======                                  ] 16%
2026-07-09T03:15:41.256Z,smriti9/create-site,Updating DocTypes for erpnext       : [======                                  ] 16%
2026-07-09T03:15:41.256Z,smriti9/create-site,Updating DocTypes for erpnext       : [======                                  ] 17%
2026-07-09T03:15:41.256Z,smriti9/create-site,Updating DocTypes for erpnext       : [======                                  ] 17%
2026-07-09T03:15:41.256Z,smriti9/create-site,Updating DocTypes for erpnext       : [======                                  ] 17%
2026-07-09T03:15:41.256Z,smriti9/create-site,Updating DocTypes for erpnext       : [======                                  ] 17%
2026-07-09T03:15:41.256Z,smriti9/create-site,Updating DocTypes for erpnext       : [=======                                 ] 17%
2026-07-09T03:15:41.256Z,smriti9/create-site,Updating DocTypes for erpnext       : [=======                                 ] 17%
2026-07-09T03:15:41.256Z,smriti9/create-site,Updating DocTypes for erpnext       : [=======                                 ] 17%
2026-07-09T03:15:41.256Z,smriti9/create-site,Updating DocTypes for erpnext       : [=======                                 ] 17%
2026-07-09T03:15:41.256Z,smriti9/create-site,Updating DocTypes for erpnext       : [=======                                 ] 17%
2026-07-09T03:15:41.256Z,smriti9/create-site,Updating DocTypes for erpnext       : [=======                                 ] 18%
2026-07-09T03:15:41.256Z,smriti9/create-site,Updating DocTypes for erpnext       : [=======                                 ] 18%
2026-07-09T03:15:41.256Z,smriti9/create-site,Updating DocTypes for erpnext       : [=======                                 ] 18%
2026-07-09T03:15:41.256Z,smriti9/create-site,Updating DocTypes for erpnext       : [=======                                 ] 18%
2026-07-09T03:15:41.256Z,smriti9/create-site,Updating DocTypes for erpnext       : [=======                                 ] 18%
2026-07-09T03:15:41.256Z,smriti9/create-site,Updating DocTypes for erpnext       : [=======                                 ] 18%
2026-07-09T03:15:41.256Z,smriti9/create-site,Updating DocTypes for erpnext       : [=======                                 ] 18%
2026-07-09T03:15:41.256Z,smriti9/create-site,Updating DocTypes for erpnext       : [=======                                 ] 18%
2026-07-09T03:15:41.256Z,smriti9/create-site,Updating DocTypes for erpnext       : [=======                                 ] 18%
2026-07-09T03:15:41.256Z,smriti9/create-site,Updating DocTypes for erpnext       : [=======                                 ] 19%
2026-07-09T03:15:41.256Z,smriti9/create-site,Updating DocTypes for erpnext       : [=======                                 ] 19%
2026-07-09T03:15:41.256Z,smriti9/create-site,Updating DocTypes for erpnext       : [=======                                 ] 19%
2026-07-09T03:15:41.256Z,smriti9/create-site,Updating DocTypes for erpnext       : [=======                                 ] 19%
2026-07-09T03:15:41.256Z,smriti9/create-site,Updating DocTypes for erpnext       : [=======                                 ] 19%
2026-07-09T03:15:41.256Z,smriti9/create-site,Updating DocTypes for erpnext       : [=======                                 ] 19%
2026-07-09T03:15:41.256Z,smriti9/create-site,Updating DocTypes for erpnext       : [=======                                 ] 19%
2026-07-09T03:15:41.256Z,smriti9/create-site,Updating DocTypes for erpnext       : [=======                                 ] 19%
2026-07-09T03:15:41.256Z,smriti9/create-site,Updating DocTypes for erpnext       : [========                                ] 20%
2026-07-09T03:15:41.256Z,smriti9/create-site,Updating DocTypes for erpnext       : [========                                ] 20%
2026-07-09T03:15:41.256Z,smriti9/create-site,Updating DocTypes for erpnext       : [========                                ] 20%
2026-07-09T03:15:41.256Z,smriti9/create-site,Updating DocTypes for erpnext       : [========                                ] 20%
2026-07-09T03:15:41.256Z,smriti9/create-site,Updating DocTypes for erpnext       : [========                                ] 20%
2026-07-09T03:15:41.256Z,smriti9/create-site,Updating DocTypes for erpnext       : [========                                ] 20%
2026-07-09T03:15:41.256Z,smriti9/create-site,Updating DocTypes for erpnext       : [========                                ] 20%
2026-07-09T03:15:41.256Z,smriti9/create-site,Updating DocTypes for erpnext       : [========                                ] 20%
2026-07-09T03:15:41.256Z,smriti9/create-site,Updating DocTypes for erpnext       : [========                                ] 20%
2026-07-09T03:15:41.256Z,smriti9/create-site,Updating DocTypes for erpnext       : [========                                ] 21%
2026-07-09T03:15:41.256Z,smriti9/create-site,Updating DocTypes for erpnext       : [========                                ] 21%
2026-07-09T03:15:41.256Z,smriti9/create-site,Updating DocTypes for erpnext       : [========                                ] 21%
2026-07-09T03:15:41.256Z,smriti9/create-site,Updating DocTypes for erpnext       : [========                                ] 21%
2026-07-09T03:15:41.256Z,smriti9/create-site,Updating DocTypes for erpnext       : [========                                ] 21%
2026-07-09T03:15:41.256Z,smriti9/create-site,Updating DocTypes for erpnext       : [========                                ] 21%
2026-07-09T03:15:41.256Z,smriti9/create-site,Updating DocTypes for erpnext       : [========                                ] 21%
2026-07-09T03:15:41.256Z,smriti9/create-site,Updating DocTypes for erpnext       : [========                   2026-07-09T03:15:41.256478288Z              ] 21%
2026-07-09T03:15:41.256Z,smriti9/create-site,Updating DocTypes for erpnext       : [========                                ] 21%
2026-07-09T03:15:41.256Z,smriti9/create-site,Updating DocTypes for erpnext       : [========                                ] 22%
2026-07-09T03:15:41.256Z,smriti9/create-site,Updating DocTypes for erpnext       : [========                                ] 22%
2026-07-09T03:15:41.256Z,smriti9/create-site,Updating DocTypes for erpnext       : [========                                ] 22%
2026-07-09T03:15:41.256Z,smriti9/create-site,Updating DocTypes for erpnext       : [========                                ] 22%
2026-07-09T03:15:41.256Z,smriti9/create-site,Updating DocTypes for erpnext       : [========                                ] 22%
2026-07-09T03:15:41.256Z,smriti9/create-site,Updating DocTypes for erpnext       : [=========                               ] 22%
2026-07-09T03:15:41.256Z,smriti9/create-site,Updating DocTypes for erpnext       : [=========                               ] 22%
2026-07-09T03:15:41.256Z,smriti9/create-site,Updating DocTypes for erpnext       : [=========                               ] 22%
2026-07-09T03:15:41.256Z,smriti9/create-site,Updating DocTypes for erpnext       : [=========                               ] 22%
2026-07-09T03:15:41.256Z,smriti9/create-site,Updating DocTypes for erpnext       : [=========                               ] 23%
2026-07-09T03:15:41.256Z,smriti9/create-site,Updating DocTypes for erpnext       : [=========                               ] 23%
2026-07-09T03:15:41.256Z,smriti9/create-site,Updating DocTypes for erpnext       : [=========                               ] 23%
2026-07-09T03:15:41.256Z,smriti9/create-site,Updating DocTypes for erpnext       : [=========                               ] 23%
2026-07-09T03:15:41.256Z,smriti9/create-site,Updating DocTypes for erpnext       : [=========                               ] 23%
2026-07-09T03:15:41.256Z,smriti9/create-site,Updating DocTypes for erpnext       : [=========                               ] 23%
2026-07-09T03:15:41.256Z,smriti9/create-site,Updating DocTypes for erpnext       : [=========                               ] 23%
2026-07-09T03:15:41.256Z,smriti9/create-site,Updating DocTypes for erpnext       : [=========                               ] 23%
2026-07-09T03:15:41.256Z,smriti9/create-site,Updating DocTypes for erpnext       : [=========                               ] 23%
2026-07-09T03:15:41.256Z,smriti9/create-site,Updating DocTypes for erpnext       : [=========                               ] 24%
2026-07-09T03:15:41.256Z,smriti9/create-site,Updating DocTypes for erpnext       : [=========                               ] 24%
2026-07-09T03:15:41.256Z,smriti9/create-site,Updating DocTypes for erpnext       : [=========                               ] 24%
2026-07-09T03:15:41.256Z,smriti9/create-site,Updating DocTypes for erpnext       : [=========                               ] 24%
2026-07-09T03:15:41.256Z,smriti9/create-site,Updating DocTypes for erpnext       : [=========                               ] 24%
2026-07-09T03:15:41.256Z,smriti9/create-site,Updating DocTypes for erpnext       : [=========                               ] 24%
2026-07-09T03:15:41.256Z,smriti9/create-site,Updating DocTypes for erpnext       : [=========                               ] 24%
2026-07-09T03:15:41.256Z,smriti9/create-site,Updating DocTypes for erpnext       : [=========                               ] 24%
2026-07-09T03:15:41.256Z,smriti9/create-site,Updating DocTypes for erpnext       : [=========                               ] 24%
2026-07-09T03:15:41.256Z,smriti9/create-site,Updating DocTypes for erpnext       : [==========                              ] 25%
2026-07-09T03:15:41.256Z,smriti9/create-site,Updating DocTypes for erpnext       : [==========                              ] 25%
2026-07-09T03:15:41.256Z,smriti9/create-site,Updating DocTypes for erpnext       : [==========                              ] 25%
2026-07-09T03:15:41.256Z,smriti9/create-site,Updating DocTypes for erpnext       : [==========                              ] 25%
2026-07-09T03:15:41.256Z,smriti9/create-site,Updating DocTypes for erpnext       : [==========                              ] 25%
2026-07-09T03:15:41.256Z,smriti9/create-site,Updating DocTypes for erpnext       : [==========                              ] 25%
2026-07-09T03:15:41.256Z,smriti9/create-site,Updating DocTypes for erpnext       : [==========                              ] 25%
2026-07-09T03:15:41.256Z,smriti9/create-site,Updating DocTypes for erpnext       : [==========                              ] 25%
2026-07-09T03:15:41.256Z,smriti9/create-site,Updating DocTypes for erpnext       : [==========                              ] 25%
2026-07-09T03:15:41.256Z,smriti9/create-site,Updating DocTypes for erpnext       : [==========                              ] 26%
2026-07-09T03:15:41.256Z,smriti9/create-site,Updating DocTypes for erpnext       : [==========                              ] 26%
2026-07-09T03:15:41.256Z,smriti9/create-site,Updating DocTypes for erpnext       : [==========                              ] 26%
2026-07-09T03:15:41.256Z,smriti9/create-site,Updating DocTypes for erpnext       : [==========                              ] 26%
2026-07-09T03:15:41.256Z,smriti9/create-site,Updating DocTypes for erpnext       : [==========                              ] 26%
2026-07-09T03:15:41.256Z,smriti9/create-site,Updating DocTypes for erpnext       : [==========                              ] 26%
2026-07-09T03:15:41.256Z,smriti9/create-site,Updating DocTypes for erpnext       : [==========                              ] 26%
2026-07-09T03:15:41.256Z,smriti9/create-site,Updating DocTypes for erpnext       : [==========                              ] 26%
2026-07-09T03:15:41.256Z,smriti9/create-site,Updating DocTypes for erpnext       : [==========                              ] 26%
2026-07-09T03:15:41.256Z,smriti9/create-site,Updating DocTypes for erpnext       : [==========                              ] 27%
2026-07-09T03:15:41.256Z,smriti9/create-site,Updating DocTypes for erpnext       : [==========                              ] 27%
2026-07-09T03:15:41.256Z,smriti9/create-site,Updating DocTypes for erpnext       : [==========                              ] 27%
2026-07-09T03:15:41.256Z,smriti9/create-site,Updating DocTypes for erpnext       : [==========                              ] 27%
2026-07-09T03:15:41.256Z,smriti9/create-site,Updating DocTypes for erpnext       : [===========                             ] 27%
2026-07-09T03:15:41.256Z,smriti9/create-site,Updating DocTypes for erpnext       : [===========                             ] 27%
2026-07-09T03:15:41.256Z,smriti9/create-site,Updating DocTypes for erpnext       : [===========                             ] 27%
2026-07-09T03:15:41.256Z,smriti9/create-site,Updating DocTypes for erpnext       : [===========                             ] 27%
2026-07-09T03:15:41.256Z,smriti9/create-site,Updating DocTypes for erpnext       : [===========                             ] 27%
2026-07-09T03:15:41.256Z,smriti9/create-site,Updating DocTypes for erpnext       : [===========                             ] 28%
2026-07-09T03:15:41.256Z,smriti9/create-site,Updating DocTypes for erpnext       : [===========                             ] 28%
2026-07-09T03:15:41.256Z,smriti9/create-site,Updating DocTypes for erpnext       : [===========                             ] 28%
2026-07-09T03:15:41.256Z,smriti9/create-site,Updating DocTypes for erpnext       : [===========                             ] 28%
2026-07-09T03:15:41.256Z,smriti9/create-site,Updating DocTypes for erpnext       : [===========                             ] 28%
2026-07-09T03:15:41.256Z,smriti9/create-site,Updating DocTypes for erpnext       : [===========                             ] 28%
2026-07-09T03:15:41.256Z,smriti9/create-site,Updating DocTypes for erpnext       : [===========                             ] 28%
2026-07-09T03:15:41.256Z,smriti9/create-site,Updating DocTypes for erpnext       : [===========                             ] 28%
2026-07-09T03:15:41.256Z,smriti9/create-site,Updating DocTypes for erpnext       : [===========                             ] 28%
2026-07-09T03:15:41.256Z,smriti9/create-site,Updating DocTypes for erpnext       : [===========                             ] 29%
2026-07-09T03:15:41.256Z,smriti9/create-site,Updating DocTypes for erpnext       : [===========                             ] 29%
2026-07-09T03:15:41.256Z,smriti9/create-site,Updating DocTypes for erpnext       : [===========                             ] 29%
2026-07-09T03:15:41.256Z,smriti9/create-site,Updating DocTypes for erpnext       : [===========                             ] 29%
2026-07-09T03:15:41.256Z,smriti9/create-site,Updating DocTypes for erpnext       : [===========                             ] 29%
2026-07-09T03:15:41.256Z,smriti9/create-site,Updating DocTypes for erpnext       : [===========                             ] 29%
2026-07-09T03:15:41.256Z,smriti9/create-site,Updating DocTypes for erpnext       : [===========                             ] 29%
2026-07-09T03:15:41.256Z,smriti9/create-site,Updating DocTypes for erpnext       : [===========                             ] 29%
2026-07-09T03:15:41.256Z,smriti9/create-site,Updating DocTypes for erpnext       : [============                            ] 30%
2026-07-09T03:15:41.256Z,smriti9/create-site,Updating DocTypes for erpnext       : [============                            ] 30%
2026-07-09T03:15:41.256Z,smriti9/create-site,Updating DocTypes for erpnext       : [============                            ] 30%
2026-07-09T03:15:41.256Z,smriti9/create-site,Updating DocTypes for erpnext       : [============                            ] 30%
2026-07-09T03:15:41.256Z,smriti9/create-site,Updating DocTypes for erpnext       : [============                            ] 30%
2026-07-09T03:15:41.256Z,smriti9/create-site,Updating DocTypes for erpnext       : [============                            ] 30%
2026-07-09T03:15:41.256Z,smriti9/create-site,Updating DocTypes for erpnext       : [============                            ] 30%
2026-07-09T03:15:41.256Z,smriti9/create-site,Updating DocTypes for erpnext       : [============                            ] 30%
2026-07-09T03:15:41.256Z,smriti9/create-site,Updating DocTypes for erpnext       : [============                            ] 30%
2026-07-09T03:15:41.256Z,smriti9/create-site,Updating DocTypes for erpnext       : [============                            ] 31%
2026-07-09T03:15:41.256Z,smriti9/create-site,Updating DocTypes for erpnext       : [============                            ] 31%
2026-07-09T03:15:41.256Z,smriti9/create-site,Updating DocTypes for erpnext       : [============                            ] 31%
2026-07-09T03:15:41.256Z,smriti9/create-site,Updating DocTypes for erpnext       : [============                            ] 31%
2026-07-09T03:15:41.256Z,smriti9/create-site,Updating DocTypes for erpnext       : [============                            ] 31%
2026-07-09T03:15:41.256Z,smriti9/create-site,Updating DocTypes for erpnext       : [============                            ] 31%
2026-07-09T03:15:41.256Z,smriti9/create-site,Updating DocTypes for erpnext       : [============                            ] 31%
2026-07-09T03:15:41.256Z,smriti9/create-site,Updating DocTypes for erpnext       : [============                            ] 31%
2026-07-09T03:15:41.256Z,smriti9/create-site,Updating DocTypes for erpnext       : [============                            ] 31%
2026-07-09T03:15:41.256Z,smriti9/create-site,Updating DocTypes for erpnext       : [============                            ] 32%
2026-07-09T03:15:41.256Z,smriti9/create-site,Updating DocTypes for erpnext       : [============                            ] 32%
2026-07-09T03:15:41.256Z,smriti9/create-site,Updating DocTypes for erpnext       : [============                            ] 32%
2026-07-09T03:15:41.256Z,smriti9/create-site,Updating DocTypes for erpnext       : [============                            ] 32%
2026-07-09T03:15:41.256Z,smriti9/create-site,Updating DocTypes for erpnext       : [============                            ] 32%
2026-07-09T03:15:41.256Z,smriti9/create-site,Updating DocTypes for erpnext       : [=============                           ] 32%
2026-07-09T03:15:41.256Z,smriti9/create-site,Updating DocTypes for erpnext       : [=============                           ] 32%
2026-07-09T03:15:41.256Z,smriti9/create-site,Updating DocTypes for erpnext       : [=============                           ] 32%
2026-07-09T03:15:41.256Z,smriti9/create-site,Updating DocTypes for erpnext       : [=============                           ] 32%
2026-07-09T03:15:41.256Z,smriti9/create-site,Updating DocTypes for erpnext       : [=============                           ] 33%
2026-07-09T03:15:41.256Z,smriti9/create-site,Updating DocTypes for erpnext       : [=============                           ] 33%
2026-07-09T03:15:41.256Z,smriti9/create-site,Updating DocTypes for erpnext       : [=============                           ] 33%
2026-07-09T03:15:41.256Z,smriti9/create-site,Updating DocTypes for erpnext       : [=============                           ] 33%
2026-07-09T03:15:41.256Z,smriti9/create-site,Updating DocTypes for erpnext       : [=============                           ] 33%
2026-07-09T03:15:41.256Z,smriti9/create-site,Updating DocTypes for erpnext       : [=============                           ] 33%
2026-07-09T03:15:41.256Z,smriti9/create-site,Updating DocTypes for erpnext       : [=============                           ] 33%
2026-07-09T03:15:41.256Z,smriti9/create-site,Updating DocTypes for erpnext       : [=============                           ] 33%
2026-07-09T03:15:41.256Z,smriti9/create-site,Updating DocTypes for erpnext       : [=============                           ] 33%
2026-07-09T03:15:41.256Z,smriti9/create-site,Updating DocTypes for erpnext       : [=============                           ] 34%
2026-07-09T03:15:41.256Z,smriti9/create-site,Updating DocTypes for erpnext       : [=============                           ] 34%
2026-07-09T03:15:41.256Z,smriti9/create-site,Updating DocTypes for erpnext       : [=============                           ] 34%
2026-07-09T03:15:41.256Z,smriti9/create-site,Updating DocTypes for erpnext       : [=============                           ] 34%
2026-07-09T03:15:41.256Z,smriti9/create-site,Updating DocTypes for erpnext       : [=============                           ] 34%
2026-07-09T03:15:41.256Z,smriti9/create-site,Updating DocTypes for erpnext       : [=============                           ] 34%
2026-07-09T03:15:41.256Z,smriti9/create-site,Updating DocTypes for erpnext       : [=============                           ] 34%
2026-07-09T03:15:41.256Z,smriti9/create-site,Updating DocTypes for erpnext       : [=============                           ] 34%
2026-07-09T03:15:41.256Z,smriti9/create-site,Updating DocTypes for erpnext       : [=============                           ] 34%
2026-07-09T03:15:41.256Z,smriti9/create-site,Updating DocTypes for erpnext       : [==============                          ] 35%
2026-07-09T03:15:41.256Z,smriti9/create-site,Updating DocTypes for erpnext       : [==============                          ] 35%
2026-07-09T03:15:41.256Z,smriti9/create-site,Updating DocTypes for erpnext       : [==============                          ] 35%
2026-07-09T03:15:41.256Z,smriti9/create-site,Updating DocTypes for erpnext       : [==============                          ] 35%
2026-07-09T03:15:41.256Z,smriti9/create-site,Updating DocTypes for erpnext       : [==============                          ] 35%
2026-07-09T03:15:41.256Z,smriti9/create-site,Updating DocTypes for erpnext       : [==============                          ] 35%
2026-07-09T03:15:41.256Z,smriti9/create-site,Updating DocTypes for erpnext       : [==============                          ] 35%
2026-07-09T03:15:41.256Z,smriti9/create-site,Updating DocTypes for erpnext       : [==============                          ] 35%
2026-07-09T03:15:41.256Z,smriti9/create-site,Updating DocTypes for erpnext       : [==============                          ] 35%
2026-07-09T03:15:41.256Z,smriti9/create-site,Updating DocTypes for erpnext       : [==============                          ] 36%
2026-07-09T03:15:41.256Z,smriti9/create-site,Updating DocTypes for erpnext       : [==============                          ] 36%
2026-07-09T03:15:41.256Z,smriti9/create-site,Updating DocTypes for erpnext       : [==============                          ] 36%
2026-07-09T03:15:41.256Z,smriti9/create-site,Updating DocTypes for erpnext       : [==============                          ] 36%
2026-07-09T03:15:41.256Z,smriti9/create-site,Updating DocTypes for erpnext       : [==============                          ] 36%
2026-07-09T03:15:41.256Z,smriti9/create-site,Updating DocTypes for erpnext       : [==============                          ] 36%
2026-07-09T03:15:41.256Z,smriti9/create-site,Updating DocTypes for erpnext       : [==============                          ] 36%
2026-07-09T03:15:41.256Z,smriti9/create-site,Updating DocTypes for erpnext       : [==============                          ] 36%
2026-07-09T03:15:41.256Z,smriti9/create-site,Updating DocTypes for erpnext       : [==============                          ] 36%
2026-07-09T03:15:41.256Z,smriti9/create-site,Updating DocTypes for erpnext       : [==============                          ] 37%
2026-07-09T03:15:41.256Z,smriti9/create-site,Updating DocTypes for erpnext       : [==============                          ] 37%
2026-07-09T03:15:41.256Z,smriti9/create-site,Updating DocTypes for erpnext       : [==============                          ] 37%
2026-07-09T03:15:41.256Z,smriti9/create-site,Updating DocTypes for erpnext       : [==============                          ] 37%
2026-07-09T03:15:41.256Z,smriti9/create-site,Updating DocTypes for erpnext       : [===============                         ] 37%
2026-07-09T03:15:41.256Z,smriti9/create-site,Updating DocTypes for erpnext       : [===============                         ] 37%
2026-07-09T03:15:41.256Z,smriti9/create-site,Updating DocTypes for erpnext       : [===============                         ] 37%
2026-07-09T03:15:41.256Z,smriti9/create-site,Updating DocTypes for erpnext       : [===============                         ] 37%
2026-07-09T03:15:41.256Z,smriti9/create-site,Updating DocTypes for erpnext       : [===============                         ] 37%
2026-07-09T03:15:41.256Z,smriti9/create-site,Updating DocTypes for erpnext       : [===============                         ] 38%
2026-07-09T03:15:41.256Z,smriti9/create-site,Updating DocTypes for erpnext       : [===============                         ] 38%
2026-07-09T03:15:41.256Z,smriti9/create-site,Updating DocTypes for erpnext       : [===============                         ] 38%
2026-07-09T03:15:41.256Z,smriti9/create-site,Updating DocTypes for erpnext       : [===============                         ] 38%
2026-07-09T03:15:41.256Z,smriti9/create-site,Updating DocTypes for erpnext       : [===============                         ] 38%
2026-07-09T03:15:41.256Z,smriti9/create-site,Updating DocTypes for erpnext       : [===============                         ] 38%
2026-07-09T03:15:41.256Z,smriti9/create-site,Updating DocTypes for erpnext       : [===============                         ] 38%
2026-07-09T03:15:41.256Z,smriti9/create-site,Updating DocTypes for erpnext       : [===============                         ] 38%
2026-07-09T03:15:41.256Z,smriti9/create-site,Updating DocTypes for erpnext       : [===============                         ] 38%
2026-07-09T03:15:41.256Z,smriti9/create-site,Updating DocTypes for erpnext       : [===============                         ] 39%
2026-07-09T03:15:41.256Z,smriti9/create-site,Updating DocTypes for erpnext       : [===============                         ] 39%
2026-07-09T03:15:41.256Z,smriti9/create-site,Updating DocTypes for erpnext       : [===============                         ] 39%
2026-07-09T03:15:41.256Z,smriti9/create-site,Updating DocTypes for erpnext       : [===============                         ] 39%
2026-07-09T03:15:41.256Z,smriti9/create-site,Updating DocTypes for erpnext       : [===============                         ] 39%
2026-07-09T03:15:41.256Z,smriti9/create-site,Updating DocTypes for erpnext       : [===============                         ] 39%
2026-07-09T03:15:41.256Z,smriti9/create-site,Updating DocTypes for erpnext       : [===============                         ] 39%
2026-07-09T03:15:41.256Z,smriti9/create-site,Updating DocTypes for erpnext       : [===============                         ] 39%
2026-07-09T03:15:41.256Z,smriti9/create-site,Updating DocTypes for erpnext       : [================                        ] 40%
2026-07-09T03:15:41.256Z,smriti9/create-site,Updating DocTypes for erpnext       : [================                        ] 40%
2026-07-09T03:15:41.256Z,smriti9/create-site,Updating DocTypes for erpnext       : [================                        ] 40%
2026-07-09T03:15:41.256Z,smriti9/create-site,Updating DocTypes for erpnext       : [================                        ] 40%
2026-07-09T03:15:41.256Z,smriti9/create-site,Updating DocTypes for erpnext       : [================                        ] 40%
2026-07-09T03:15:41.256Z,smriti9/create-site,Updating DocTypes for erpnext       : [================                        ] 40%
2026-07-09T03:15:41.256Z,smriti9/create-site,Updating DocTypes for erpnext       : [================                        ] 40%
2026-07-09T03:15:41.256Z,smriti9/create-site,Updating DocTypes for erpnext       : [================                        ] 40%
2026-07-09T03:15:41.256Z,smriti9/create-site,Updating DocTypes for erpnext       : [================                        ] 40%
2026-07-09T03:15:41.256Z,smriti9/create-site,Updating DocTypes for erpnext       : [================                        ] 41%
2026-07-09T03:15:41.256Z,smriti9/create-site,Updating DocTypes for erpnext       : [================                        ] 41%
2026-07-09T03:15:41.256Z,smriti9/create-site,Updating DocTypes for erpnext       : [================                        ] 41%
2026-07-09T03:15:41.256Z,smriti9/create-site,Updating DocTypes for erpnext       : [================                        ] 41%
2026-07-09T03:15:41.256Z,smriti9/create-site,Updating DocTypes for erpnext       : [================                        ] 41%
2026-07-09T03:15:41.256Z,smriti9/create-site,Updating DocTypes for erpnext       : [================                        ] 41%
2026-07-09T03:15:41.256Z,smriti9/create-site,Updating DocTypes for erpnext       : [================                        ] 41%
2026-07-09T03:15:41.256Z,smriti9/create-site,Updating DocTypes for erpnext       : [================                        ] 41%
2026-07-09T03:15:41.256Z,smriti9/create-site,Updating DocTypes for erpnext       : [================                        ] 41%
2026-07-09T03:15:41.256Z,smriti9/create-site,Updating DocTypes for erpnext       : [================                        ] 42%
2026-07-09T03:15:41.256Z,smriti9/create-site,Updating DocTypes for erpnext       : [================                        ] 42%
2026-07-09T03:15:41.256Z,smriti9/create-site,Updating DocTypes for erpnext       : [================                        ] 42%
2026-07-09T03:15:41.256Z,smriti9/create-site,Updating DocTypes for erpnext       : [================                        ] 42%
2026-07-09T03:15:41.256Z,smriti9/create-site,Updating DocTypes for erpnext       : [================                        ] 42%
2026-07-09T03:15:41.256Z,smriti9/create-site,Updating DocTypes for erpnext       : [=================                       ] 42%
2026-07-09T03:15:41.256Z,smriti9/create-site,Updating DocTypes for erpnext       : [=================                       ] 42%
2026-07-09T03:15:41.256Z,smriti9/create-site,Updating DocTypes for erpnext       : [=================                       ] 42%
2026-07-09T03:15:41.256Z,smriti9/create-site,Updating DocTypes for erpnext       : [=================                       ] 42%
2026-07-09T03:15:41.256Z,smriti9/create-site,Updating DocTypes for erpnext       : [=================                       ] 43%
2026-07-09T03:15:41.256Z,smriti9/create-site,Updating DocTypes for erpnext       : [=================                       ] 43%
2026-07-09T03:15:41.256Z,smriti9/create-site,Updating DocTypes for erpnext       : [=================                       ] 43%
2026-07-09T03:15:41.256Z,smriti9/create-site,Updating DocTypes for erpnext       : [=================                       ] 43%
2026-07-09T03:15:41.256Z,smriti9/create-site,Updating DocTypes for erpnext       : [======2026-07-09T03:15:41.256478288Z ===========                       ] 43%
2026-07-09T03:15:41.256Z,smriti9/create-site,Updating DocTypes for erpnext       : [=================                       ] 43%
2026-07-09T03:15:41.256Z,smriti9/create-site,Updating DocTypes for erpnext       : [=================                       ] 43%
2026-07-09T03:15:41.256Z,smriti9/create-site,Updating DocTypes for erpnext       : [=================                       ] 43%
2026-07-09T03:15:41.256Z,smriti9/create-site,Updating DocTypes for erpnext       : [=================                       ] 43%
2026-07-09T03:15:41.256Z,smriti9/create-site,Updating DocTypes for erpnext       : [=================                       ] 44%
2026-07-09T03:15:41.256Z,smriti9/create-site,Updating DocTypes for erpnext       : [=================                       ] 44%
2026-07-09T03:15:41.256Z,smriti9/create-site,Updating DocTypes for erpnext       : [=================                       ] 44%
2026-07-09T03:15:41.256Z,smriti9/create-site,Updating DocTypes for erpnext       : [=================                       ] 44%
2026-07-09T03:15:41.256Z,smriti9/create-site,Updating DocTypes for erpnext       : [=================                       ] 44%
2026-07-09T03:15:41.256Z,smriti9/create-site,Updating DocTypes for erpnext       : [=================                       ] 44%
2026-07-09T03:15:41.256Z,smriti9/create-site,Updating DocTypes for erpnext       : [=================                       ] 44%
2026-07-09T03:15:41.256Z,smriti9/create-site,Updating DocTypes for erpnext       : [=================                       ] 44%
2026-07-09T03:15:41.256Z,smriti9/create-site,Updating DocTypes for erpnext       : [=================                       ] 44%
2026-07-09T03:15:41.256Z,smriti9/create-site,Updating DocTypes for erpnext       : [==================                      ] 45%
2026-07-09T03:15:41.256Z,smriti9/create-site,Updating DocTypes for erpnext       : [==================                      ] 45%
2026-07-09T03:15:41.256Z,smriti9/create-site,Updating DocTypes for erpnext       : [==================                      ] 45%
2026-07-09T03:15:41.256Z,smriti9/create-site,Updating DocTypes for erpnext       : [==================                      ] 45%
2026-07-09T03:15:41.256Z,smriti9/create-site,Updating DocTypes for erpnext       : [==================                      ] 45%
2026-07-09T03:15:41.256Z,smriti9/create-site,Updating DocTypes for erpnext       : [==================                      ] 45%
2026-07-09T03:15:41.256Z,smriti9/create-site,Updating DocTypes for erpnext       : [==================                      ] 45%
2026-07-09T03:15:41.256Z,smriti9/create-site,Updating DocTypes for erpnext       : [==================                      ] 45%
2026-07-09T03:15:41.256Z,smriti9/create-site,Updating DocTypes for erpnext       : [==================                      ] 45%
2026-07-09T03:15:41.256Z,smriti9/create-site,Updating DocTypes for erpnext       : [==================                      ] 46%
2026-07-09T03:15:41.256Z,smriti9/create-site,Updating DocTypes for erpnext       : [==================                      ] 46%
2026-07-09T03:15:41.256Z,smriti9/create-site,Updating DocTypes for erpnext       : [==================                      ] 46%
2026-07-09T03:15:41.256Z,smriti9/create-site,Updating DocTypes for erpnext       : [==================                      ] 46%
2026-07-09T03:15:41.256Z,smriti9/create-site,Updating DocTypes for erpnext       : [==================                      ] 46%
2026-07-09T03:15:41.256Z,smriti9/create-site,Updating DocTypes for erpnext       : [==================                      ] 46%
2026-07-09T03:15:41.256Z,smriti9/create-site,Updating DocTypes for erpnext       : [==================                      ] 46%
2026-07-09T03:15:41.256Z,smriti9/create-site,Updating DocTypes for erpnext       : [==================                      ] 46%
2026-07-09T03:15:41.256Z,smriti9/create-site,Updating DocTypes for erpnext       : [==================                      ] 46%
2026-07-09T03:15:41.256Z,smriti9/create-site,Updating DocTypes for erpnext       : [==================                      ] 47%
2026-07-09T03:15:41.256Z,smriti9/create-site,Updating DocTypes for erpnext       : [==================                      ] 47%
2026-07-09T03:15:41.256Z,smriti9/create-site,Updating DocTypes for erpnext       : [==================                      ] 47%
2026-07-09T03:15:41.256Z,smriti9/create-site,Updating DocTypes for erpnext       : [==================                      ] 47%
2026-07-09T03:15:41.256Z,smriti9/create-site,Updating DocTypes for erpnext       : [===================                     ] 47%
2026-07-09T03:15:41.256Z,smriti9/create-site,Updating DocTypes for erpnext       : [===================                     ] 47%
2026-07-09T03:15:41.256Z,smriti9/create-site,Updating DocTypes for erpnext       : [===================                     ] 47%
2026-07-09T03:15:41.256Z,smriti9/create-site,Updating DocTypes for erpnext       : [===================                     ] 47%
2026-07-09T03:15:41.256Z,smriti9/create-site,Updating DocTypes for erpnext       : [===================                     ] 47%
2026-07-09T03:15:41.256Z,smriti9/create-site,Updating DocTypes for erpnext       : [===================                     ] 48%
2026-07-09T03:15:41.256Z,smriti9/create-site,Updating DocTypes for erpnext       : [===================                     ] 48%
2026-07-09T03:15:41.256Z,smriti9/create-site,Updating DocTypes for erpnext       : [===================                     ] 48%
2026-07-09T03:15:41.256Z,smriti9/create-site,Updating DocTypes for erpnext       : [===================                     ] 48%
2026-07-09T03:15:41.256Z,smriti9/create-site,Updating DocTypes for erpnext       : [===================                     ] 48%
2026-07-09T03:15:41.256Z,smriti9/create-site,Updating DocTypes for erpnext       : [===================                     ] 48%
2026-07-09T03:15:41.256Z,smriti9/create-site,Updating DocTypes for erpnext       : [===================                     ] 48%
2026-07-09T03:15:41.256Z,smriti9/create-site,Updating DocTypes for erpnext       : [===================                     ] 48%
2026-07-09T03:15:41.256Z,smriti9/create-site,Updating DocTypes for erpnext       : [===================                     ] 48%
2026-07-09T03:15:41.256Z,smriti9/create-site,Updating DocTypes for erpnext       : [===================                     ] 49%
2026-07-09T03:15:41.256Z,smriti9/create-site,Updating DocTypes for erpnext       : [===================                     ] 49%
2026-07-09T03:15:41.256Z,smriti9/create-site,Updating DocTypes for erpnext       : [===================                     ] 49%
2026-07-09T03:15:41.256Z,smriti9/create-site,Updating DocTypes for erpnext       : [===================                     ] 49%
2026-07-09T03:15:41.256Z,smriti9/create-site,Updating DocTypes for erpnext       : [===================                     ] 49%
2026-07-09T03:15:41.256Z,smriti9/create-site,Updating DocTypes for erpnext       : [===================                     ] 49%
2026-07-09T03:15:41.256Z,smriti9/create-site,Updating DocTypes for erpnext       : [===================                     ] 49%
2026-07-09T03:15:41.256Z,smriti9/create-site,Updating DocTypes for erpnext       : [===================                     ] 49%
2026-07-09T03:15:41.256Z,smriti9/create-site,Updating DocTypes for erpnext       : [====================                    ] 50%
2026-07-09T03:15:41.256Z,smriti9/create-site,Updating DocTypes for erpnext       : [====================                    ] 50%
2026-07-09T03:15:41.256Z,smriti9/create-site,Updating DocTypes for erpnext       : [====================                    ] 50%
2026-07-09T03:15:41.256Z,smriti9/create-site,Updating DocTypes for erpnext       : [====================                    ] 50%
2026-07-09T03:15:41.256Z,smriti9/create-site,Updating DocTypes for erpnext       : [====================                    ] 50%
2026-07-09T03:15:41.256Z,smriti9/create-site,Updating DocTypes for erpnext       : [====================                    ] 50%
2026-07-09T03:15:41.256Z,smriti9/create-site,Updating DocTypes for erpnext       : [====================                    ] 50%
2026-07-09T03:15:41.256Z,smriti9/create-site,Updating DocTypes for erpnext       : [====================                    ] 50%
2026-07-09T03:15:41.256Z,smriti9/create-site,Updating DocTypes for erpnext       : [====================                    ] 50%
2026-07-09T03:15:41.256Z,smriti9/create-site,Updating DocTypes for erpnext       : [====================                    ] 51%
2026-07-09T03:15:41.256Z,smriti9/create-site,Updating DocTypes for erpnext       : [====================                    ] 51%
2026-07-09T03:15:41.256Z,smriti9/create-site,Updating DocTypes for erpnext       : [====================                    ] 51%
2026-07-09T03:15:41.256Z,smriti9/create-site,Updating DocTypes for erpnext       : [====================                    ] 51%
2026-07-09T03:15:41.256Z,smriti9/create-site,Updating DocTypes for erpnext       : [====================                    ] 51%
2026-07-09T03:15:41.256Z,smriti9/create-site,Updating DocTypes for erpnext       : [====================                    ] 51%
2026-07-09T03:15:41.256Z,smriti9/create-site,Updating DocTypes for erpnext       : [====================                    ] 51%
2026-07-09T03:15:41.256Z,smriti9/create-site,Updating DocTypes for erpnext       : [====================                    ] 51%
2026-07-09T03:15:41.256Z,smriti9/create-site,Updating DocTypes for erpnext       : [====================                    ] 51%
2026-07-09T03:15:41.256Z,smriti9/create-site,Updating DocTypes for erpnext       : [====================                    ] 52%
2026-07-09T03:15:41.256Z,smriti9/create-site,Updating DocTypes for erpnext       : [====================                    ] 52%
2026-07-09T03:15:41.256Z,smriti9/create-site,Updating DocTypes for erpnext       : [====================                    ] 52%
2026-07-09T03:15:41.256Z,smriti9/create-site,Updating DocTypes for erpnext       : [====================                    ] 52%
2026-07-09T03:15:41.256Z,smriti9/create-site,Updating DocTypes for erpnext       : [====================                    ] 52%
2026-07-09T03:15:41.256Z,smriti9/create-site,Updating DocTypes for erpnext       : [=====================                   ] 52%
2026-07-09T03:15:41.256Z,smriti9/create-site,Updating DocTypes for erpnext       : [=====================                   ] 52%
2026-07-09T03:15:41.256Z,smriti9/create-site,Updating DocTypes for erpnext       : [=====================                   ] 52%
2026-07-09T03:15:41.256Z,smriti9/create-site,Updating DocTypes for erpnext       : [=====================                   ] 52%
2026-07-09T03:15:41.256Z,smriti9/create-site,Updating DocTypes for erpnext       : [=====================                   ] 53%
2026-07-09T03:15:41.256Z,smriti9/create-site,Updating DocTypes for erpnext       : [=====================                   ] 53%
2026-07-09T03:15:41.256Z,smriti9/create-site,Updating DocTypes for erpnext       : [=====================                   ] 53%
2026-07-09T03:15:41.256Z,smriti9/create-site,Updating DocTypes for erpnext       : [=====================                   ] 53%
2026-07-09T03:15:41.256Z,smriti9/create-site,Updating DocTypes for erpnext       : [=====================                   ] 53%
2026-07-09T03:15:41.256Z,smriti9/create-site,Updating DocTypes for erpnext       : [=====================                   ] 53%
2026-07-09T03:15:41.256Z,smriti9/create-site,Updating DocTypes for erpnext       : [=====================                   ] 53%
2026-07-09T03:15:41.256Z,smriti9/create-site,Updating DocTypes for erpnext       : [=====================                   ] 53%
2026-07-09T03:15:41.256Z,smriti9/create-site,Updating DocTypes for erpnext       : [=====================                   ] 53%
2026-07-09T03:15:41.256Z,smriti9/create-site,Updating DocTypes for erpnext       : [=====================                   ] 54%
2026-07-09T03:15:41.256Z,smriti9/create-site,Updating DocTypes for erpnext       : [=====================                   ] 54%
2026-07-09T03:15:41.256Z,smriti9/create-site,Updating DocTypes for erpnext       : [=====================                   ] 54%
2026-07-09T03:15:41.256Z,smriti9/create-site,Updating DocTypes for erpnext       : [=====================                   ] 54%
2026-07-09T03:15:41.256Z,smriti9/create-site,Updating DocTypes for erpnext       : [=====================                   ] 54%
2026-07-09T03:15:41.256Z,smriti9/create-site,Updating DocTypes for erpnext       : [=====================                   ] 54%
2026-07-09T03:15:41.256Z,smriti9/create-site,Updating DocTypes for erpnext       : [=====================                   ] 54%
2026-07-09T03:15:41.256Z,smriti9/create-site,Updating DocTypes for erpnext       : [=====================                   ] 54%
2026-07-09T03:15:41.256Z,smriti9/create-site,Updating DocTypes for erpnext       : [=====================                   ] 54%
2026-07-09T03:15:41.256Z,smriti9/create-site,Updating DocTypes for erpnext       : [======================                  ] 55%
2026-07-09T03:15:41.256Z,smriti9/create-site,Updating DocTypes for erpnext       : [======================                  ] 55%
2026-07-09T03:15:41.256Z,smriti9/create-site,Updating DocTypes for erpnext       : [======================                  ] 55%
2026-07-09T03:15:41.256Z,smriti9/create-site,Updating DocTypes for erpnext       : [======================                  ] 55%
2026-07-09T03:15:41.256Z,smriti9/create-site,Updating DocTypes for erpnext       : [======================                  ] 55%
2026-07-09T03:15:41.256Z,smriti9/create-site,Updating DocTypes for erpnext       : [======================                  ] 55%
2026-07-09T03:15:41.256Z,smriti9/create-site,Updating DocTypes for erpnext       : [======================                  ] 55%
2026-07-09T03:15:41.256Z,smriti9/create-site,Updating DocTypes for erpnext       : [======================                  ] 55%
2026-07-09T03:15:41.256Z,smriti9/create-site,Updating DocTypes for erpnext       : [======================                  ] 55%
2026-07-09T03:15:41.256Z,smriti9/create-site,Updating DocTypes for erpnext       : [======================                  ] 56%
2026-07-09T03:15:41.256Z,smriti9/create-site,Updating DocTypes for erpnext       : [======================                  ] 56%
2026-07-09T03:15:41.256Z,smriti9/create-site,Updating DocTypes for erpnext       : [======================                  ] 56%
2026-07-09T03:15:41.256Z,smriti9/create-site,Updating DocTypes for erpnext       : [======================                  ] 56%
2026-07-09T03:15:41.256Z,smriti9/create-site,Updating DocTypes for erpnext       : [======================                  ] 56%
2026-07-09T03:15:41.256Z,smriti9/create-site,Updating DocTypes for erpnext       : [======================                  ] 56%
2026-07-09T03:15:41.256Z,smriti9/create-site,Updating DocTypes for erpnext       : [======================                  ] 56%
2026-07-09T03:15:41.256Z,smriti9/create-site,Updating DocTypes for erpnext       : [======================                  ] 56%
2026-07-09T03:15:41.256Z,smriti9/create-site,Updating DocTypes for erpnext       : [======================                  ] 56%
2026-07-09T03:15:41.256Z,smriti9/create-site,Updating DocTypes for erpnext       : [======================                  ] 57%
2026-07-09T03:15:41.256Z,smriti9/create-site,Updating DocTypes for erpnext       : [======================                  ] 57%
2026-07-09T03:15:41.256Z,smriti9/create-site,Updating DocTypes for erpnext       : [======================                  ] 57%
2026-07-09T03:15:41.256Z,smriti9/create-site,Updating DocTypes for erpnext       : [======================                  ] 57%
2026-07-09T03:15:41.256Z,smriti9/create-site,Updating DocTypes for erpnext       : [=======================                 ] 57%
2026-07-09T03:15:41.256Z,smriti9/create-site,Updating DocTypes for erpnext       : [=======================                 ] 57%
2026-07-09T03:15:41.256Z,smriti9/create-site,Updating DocTypes for erpnext       : [=======================                 ] 57%
2026-07-09T03:15:41.256Z,smriti9/create-site,Updating DocTypes for erpnext       : [=======================                 ] 57%
2026-07-09T03:15:41.256Z,smriti9/create-site,Updating DocTypes for erpnext       : [=======================                 ] 57%
2026-07-09T03:15:41.256Z,smriti9/create-site,Updating DocTypes for erpnext       : [=======================                 ] 58%
2026-07-09T03:15:41.256Z,smriti9/create-site,Updating DocTypes for erpnext       : [=======================                 ] 58%
2026-07-09T03:15:41.256Z,smriti9/create-site,Updating DocTypes for erpnext       : [=======================                 ] 58%
2026-07-09T03:15:41.256Z,smriti9/create-site,Updating DocTypes for erpnext       : [=======================                 ] 58%
2026-07-09T03:15:41.256Z,smriti9/create-site,Updating DocTypes for erpnext       : [=======================                 ] 58%
2026-07-09T03:15:41.256Z,smriti9/create-site,Updating DocTypes for erpnext       : [=======================                 ] 58%
2026-07-09T03:15:41.256Z,smriti9/create-site,Updating DocTypes for erpnext       : [=======================                 ] 58%
2026-07-09T03:15:41.256Z,smriti9/create-site,Updating DocTypes for erpnext       : [=======================                 ] 58%
2026-07-09T03:15:41.256Z,smriti9/create-site,Updating DocTypes for erpnext       : [=======================                 ] 58%
2026-07-09T03:15:41.256Z,smriti9/create-site,Updating DocTypes for erpnext       : [=======================                 ] 59%
2026-07-09T03:15:41.256Z,smriti9/create-site,Updating DocTypes for erpnext       : [=======================                 ] 59%
2026-07-09T03:15:41.256Z,smriti9/create-site,Updating DocTypes for erpnext       : [=======================                 ] 59%
2026-07-09T03:15:41.256Z,smriti9/create-site,Updating DocTypes for erpnext       : [=======================                 ] 59%
2026-07-09T03:15:41.256Z,smriti9/create-site,Updating DocTypes for erpnext       : [=======================                 ] 59%
2026-07-09T03:15:41.256Z,smriti9/create-site,Updating DocTypes for erpnext       : [=======================                 ] 59%
2026-07-09T03:15:41.256Z,smriti9/create-site,Updating DocTypes for erpnext       : [=======================                 ] 59%
2026-07-09T03:15:41.256Z,smriti9/create-site,Updating DocTypes for erpnext       : [=======================                 ] 59%
2026-07-09T03:15:41.256Z,smriti9/create-site,Updating DocTypes for erpnext       : [========================                ] 60%
2026-07-09T03:15:41.256Z,smriti9/create-site,Updating DocTypes for erpnext       : [========================                ] 60%
2026-07-09T03:15:41.256Z,smriti9/create-site,Updating DocTypes for erpnext       : [========================                ] 60%
2026-07-09T03:15:41.256Z,smriti9/create-site,Updating DocTypes for erpnext       : [========================                ] 60%
2026-07-09T03:15:41.256Z,smriti9/create-site,Updating DocTypes for erpnext       : [========================                ] 60%
2026-07-09T03:15:41.256Z,smriti9/create-site,Updating DocTypes for erpnext       : [========================                ] 60%
2026-07-09T03:15:41.256Z,smriti9/create-site,Updating DocTypes for erpnext       : [========================                ] 60%
2026-07-09T03:15:41.256Z,smriti9/create-site,Updating DocTypes for erpnext       : [========================                ] 60%
2026-07-09T03:15:41.256Z,smriti9/create-site,Updating DocTypes for erpnext       : [========================                ] 60%
2026-07-09T03:15:41.256Z,smriti9/create-site,Updating DocTypes for erpnext       : [========================                ] 61%
2026-07-09T03:15:41.256Z,smriti9/create-site,Updating DocTypes for erpnext       : [========================                ] 61%
2026-07-09T03:15:41.256Z,smriti9/create-site,Updating DocTypes for erpnext       : [========================                ] 61%
2026-07-09T03:15:41.256Z,smriti9/create-site,Updating DocTypes for erpnext       : [========================                ] 61%
2026-07-09T03:15:41.256Z,smriti9/create-site,Updating DocTypes for erpnext       : [========================                ] 61%
2026-07-09T03:15:41.256Z,smriti9/create-site,Updating DocTypes for erpnext       : [========================                ] 61%
2026-07-09T03:15:41.256Z,smriti9/create-site,Updating DocTypes for erpnext       : [========================                ] 61%
2026-07-09T03:15:41.256Z,smriti9/create-site,Updating DocTypes for erpnext       : [========================                ] 61%
2026-07-09T03:15:41.256Z,smriti9/create-site,Updating DocTypes for erpnext       : [========================                ] 61%
2026-07-09T03:15:41.256Z,smriti9/create-site,Updating DocTypes for erpnext       : [========================                ] 62%
2026-07-09T03:15:41.256Z,smriti9/create-site,Updating DocTypes for erpnext       : [========================                ] 62%
2026-07-09T03:15:41.256Z,smriti9/create-site,Updating DocTypes for erpnext       : [========================                ] 62%
2026-07-09T03:15:41.256Z,smriti9/create-site,Updating DocTypes for erpnext       : [========================                ] 62%
2026-07-09T03:15:41.256Z,smriti9/create-site,Updating DocTypes for erpnext       : [========================                ] 62%
2026-07-09T03:15:41.256Z,smriti9/create-site,Updating DocTypes for erpnext       : [=========================               ] 62%
2026-07-09T03:15:41.256Z,smriti9/create-site,Updating DocTypes for erpnext       : [=========================               ] 62%
2026-07-09T03:15:41.256Z,smriti9/create-site,Updating DocTypes for erpnext       : [=========================               ] 62%
2026-07-09T03:15:41.256Z,smriti9/create-site,Updating DocTypes for erpnext       : [=========================               ] 62%
2026-07-09T03:15:41.256Z,smriti9/create-site,Updating DocTypes for erpnext       : [=========================               ] 63%
2026-07-09T03:15:41.256Z,smriti9/create-site,Updating DocTypes for erpnext       : [=========================               ] 63%
2026-07-09T03:15:41.256Z,smriti9/create-site,Updating DocTypes for erpnext       : [=========================               ] 63%
2026-07-09T03:15:41.256Z,smriti9/create-site,Updating DocTypes for erpnext       : [=========================               ] 63%
2026-07-09T03:15:41.256Z,smriti9/create-site,Updating DocTypes for erpnext       : [=========================               ] 63%
2026-07-09T03:15:41.256Z,smriti9/create-site,Updating DocTypes for erpnext       : [=========================               ] 63%
2026-07-09T03:15:41.256Z,smriti9/create-site,Updating DocTypes for erpnext       : [=========================               ] 63%
2026-07-09T03:15:41.256Z,smriti9/create-site,Updating DocTypes for erpnext       : [=========================               ] 63%
2026-07-09T03:15:41.256Z,smriti9/create-site,Updating DocTypes for erpnext       : [=========================               ] 63%
2026-07-09T03:15:41.256Z,smriti9/create-site,Updating DocTypes for erpnext       : [=========================               ] 64%
2026-07-09T03:15:41.256Z,smriti9/create-site,Updating DocTypes for erpnext       : [=========================               ] 64%
2026-07-09T03:15:41.256Z,smriti9/create-site,Updating DocTypes for erpnext       : [=========================               ] 64%
2026-07-09T03:15:41.256Z,smriti9/create-site,Updating DocTypes for erpnext       : [=========================               ] 64%
2026-07-09T03:15:41.256Z,smriti9/create-site,Updating DocTypes for erpnext       : [=========================               ] 64%
2026-07-09T03:15:41.256Z,smriti9/create-site,Updating DocTypes for erpnext       : [=========================               ] 64%
2026-07-09T03:15:41.256Z,smriti9/create-site,Updating DocTypes for erpnext       : [=========================               ] 64%
2026-07-09T03:15:41.256Z,smriti9/create-site,Updating DocTypes for erpnext       : [=========================               ] 64%
2026-07-09T03:15:41.256Z,smriti9/create-site,Updating DocTypes for erpnext       : [=========================               ] 64%
2026-07-09T03:15:41.256Z,smriti9/create-site,Updating DocTypes for erpnext       : [==========================              ] 65%
2026-07-09T03:15:41.256Z,smriti9/create-site,Updating DocTypes for er2026-07-09T03:15:41.256478288Z pnext       : [==========================              ] 65%
2026-07-09T03:15:41.256Z,smriti9/create-site,Updating DocTypes for erpnext       : [==========================              ] 65%
2026-07-09T03:15:41.256Z,smriti9/create-site,Updating DocTypes for erpnext       : [==========================              ] 65%
2026-07-09T03:15:41.256Z,smriti9/create-site,Updating DocTypes for erpnext       : [==========================              ] 65%
2026-07-09T03:15:41.256Z,smriti9/create-site,Updating DocTypes for erpnext       : [==========================              ] 65%
2026-07-09T03:15:41.256Z,smriti9/create-site,Updating DocTypes for erpnext       : [==========================              ] 65%
2026-07-09T03:15:41.256Z,smriti9/create-site,Updating DocTypes for erpnext       : [==========================              ] 65%
2026-07-09T03:15:41.256Z,smriti9/create-site,Updating DocTypes for erpnext       : [==========================              ] 65%
2026-07-09T03:15:41.256Z,smriti9/create-site,Updating DocTypes for erpnext       : [==========================              ] 66%
2026-07-09T03:15:41.256Z,smriti9/create-site,Updating DocTypes for erpnext       : [==========================              ] 66%
2026-07-09T03:15:41.256Z,smriti9/create-site,Updating DocTypes for erpnext       : [==========================              ] 66%
2026-07-09T03:15:41.256Z,smriti9/create-site,Updating DocTypes for erpnext       : [==========================              ] 66%
2026-07-09T03:15:41.256Z,smriti9/create-site,Updating DocTypes for erpnext       : [==========================              ] 66%
2026-07-09T03:15:41.256Z,smriti9/create-site,Updating DocTypes for erpnext       : [==========================              ] 66%
2026-07-09T03:15:41.256Z,smriti9/create-site,Updating DocTypes for erpnext       : [==========================              ] 66%
2026-07-09T03:15:41.256Z,smriti9/create-site,Updating DocTypes for erpnext       : [==========================              ] 66%
2026-07-09T03:15:41.256Z,smriti9/create-site,Updating DocTypes for erpnext       : [==========================              ] 66%
2026-07-09T03:15:41.256Z,smriti9/create-site,Updating DocTypes for erpnext       : [==========================              ] 67%
2026-07-09T03:15:41.256Z,smriti9/create-site,Updating DocTypes for erpnext       : [==========================              ] 67%
2026-07-09T03:15:41.256Z,smriti9/create-site,Updating DocTypes for erpnext       : [==========================              ] 67%
2026-07-09T03:15:41.256Z,smriti9/create-site,Updating DocTypes for erpnext       : [==========================              ] 67%
2026-07-09T03:15:41.256Z,smriti9/create-site,Updating DocTypes for erpnext       : [===========================             ] 67%
2026-07-09T03:15:41.256Z,smriti9/create-site,Updating DocTypes for erpnext       : [===========================             ] 67%
2026-07-09T03:15:41.256Z,smriti9/create-site,Updating DocTypes for erpnext       : [===========================             ] 67%
2026-07-09T03:15:41.256Z,smriti9/create-site,Updating DocTypes for erpnext       : [===========================             ] 67%
2026-07-09T03:15:41.256Z,smriti9/create-site,Updating DocTypes for erpnext       : [===========================             ] 67%
2026-07-09T03:15:41.256Z,smriti9/create-site,Updating DocTypes for erpnext       : [===========================             ] 68%
2026-07-09T03:15:41.256Z,smriti9/create-site,Updating DocTypes for erpnext       : [===========================             ] 68%
2026-07-09T03:15:41.256Z,smriti9/create-site,Updating DocTypes for erpnext       : [===========================             ] 68%
2026-07-09T03:15:41.256Z,smriti9/create-site,Updating DocTypes for erpnext       : [===========================             ] 68%
2026-07-09T03:15:41.256Z,smriti9/create-site,Updating DocTypes for erpnext       : [===========================             ] 68%
2026-07-09T03:15:41.256Z,smriti9/create-site,Updating DocTypes for erpnext       : [===========================             ] 68%
2026-07-09T03:15:41.256Z,smriti9/create-site,Updating DocTypes for erpnext       : [===========================             ] 68%
2026-07-09T03:15:41.256Z,smriti9/create-site,Updating DocTypes for erpnext       : [===========================             ] 68%
2026-07-09T03:15:41.256Z,smriti9/create-site,Updating DocTypes for erpnext       : [===========================             ] 68%
2026-07-09T03:15:41.256Z,smriti9/create-site,Updating DocTypes for erpnext       : [===========================             ] 69%
2026-07-09T03:15:41.256Z,smriti9/create-site,Updating DocTypes for erpnext       : [===========================             ] 69%
2026-07-09T03:15:41.256Z,smriti9/create-site,Updating DocTypes for erpnext       : [===========================             ] 69%
2026-07-09T03:15:41.256Z,smriti9/create-site,Updating DocTypes for erpnext       : [===========================             ] 69%
2026-07-09T03:15:41.256Z,smriti9/create-site,Updating DocTypes for erpnext       : [===========================             ] 69%
2026-07-09T03:15:41.256Z,smriti9/create-site,Updating DocTypes for erpnext       : [===========================             ] 69%
2026-07-09T03:15:41.256Z,smriti9/create-site,Updating DocTypes for erpnext       : [===========================             ] 69%
2026-07-09T03:15:41.256Z,smriti9/create-site,Updating DocTypes for erpnext       : [===========================             ] 69%
2026-07-09T03:15:41.256Z,smriti9/create-site,Updating DocTypes for erpnext       : [============================            ] 70%
2026-07-09T03:15:41.256Z,smriti9/create-site,Updating DocTypes for erpnext       : [============================            ] 70%
2026-07-09T03:15:41.256Z,smriti9/create-site,Updating DocTypes for erpnext       : [============================            ] 70%
2026-07-09T03:15:41.256Z,smriti9/create-site,Updating DocTypes for erpnext       : [============================            ] 70%
2026-07-09T03:15:41.256Z,smriti9/create-site,Updating DocTypes for erpnext       : [============================            ] 70%
2026-07-09T03:15:41.256Z,smriti9/create-site,Updating DocTypes for erpnext       : [============================            ] 70%
2026-07-09T03:15:41.256Z,smriti9/create-site,Updating DocTypes for erpnext       : [============================            ] 70%
2026-07-09T03:15:41.256Z,smriti9/create-site,Updating DocTypes for erpnext       : [============================            ] 70%
2026-07-09T03:15:41.256Z,smriti9/create-site,Updating DocTypes for erpnext       : [============================            ] 70%
2026-07-09T03:15:41.256Z,smriti9/create-site,Updating DocTypes for erpnext       : [============================            ] 71%
2026-07-09T03:15:41.256Z,smriti9/create-site,Updating DocTypes for erpnext       : [============================            ] 71%
2026-07-09T03:15:41.256Z,smriti9/create-site,Updating DocTypes for erpnext       : [============================            ] 71%
2026-07-09T03:15:41.256Z,smriti9/create-site,Updating DocTypes for erpnext       : [============================            ] 71%
2026-07-09T03:15:41.256Z,smriti9/create-site,Updating DocTypes for erpnext       : [============================            ] 71%
2026-07-09T03:15:41.256Z,smriti9/create-site,Updating DocTypes for erpnext       : [============================            ] 71%
2026-07-09T03:15:41.256Z,smriti9/create-site,Updating DocTypes for erpnext       : [============================            ] 71%
2026-07-09T03:15:41.256Z,smriti9/create-site,Updating DocTypes for erpnext       : [============================            ] 71%
2026-07-09T03:15:41.256Z,smriti9/create-site,Updating DocTypes for erpnext       : [============================            ] 71%
2026-07-09T03:15:41.256Z,smriti9/create-site,Updating DocTypes for erpnext       : [============================            ] 72%
2026-07-09T03:15:41.256Z,smriti9/create-site,Updating DocTypes for erpnext       : [============================            ] 72%
2026-07-09T03:15:41.256Z,smriti9/create-site,Updating DocTypes for erpnext       : [============================            ] 72%
2026-07-09T03:15:41.256Z,smriti9/create-site,Updating DocTypes for erpnext       : [============================            ] 72%
2026-07-09T03:15:41.256Z,smriti9/create-site,Updating DocTypes for erpnext       : [============================            ] 72%
2026-07-09T03:15:41.256Z,smriti9/create-site,Updating DocTypes for erpnext       : [=============================           ] 72%
2026-07-09T03:15:41.256Z,smriti9/create-site,Updating DocTypes for erpnext       : [=============================           ] 72%
2026-07-09T03:15:41.256Z,smriti9/create-site,Updating DocTypes for erpnext       : [=============================           ] 72%
2026-07-09T03:15:41.256Z,smriti9/create-site,Updating DocTypes for erpnext       : [=============================           ] 72%
2026-07-09T03:15:41.256Z,smriti9/create-site,Updating DocTypes for erpnext       : [=============================           ] 73%
2026-07-09T03:15:41.256Z,smriti9/create-site,Updating DocTypes for erpnext       : [=============================           ] 73%
2026-07-09T03:15:41.256Z,smriti9/create-site,Updating DocTypes for erpnext       : [=============================           ] 73%
2026-07-09T03:15:41.256Z,smriti9/create-site,Updating DocTypes for erpnext       : [=============================           ] 73%
2026-07-09T03:15:41.256Z,smriti9/create-site,Updating DocTypes for erpnext       : [=============================           ] 73%
2026-07-09T03:15:41.256Z,smriti9/create-site,Updating DocTypes for erpnext       : [=============================           ] 73%
2026-07-09T03:15:41.256Z,smriti9/create-site,Updating DocTypes for erpnext       : [=============================           ] 73%
2026-07-09T03:15:41.256Z,smriti9/create-site,Updating DocTypes for erpnext       : [=============================           ] 73%
2026-07-09T03:15:41.256Z,smriti9/create-site,Updating DocTypes for erpnext       : [=============================           ] 73%
2026-07-09T03:15:41.256Z,smriti9/create-site,Updating DocTypes for erpnext       : [=============================           ] 74%
2026-07-09T03:15:41.256Z,smriti9/create-site,Updating DocTypes for erpnext       : [=============================           ] 74%
2026-07-09T03:15:41.256Z,smriti9/create-site,Updating DocTypes for erpnext       : [=============================           ] 74%
2026-07-09T03:15:41.256Z,smriti9/create-site,Updating DocTypes for erpnext       : [=============================           ] 74%
2026-07-09T03:15:41.256Z,smriti9/create-site,Updating DocTypes for erpnext       : [=============================           ] 74%
2026-07-09T03:15:41.256Z,smriti9/create-site,Updating DocTypes for erpnext       : [=============================           ] 74%
2026-07-09T03:15:41.256Z,smriti9/create-site,Updating DocTypes for erpnext       : [=============================           ] 74%
2026-07-09T03:15:41.256Z,smriti9/create-site,Updating DocTypes for erpnext       : [=============================           ] 74%
2026-07-09T03:15:41.256Z,smriti9/create-site,Updating DocTypes for erpnext       : [=============================           ] 74%
2026-07-09T03:15:41.256Z,smriti9/create-site,Updating DocTypes for erpnext       : [==============================          ] 75%
2026-07-09T03:15:41.256Z,smriti9/create-site,Updating DocTypes for erpnext       : [==============================          ] 75%
2026-07-09T03:15:41.256Z,smriti9/create-site,Updating DocTypes for erpnext       : [==============================          ] 75%
2026-07-09T03:15:41.256Z,smriti9/create-site,Updating DocTypes for erpnext       : [==============================          ] 75%
2026-07-09T03:15:41.256Z,smriti9/create-site,Updating DocTypes for erpnext       : [==============================          ] 75%
2026-07-09T03:15:41.256Z,smriti9/create-site,Updating DocTypes for erpnext       : [==============================          ] 75%
2026-07-09T03:15:41.256Z,smriti9/create-site,Updating DocTypes for erpnext       : [==============================          ] 75%
2026-07-09T03:15:41.256Z,smriti9/create-site,Updating DocTypes for erpnext       : [==============================          ] 75%
2026-07-09T03:15:41.256Z,smriti9/create-site,Updating DocTypes for erpnext       : [==============================          ] 75%
2026-07-09T03:15:41.256Z,smriti9/create-site,Updating DocTypes for erpnext       : [==============================          ] 76%
2026-07-09T03:15:41.256Z,smriti9/create-site,Updating DocTypes for erpnext       : [==============================          ] 76%
2026-07-09T03:15:41.256Z,smriti9/create-site,Updating DocTypes for erpnext       : [==============================          ] 76%
2026-07-09T03:15:41.256Z,smriti9/create-site,Updating DocTypes for erpnext       : [==============================          ] 76%
2026-07-09T03:15:41.256Z,smriti9/create-site,Updating DocTypes for erpnext       : [==============================          ] 76%
2026-07-09T03:15:41.256Z,smriti9/create-site,Updating DocTypes for erpnext       : [==============================          ] 76%
2026-07-09T03:15:41.256Z,smriti9/create-site,Updating DocTypes for erpnext       : [==============================          ] 76%
2026-07-09T03:15:41.256Z,smriti9/create-site,Updating DocTypes for erpnext       : [==============================          ] 76%
2026-07-09T03:15:41.256Z,smriti9/create-site,Updating DocTypes for erpnext       : [==============================          ] 76%
2026-07-09T03:15:41.256Z,smriti9/create-site,Updating DocTypes for erpnext       : [==============================          ] 77%
2026-07-09T03:15:41.256Z,smriti9/create-site,Updating DocTypes for erpnext       : [==============================          ] 77%
2026-07-09T03:15:41.256Z,smriti9/create-site,Updating DocTypes for erpnext       : [==============================          ] 77%
2026-07-09T03:15:41.256Z,smriti9/create-site,Updating DocTypes for erpnext       : [==============================          ] 77%
2026-07-09T03:15:41.256Z,smriti9/create-site,Updating DocTypes for erpnext       : [===============================         ] 77%
2026-07-09T03:15:41.256Z,smriti9/create-site,Updating DocTypes for erpnext       : [===============================         ] 77%
2026-07-09T03:15:41.256Z,smriti9/create-site,Updating DocTypes for erpnext       : [===============================         ] 77%
2026-07-09T03:15:41.256Z,smriti9/create-site,Updating DocTypes for erpnext       : [===============================         ] 77%
2026-07-09T03:15:41.256Z,smriti9/create-site,Updating DocTypes for erpnext       : [===============================         ] 77%
2026-07-09T03:15:41.256Z,smriti9/create-site,Updating DocTypes for erpnext       : [===============================         ] 78%
2026-07-09T03:15:41.256Z,smriti9/create-site,Updating DocTypes for erpnext       : [===============================         ] 78%
2026-07-09T03:15:41.256Z,smriti9/create-site,Updating DocTypes for erpnext       : [===============================         ] 78%
2026-07-09T03:15:41.256Z,smriti9/create-site,Updating DocTypes for erpnext       : [===============================         ] 78%
2026-07-09T03:15:41.256Z,smriti9/create-site,Updating DocTypes for erpnext       : [===============================         ] 78%
2026-07-09T03:15:41.256Z,smriti9/create-site,Updating DocTypes for erpnext       : [===============================         ] 78%
2026-07-09T03:15:41.256Z,smriti9/create-site,Updating DocTypes for erpnext       : [===============================         ] 78%
2026-07-09T03:15:41.256Z,smriti9/create-site,Updating DocTypes for erpnext       : [===============================         ] 78%
2026-07-09T03:15:41.256Z,smriti9/create-site,Updating DocTypes for erpnext       : [===============================         ] 78%
2026-07-09T03:15:41.256Z,smriti9/create-site,Updating DocTypes for erpnext       : [===============================         ] 79%
2026-07-09T03:15:41.256Z,smriti9/create-site,Updating DocTypes for erpnext       : [===============================         ] 79%
2026-07-09T03:15:41.256Z,smriti9/create-site,Updating DocTypes for erpnext       : [===============================         ] 79%
2026-07-09T03:15:41.256Z,smriti9/create-site,Updating DocTypes for erpnext       : [===============================         ] 79%
2026-07-09T03:15:41.256Z,smriti9/create-site,Updating DocTypes for erpnext       : [===============================         ] 79%
2026-07-09T03:15:41.256Z,smriti9/create-site,Updating DocTypes for erpnext       : [===============================         ] 79%
2026-07-09T03:15:41.256Z,smriti9/create-site,Updating DocTypes for erpnext       : [===============================         ] 79%
2026-07-09T03:15:41.256Z,smriti9/create-site,Updating DocTypes for erpnext       : [===============================         ] 79%
2026-07-09T03:15:41.256Z,smriti9/create-site,Updating DocTypes for erpnext       : [================================        ] 80%
2026-07-09T03:15:41.256Z,smriti9/create-site,Updating DocTypes for erpnext       : [================================        ] 80%
2026-07-09T03:15:41.256Z,smriti9/create-site,Updating DocTypes for erpnext       : [================================        ] 80%
2026-07-09T03:15:41.256Z,smriti9/create-site,Updating DocTypes for erpnext       : [================================        ] 80%
2026-07-09T03:15:41.256Z,smriti9/create-site,Updating DocTypes for erpnext       : [================================        ] 80%
2026-07-09T03:15:41.256Z,smriti9/create-site,Updating DocTypes for erpnext       : [================================        ] 80%
2026-07-09T03:15:41.256Z,smriti9/create-site,Updating DocTypes for erpnext       : [================================        ] 80%
2026-07-09T03:15:41.256Z,smriti9/create-site,Updating DocTypes for erpnext       : [================================        ] 80%
2026-07-09T03:15:41.256Z,smriti9/create-site,Updating DocTypes for erpnext       : [================================        ] 80%
2026-07-09T03:15:41.256Z,smriti9/create-site,Updating DocTypes for erpnext       : [================================        ] 81%
2026-07-09T03:15:41.256Z,smriti9/create-site,Updating DocTypes for erpnext       : [================================        ] 81%
2026-07-09T03:15:41.256Z,smriti9/create-site,Updating DocTypes for erpnext       : [================================        ] 81%
2026-07-09T03:15:41.256Z,smriti9/create-site,Updating DocTypes for erpnext       : [================================        ] 81%
2026-07-09T03:15:41.256Z,smriti9/create-site,Updating DocTypes for erpnext       : [================================        ] 81%
2026-07-09T03:15:41.256Z,smriti9/create-site,Updating DocTypes for erpnext       : [================================        ] 81%
2026-07-09T03:15:41.256Z,smriti9/create-site,Updating DocTypes for erpnext       : [================================        ] 81%
2026-07-09T03:15:41.256Z,smriti9/create-site,Updating DocTypes for erpnext       : [================================        ] 81%
2026-07-09T03:15:41.256Z,smriti9/create-site,Updating DocTypes for erpnext       : [================================        ] 81%
2026-07-09T03:15:41.256Z,smriti9/create-site,Updating DocTypes for erpnext       : [================================        ] 82%
2026-07-09T03:15:41.256Z,smriti9/create-site,Updating DocTypes for erpnext       : [================================        ] 82%
2026-07-09T03:15:41.256Z,smriti9/create-site,Updating DocTypes for erpnext       : [================================        ] 82%
2026-07-09T03:15:41.256Z,smriti9/create-site,Updating DocTypes for erpnext       : [================================        ] 82%
2026-07-09T03:15:41.256Z,smriti9/create-site,Updating DocTypes for erpnext       : [================================        ] 82%
2026-07-09T03:15:41.256Z,smriti9/create-site,Updating DocTypes for erpnext       : [=================================       ] 82%
2026-07-09T03:15:41.256Z,smriti9/create-site,Updating DocTypes for erpnext       : [=================================       ] 82%
2026-07-09T03:15:41.256Z,smriti9/create-site,Updating DocTypes for erpnext       : [=================================       ] 82%
2026-07-09T03:15:41.256Z,smriti9/create-site,Updating DocTypes for erpnext       : [=================================       ] 82%
2026-07-09T03:15:41.256Z,smriti9/create-site,Updating DocTypes for erpnext       : [=================================       ] 83%
2026-07-09T03:15:41.256Z,smriti9/create-site,Updating DocTypes for erpnext       : [=================================       ] 83%
2026-07-09T03:15:41.256Z,smriti9/create-site,Updating DocTypes for erpnext       : [=================================       ] 83%
2026-07-09T03:15:41.256Z,smriti9/create-site,Updating DocTypes for erpnext       : [=================================       ] 83%
2026-07-09T03:15:41.256Z,smriti9/create-site,Updating DocTypes for erpnext       : [=================================       ] 83%
2026-07-09T03:15:41.256Z,smriti9/create-site,Updating DocTypes for erpnext       : [=================================       ] 83%
2026-07-09T03:15:41.256Z,smriti9/create-site,Updating DocTypes for erpnext       : [=================================       ] 83%
2026-07-09T03:15:41.256Z,smriti9/create-site,Updating DocTypes for erpnext       : [=================================       ] 83%
2026-07-09T03:15:41.256Z,smriti9/create-site,Updating DocTypes for erpnext       : [=================================       ] 83%
2026-07-09T03:15:41.256Z,smriti9/create-site,Updating DocTypes for erpnext       : [=================================       ] 84%
2026-07-09T03:15:41.256Z,smriti9/create-site,Updating DocTypes for erpnext       : [=================================       ] 84%
2026-07-09T03:15:41.256Z,smriti9/create-site,Updating DocTypes for erpnext       : [=================================       ] 84%
2026-07-09T03:15:41.256Z,smriti9/create-site,Updating DocTypes for erpnext       : [=================================       ] 84%
2026-07-09T03:15:41.256Z,smriti9/create-site,Updating DocTypes for erpnext       : [=================================       ] 84%
2026-07-09T03:15:41.256Z,smriti9/create-site,Updating DocTypes for erpnext       : [=================================       ] 84%
2026-07-09T03:15:41.256Z,smriti9/create-site,Updating DocTypes for erpnext       : [=================================       ] 84%
2026-07-09T03:15:41.256Z,smriti9/create-site,Updating DocTypes for erpnext       : [=================================       ] 84%
2026-07-09T03:15:41.256Z,smriti9/create-site,Updating DocTypes for erpnext       : [=================================       ] 84%
2026-07-09T03:15:41.256Z,smriti9/create-site,Updating DocTypes for erpnext       : [==================================      ] 85%
2026-07-09T03:15:41.256Z,smriti9/create-site,Updating DocTypes for erpnext       : [==================================      ] 85%
2026-07-09T03:15:41.256Z,smriti9/create-site,Updating DocTypes for erpnext       : [==================================      ] 85%
2026-07-09T03:15:41.256Z,smriti9/create-site,Updating DocTypes for erpnext       : [==================================      ] 85%
2026-07-09T03:15:41.256Z,smriti9/create-site,Updating DocTypes for erpnext       : [==================================      ] 85%
2026-07-09T03:15:41.256Z,smriti9/create-site,Updating DocTypes for erpnext       : [==================================      ] 85%
2026-07-09T03:15:41.256Z,smriti9/create-site,Updating DocTypes for erpnext       : [==================================      ] 85%
2026-07-09T03:15:41.256Z,smriti9/create-site,Updating DocTypes for erpnext       : [==================================      ] 85%
2026-07-09T03:15:41.256Z,smriti9/create-site,Updating DocTypes for erpnext       : [==================================      ] 85%
2026-07-09T03:15:41.256Z,smriti9/create-site,Updating DocTypes for erpnext       : [==================================      ] 86%
2026-07-09T03:15:41.256Z,smriti9/create-site,Updating DocTypes for erpnext       : [==================================      ] 86%
2026-07-09T03:15:41.256Z,smriti9/create-site,Updating DocTypes for erpnext       : [==================================      ] 86%
2026-07-09T03:15:41.256Z,smriti9/create-site,Updating DocTypes for erpnext       : [==================================      ] 86%
2026-07-09T03:15:41.256Z,smriti9/create-site,Updating DocTypes for erpnext       : [==================================      ] 86%
2026-07-09T03:15:41.256Z,smriti9/create-site,Updating DocTypes for erpnext       : [==================================      ] 86%
2026-07-09T03:15:41.256Z,smriti9/create-site,Updating DocTypes for erpnext       : [==================================      ] 86%
2026-07-09T03:15:41.256Z,smriti9/create-site,Upd2026-07-09T03:15:41.256478288Z ating DocTypes for erpnext       : [==================================      ] 86%
2026-07-09T03:15:41.256Z,smriti9/create-site,Updating DocTypes for erpnext       : [==================================      ] 86%
2026-07-09T03:15:41.256Z,smriti9/create-site,Updating DocTypes for erpnext       : [==================================      ] 87%
2026-07-09T03:15:41.256Z,smriti9/create-site,Updating DocTypes for erpnext       : [==================================      ] 87%
2026-07-09T03:15:41.256Z,smriti9/create-site,Updating DocTypes for erpnext       : [==================================      ] 87%
2026-07-09T03:15:41.256Z,smriti9/create-site,Updating DocTypes for erpnext       : [==================================      ] 87%
2026-07-09T03:15:41.256Z,smriti9/create-site,Updating DocTypes for erpnext       : [===================================     ] 87%
2026-07-09T03:15:41.256Z,smriti9/create-site,Updating DocTypes for erpnext       : [===================================     ] 87%
2026-07-09T03:15:41.256Z,smriti9/create-site,Updating DocTypes for erpnext       : [===================================     ] 87%
2026-07-09T03:15:41.256Z,smriti9/create-site,Updating DocTypes for erpnext       : [===================================     ] 87%
2026-07-09T03:15:41.256Z,smriti9/create-site,Updating DocTypes for erpnext       : [===================================     ] 87%
2026-07-09T03:15:41.256Z,smriti9/create-site,Updating DocTypes for erpnext       : [===================================     ] 88%
2026-07-09T03:15:41.256Z,smriti9/create-site,Updating DocTypes for erpnext       : [===================================     ] 88%
2026-07-09T03:15:41.256Z,smriti9/create-site,Updating DocTypes for erpnext       : [===================================     ] 88%
2026-07-09T03:15:41.256Z,smriti9/create-site,Updating DocTypes for erpnext       : [===================================     ] 88%
2026-07-09T03:15:41.256Z,smriti9/create-site,Updating DocTypes for erpnext       : [===================================     ] 88%
2026-07-09T03:15:41.256Z,smriti9/create-site,Updating DocTypes for erpnext       : [===================================     ] 88%
2026-07-09T03:15:41.256Z,smriti9/create-site,Updating DocTypes for erpnext       : [===================================     ] 88%
2026-07-09T03:15:41.256Z,smriti9/create-site,Updating DocTypes for erpnext       : [===================================     ] 88%
2026-07-09T03:15:41.256Z,smriti9/create-site,Updating DocTypes for erpnext       : [===================================     ] 88%
2026-07-09T03:15:41.256Z,smriti9/create-site,Updating DocTypes for erpnext       : [===================================     ] 89%
2026-07-09T03:15:41.256Z,smriti9/create-site,Updating DocTypes for erpnext       : [===================================     ] 89%
2026-07-09T03:15:41.256Z,smriti9/create-site,Updating DocTypes for erpnext       : [===================================     ] 89%
2026-07-09T03:15:41.256Z,smriti9/create-site,Updating DocTypes for erpnext       : [===================================     ] 89%
2026-07-09T03:15:41.256Z,smriti9/create-site,Updating DocTypes for erpnext       : [===================================     ] 89%
2026-07-09T03:15:41.256Z,smriti9/create-site,Updating DocTypes for erpnext       : [===================================     ] 89%
2026-07-09T03:15:41.256Z,smriti9/create-site,Updating DocTypes for erpnext       : [===================================     ] 89%
2026-07-09T03:15:41.256Z,smriti9/create-site,Updating DocTypes for erpnext       : [===================================     ] 89%
2026-07-09T03:15:41.256Z,smriti9/create-site,Updating DocTypes for erpnext       : [====================================    ] 90%
2026-07-09T03:15:41.256Z,smriti9/create-site,Updating DocTypes for erpnext       : [====================================    ] 90%
2026-07-09T03:15:41.256Z,smriti9/create-site,Updating DocTypes for erpnext       : [====================================    ] 90%
2026-07-09T03:15:41.256Z,smriti9/create-site,Updating DocTypes for erpnext       : [====================================    ] 90%
2026-07-09T03:15:41.256Z,smriti9/create-site,Updating DocTypes for erpnext       : [====================================    ] 90%
2026-07-09T03:15:41.256Z,smriti9/create-site,Updating DocTypes for erpnext       : [====================================    ] 90%
2026-07-09T03:15:41.256Z,smriti9/create-site,Updating DocTypes for erpnext       : [====================================    ] 90%
2026-07-09T03:15:41.256Z,smriti9/create-site,Updating DocTypes for erpnext       : [====================================    ] 90%
2026-07-09T03:15:41.256Z,smriti9/create-site,Updating DocTypes for erpnext       : [====================================    ] 90%
2026-07-09T03:15:41.256Z,smriti9/create-site,Updating DocTypes for erpnext       : [====================================    ] 91%
2026-07-09T03:15:41.256Z,smriti9/create-site,Updating DocTypes for erpnext       : [====================================    ] 91%
2026-07-09T03:15:41.256Z,smriti9/create-site,Updating DocTypes for erpnext       : [====================================    ] 91%
2026-07-09T03:15:41.256Z,smriti9/create-site,Updating DocTypes for erpnext       : [====================================    ] 91%
2026-07-09T03:15:41.256Z,smriti9/create-site,Updating DocTypes for erpnext       : [====================================    ] 91%
2026-07-09T03:15:41.256Z,smriti9/create-site,Updating DocTypes for erpnext       : [====================================    ] 91%
2026-07-09T03:15:41.256Z,smriti9/create-site,Updating DocTypes for erpnext       : [====================================    ] 91%
2026-07-09T03:15:41.256Z,smriti9/create-site,Updating DocTypes for erpnext       : [====================================    ] 91%
2026-07-09T03:15:41.256Z,smriti9/create-site,Updating DocTypes for erpnext       : [====================================    ] 91%
2026-07-09T03:15:41.256Z,smriti9/create-site,Updating DocTypes for erpnext       : [====================================    ] 92%
2026-07-09T03:15:41.256Z,smriti9/create-site,Updating DocTypes for erpnext       : [====================================    ] 92%
2026-07-09T03:15:41.256Z,smriti9/create-site,Updating DocTypes for erpnext       : [====================================    ] 92%
2026-07-09T03:15:41.256Z,smriti9/create-site,Updating DocTypes for erpnext       : [====================================    ] 92%
2026-07-09T03:15:41.256Z,smriti9/create-site,Updating DocTypes for erpnext       : [====================================    ] 92%
2026-07-09T03:15:41.256Z,smriti9/create-site,Updating DocTypes for erpnext       : [=====================================   ] 92%
2026-07-09T03:15:41.256Z,smriti9/create-site,Updating DocTypes for erpnext       : [=====================================   ] 92%
2026-07-09T03:15:41.256Z,smriti9/create-site,Updating DocTypes for erpnext       : [=====================================   ] 92%
2026-07-09T03:15:41.256Z,smriti9/create-site,Updating DocTypes for erpnext       : [=====================================   ] 92%
2026-07-09T03:15:41.256Z,smriti9/create-site,Updating DocTypes for erpnext       : [=====================================   ] 93%
2026-07-09T03:15:41.256Z,smriti9/create-site,Updating DocTypes for erpnext       : [=====================================   ] 93%
2026-07-09T03:15:41.256Z,smriti9/create-site,Updating DocTypes for erpnext       : [=====================================   ] 93%
2026-07-09T03:15:41.256Z,smriti9/create-site,Updating DocTypes for erpnext       : [=====================================   ] 93%
2026-07-09T03:15:41.256Z,smriti9/create-site,Updating DocTypes for erpnext       : [=====================================   ] 93%
2026-07-09T03:15:41.256Z,smriti9/create-site,Updating DocTypes for erpnext       : [=====================================   ] 93%
2026-07-09T03:15:41.256Z,smriti9/create-site,Updating DocTypes for erpnext       : [=====================================   ] 93%
2026-07-09T03:15:41.256Z,smriti9/create-site,Updating DocTypes for erpnext       : [=====================================   ] 93%
2026-07-09T03:15:41.256Z,smriti9/create-site,Updating DocTypes for erpnext       : [=====================================   ] 93%
2026-07-09T03:15:41.256Z,smriti9/create-site,Updating DocTypes for erpnext       : [=====================================   ] 94%
2026-07-09T03:15:41.256Z,smriti9/create-site,Updating DocTypes for erpnext       : [=====================================   ] 94%
2026-07-09T03:15:41.256Z,smriti9/create-site,Updating DocTypes for erpnext       : [=====================================   ] 94%
2026-07-09T03:15:41.256Z,smriti9/create-site,Updating DocTypes for erpnext       : [=====================================   ] 94%
2026-07-09T03:15:41.256Z,smriti9/create-site,Updating DocTypes for erpnext       : [=====================================   ] 94%
2026-07-09T03:15:41.256Z,smriti9/create-site,Updating DocTypes for erpnext       : [=====================================   ] 94%
2026-07-09T03:15:41.256Z,smriti9/create-site,Updating DocTypes for erpnext       : [=====================================   ] 94%
2026-07-09T03:15:41.256Z,smriti9/create-site,Updating DocTypes for erpnext       : [=====================================   ] 94%
2026-07-09T03:15:41.256Z,smriti9/create-site,Updating DocTypes for erpnext       : [=====================================   ] 94%
2026-07-09T03:15:41.256Z,smriti9/create-site,Updating DocTypes for erpnext       : [======================================  ] 95%
2026-07-09T03:15:41.256Z,smriti9/create-site,Updating DocTypes for erpnext       : [======================================  ] 95%
2026-07-09T03:15:41.256Z,smriti9/create-site,Updating DocTypes for erpnext       : [======================================  ] 95%
2026-07-09T03:15:41.256Z,smriti9/create-site,Updating DocTypes for erpnext       : [======================================  ] 95%
2026-07-09T03:15:41.256Z,smriti9/create-site,Updating DocTypes for erpnext       : [======================================  ] 95%
2026-07-09T03:15:41.256Z,smriti9/create-site,Updating DocTypes for erpnext       : [======================================  ] 95%
2026-07-09T03:15:41.256Z,smriti9/create-site,Updating DocTypes for erpnext       : [======================================  ] 95%
2026-07-09T03:15:41.256Z,smriti9/create-site,Updating DocTypes for erpnext       : [======================================  ] 95%
2026-07-09T03:15:41.256Z,smriti9/create-site,Updating DocTypes for erpnext       : [======================================  ] 95%
2026-07-09T03:15:41.256Z,smriti9/create-site,Updating DocTypes for erpnext       : [======================================  ] 96%
2026-07-09T03:15:41.256Z,smriti9/create-site,Updating DocTypes for erpnext       : [======================================  ] 96%
2026-07-09T03:15:41.256Z,smriti9/create-site,Updating DocTypes for erpnext       : [======================================  ] 96%
2026-07-09T03:15:41.256Z,smriti9/create-site,Updating DocTypes for erpnext       : [======================================  ] 96%
2026-07-09T03:15:41.256Z,smriti9/create-site,Updating DocTypes for erpnext       : [======================================  ] 96%
2026-07-09T03:15:41.256Z,smriti9/create-site,Updating DocTypes for erpnext       : [======================================  ] 96%
2026-07-09T03:15:41.256Z,smriti9/create-site,Updating DocTypes for erpnext       : [======================================  ] 96%
2026-07-09T03:15:41.256Z,smriti9/create-site,Updating DocTypes for erpnext       : [======================================  ] 96%
2026-07-09T03:15:41.256Z,smriti9/create-site,Updating DocTypes for erpnext       : [======================================  ] 96%
2026-07-09T03:15:41.256Z,smriti9/create-site,Updating DocTypes for erpnext       : [======================================  ] 97%
2026-07-09T03:15:41.256Z,smriti9/create-site,Updating DocTypes for erpnext       : [======================================  ] 97%
2026-07-09T03:15:41.256Z,smriti9/create-site,Updating DocTypes for erpnext       : [======================================  ] 97%
2026-07-09T03:15:41.256Z,smriti9/create-site,Updating DocTypes for erpnext       : [======================================  ] 97%
2026-07-09T03:15:41.256Z,smriti9/create-site,Updating DocTypes for erpnext       : [======================================= ] 97%
2026-07-09T03:15:41.256Z,smriti9/create-site,Updating DocTypes for erpnext       : [======================================= ] 97%
2026-07-09T03:15:41.256Z,smriti9/create-site,Updating DocTypes for erpnext       : [======================================= ] 97%
2026-07-09T03:15:41.256Z,smriti9/create-site,Updating DocTypes for erpnext       : [======================================= ] 97%
2026-07-09T03:15:41.256Z,smriti9/create-site,Updating DocTypes for erpnext       : [======================================= ] 97%
2026-07-09T03:15:41.256Z,smriti9/create-site,Updating DocTypes for erpnext       : [======================================= ] 98%
2026-07-09T03:15:41.256Z,smriti9/create-site,Updating DocTypes for erpnext       : [======================================= ] 98%
2026-07-09T03:15:41.256Z,smriti9/create-site,Updating DocTypes for erpnext       : [======================================= ] 98%
2026-07-09T03:15:41.256Z,smriti9/create-site,Updating DocTypes for erpnext       : [======================================= ] 98%
2026-07-09T03:15:41.256Z,smriti9/create-site,Updating DocTypes for erpnext       : [======================================= ] 98%
2026-07-09T03:15:41.256Z,smriti9/create-site,Updating DocTypes for erpnext       : [======================================= ] 98%
2026-07-09T03:15:41.256Z,smriti9/create-site,Updating DocTypes for erpnext       : [======================================= ] 98%
2026-07-09T03:15:41.256Z,smriti9/create-site,Updating DocTypes for erpnext       : [======================================= ] 98%
2026-07-09T03:15:41.256Z,smriti9/create-site,Updating DocTypes for erpnext       : [======================================= ] 98%
2026-07-09T03:15:41.256Z,smriti9/create-site,Updating DocTypes for erpnext       : [======================================= ] 99%
2026-07-09T03:15:41.256Z,smriti9/create-site,Updating DocTypes for erpnext       : [======================================= ] 99%
2026-07-09T03:15:41.256Z,smriti9/create-site,Updating DocTypes for erpnext       : [======================================= ] 99%
2026-07-09T03:15:41.256Z,smriti9/create-site,Updating DocTypes for erpnext       : [======================================= ] 99%
2026-07-09T03:15:41.256Z,smriti9/create-site,Updating DocTypes for erpnext       : [======================================= ] 99%
2026-07-09T03:15:41.256Z,smriti9/create-site,Updating DocTypes for erpnext       : [======================================= ] 99%
2026-07-09T03:15:41.256Z,smriti9/create-site,Updating DocTypes for erpnext       : [======================================= ] 99%
2026-07-09T03:15:41.256Z,smriti9/create-site,Updating DocTypes for erpnext       : [======================================= ] 99%
2026-07-09T03:15:41.256Z,smriti9/create-site,Updating DocTypes for erpnext       : [========================================] 100%
2026-07-09T03:15:45.272Z,smriti9/create-site,
2026-07-09T03:15:45.272Z,smriti9/create-site,Updating DocTypes for india_compliance: [                                        ] 1%
2026-07-09T03:15:45.272Z,smriti9/create-site,Updating DocTypes for india_compliance: [=                                       ] 3%
2026-07-09T03:15:45.272Z,smriti9/create-site,Updating DocTypes for india_compliance: [==                                      ] 5%
2026-07-09T03:15:45.272Z,smriti9/create-site,Updating DocTypes for india_compliance: [==                                      ] 6%
2026-07-09T03:15:45.272Z,smriti9/create-site,Updating DocTypes for india_compliance: [===                                     ] 8%
2026-07-09T03:15:45.272Z,smriti9/create-site,Updating DocTypes for india_compliance: [====                                    ] 10%
2026-07-09T03:15:45.272Z,smriti9/create-site,Updating DocTypes for india_compliance: [====                                    ] 11%
2026-07-09T03:15:45.272Z,smriti9/create-site,Updating DocTypes for india_compliance: [=====                                   ] 13%
2026-07-09T03:15:45.272Z,smriti9/create-site,Updating DocTypes for india_compliance: [======                                  ] 15%
2026-07-09T03:15:45.272Z,smriti9/create-site,Updating DocTypes for india_compliance: [======                                  ] 16%
2026-07-09T03:15:45.272Z,smriti9/create-site,Updating DocTypes for india_compliance: [=======                                 ] 18%
2026-07-09T03:15:45.272Z,smriti9/create-site,Updating DocTypes for india_compliance: [========                                ] 20%
2026-07-09T03:15:45.272Z,smriti9/create-site,Updating DocTypes for india_compliance: [========                                ] 21%
2026-07-09T03:15:45.272Z,smriti9/create-site,Updating DocTypes for india_compliance: [=========                               ] 23%
2026-07-09T03:15:45.272Z,smriti9/create-site,Updating DocTypes for india_compliance: [==========                              ] 25%
2026-07-09T03:15:45.272Z,smriti9/create-site,Updating DocTypes for india_compliance: [==========                              ] 26%
2026-07-09T03:15:45.272Z,smriti9/create-site,Updating DocTypes for india_compliance: [===========                             ] 28%
2026-07-09T03:15:45.272Z,smriti9/create-site,Updating DocTypes for india_compliance: [============                            ] 30%
2026-07-09T03:15:45.272Z,smriti9/create-site,Updating DocTypes for india_compliance: [============                            ] 31%
2026-07-09T03:15:45.272Z,smriti9/create-site,Updating DocTypes for india_compliance: [=============                           ] 33%
2026-07-09T03:15:45.272Z,smriti9/create-site,Updating DocTypes for india_compliance: [==============                          ] 35%
2026-07-09T03:15:45.272Z,smriti9/create-site,Updating DocTypes for india_compliance: [==============                          ] 36%
2026-07-09T03:15:45.272Z,smriti9/create-site,Updating DocTypes for india_compliance: [===============                         ] 38%
2026-07-09T03:15:45.272Z,smriti9/create-site,Updating DocTypes for india_compliance: [================                        ] 40%
2026-07-09T03:15:45.272Z,smriti9/create-site,Updating DocTypes for india_compliance: [================                        ] 41%
2026-07-09T03:15:45.272Z,smriti9/create-site,Updating DocTypes for india_compliance: [=================                       ] 43%
2026-07-09T03:15:45.272Z,smriti9/create-site,Updating DocTypes for india_compliance: [==================                      ] 45%
2026-07-09T03:15:45.272Z,smriti9/create-site,Updating DocTypes for india_compliance: [==================                      ] 46%
2026-07-09T03:15:45.272Z,smriti9/create-site,Updating DocTypes for india_compliance: [===================                     ] 48%
2026-07-09T03:15:45.272Z,smriti9/create-site,Updating DocTypes for india_compliance: [====================                    ] 50%
2026-07-09T03:15:45.272Z,smriti9/create-site,Updating DocTypes for india_compliance: [====================                    ] 51%
2026-07-09T03:15:45.272Z,smriti9/create-site,Updating DocTypes for india_compliance: [=====================                   ] 53%
2026-07-09T03:15:45.272Z,smriti9/create-site,Updating DocTypes for india_compliance: [======================                  ] 55%
2026-07-09T03:15:45.272Z,smriti9/create-site,Updating DocTypes for india_compliance: [======================                  ] 56%
2026-07-09T03:15:45.272Z,smriti9/create-site,Updating DocTypes for india_compliance: [=======================                 ] 58%
2026-07-09T03:15:45.272Z,smriti9/create-site,Updating DocTypes for india_compliance: [========================                ] 60%
2026-07-09T03:15:45.272Z,smriti9/create-site,Updating DocTypes for india_compliance: [========================                ] 61%
2026-07-09T03:15:45.272Z,smriti9/create-site,Updating DocTypes for india_compliance: [=========================               ] 63%
2026-07-09T03:15:45.272Z,smriti9/create-site,Updating DocTypes for india_compliance: [==========================              ] 65%
2026-07-09T03:15:45.272Z,smriti9/create-site,Updating DocTypes for india_compliance: [==========================              ] 66%
2026-07-09T03:15:45.272Z,smriti9/create-site,Updating DocTypes for india_compliance: [===========================             ] 68%
2026-07-09T03:15:45.272Z,smriti9/create-site,Updating DocTypes for india_compliance: [============================            ] 70%
2026-07-09T03:15:45.272Z,smriti9/create-site,Updating DocTypes for india_compliance: [============================            ] 71%
2026-07-09T03:15:45.272Z,smriti9/create-site,Updating DocTypes for india_compliance: [=============================           ] 73%
2026-07-09T03:15:45.272Z,smriti9/create-site,Updating DocTypes for india_compliance: [==============================          ] 75%
2026-07-09T03:15:45.272Z,smriti9/create-site,Updating DocTypes for india_compliance: [==============================          ] 76%
2026-07-09T03:15:45.272Z,smriti9/create-site,Updating DocTypes for india_compliance: [===============================         ] 78%
2026-07-09T03:15:45.272Z,smriti9/create-site,Updating DocTypes for india_compliance: [================================        ] 80%
2026-07-09T03:15:45.272Z,smriti9/create-site,Updating DocTypes for india_compliance: [================================        ] 81%
2026-07-09T03:15:45.272Z,smriti9/create-site,Updating DocTypes for india_compliance: [=================================       ] 83%
2026-07-09T03:15:45.272Z,smriti9/create-site,Updating DocTypes for india_compliance: [==================================      ] 85%
2026-07-09T03:15:45.272Z,smriti9/create-site,Updating DocTypes for india_compliance: [==================================      ] 86%
2026-07-09T03:15:45.272Z,smriti9/create-site,Updating DocTypes for india_compliance: [===================================     ] 88%
2026-07-09T03:15:45.272Z,smriti9/create-site,Updating DocTypes for india_compliance: [====================================    ] 90%
2026-07-09T03:15:45.272Z,smriti9/create-site,Updating DocTypes for india_compliance: [====================================    ] 91%
2026-07-09T03:15:45.272Z,smriti9/create-site,Updating DocTypes for india_compliance: [=====================================   ] 93%
2026-07-09T03:15:45.272Z,smriti9/create-site,Updating DocTypes for india_compliance: [======================================  ] 95%
2026-07-09T03:15:45.272Z,smriti9/create-site,Updating DocTypes for india_compliance: [======================================  ] 96%
2026-07-09T03:15:45.272Z,smriti9/create-site,Updating DocTypes for india_compliance: [======================================= ] 98%
2026-07-09T03:15:45.272Z,smriti9/create-site,Updating DocTypes for india_compliance: [========================================] 100%
2026-07-09T03:16:21.765Z,smriti9/create-site,
2026-07-09T03:16:21.765Z,smriti9/create-site,Updating DocTypes for smriti_retail_os: [                                        ] 0%
2026-07-09T03:16:21.765Z,smriti9/create-site,Updating DocTypes for smriti_retail_os: [                                        ] 1%
2026-07-09T03:16:21.765Z,smriti9/create-site,Updating DocTypes for smriti_retail_os: [                                        ] 2%
2026-07-09T03:16:21.765Z,smriti9/create-site,Updating DocTypes for smriti_retail_os: [=                                       ] 2%
2026-07-09T03:16:21.765Z,smriti9/create-site,Updating DocTypes for smriti_retail_os: [=                                       ] 3%
2026-07-09T03:16:21.765Z,smriti9/create-site,Updating DocTypes for smriti_retail_os: [=                                       ] 4%
2026-07-09T03:16:21.765Z,smriti9/create-site,Updating DocTypes for smriti_retail_os: [==                                      ] 5%
2026-07-09T03:16:21.765Z,smriti9/create-site,Updating DocTypes for smriti_retail_os: [==                                      ] 5%
2026-07-09T03:16:21.765Z,smriti9/create-site,Updating DocTypes for smriti_retail_os: [==                                      ] 6%
2026-07-09T03:16:21.765Z,smriti9/create-site,Updating DocTypes for smriti_retail_os: [==                                      ] 7%
2026-07-09T03:16:21.765Z,smriti9/create-site,Updating DocTypes for smriti_retail_os: [===                                     ] 8%
2026-07-09T03:16:21.765Z,smriti9/create-site,Updating DocTypes for smriti_retail_os: [===                                     ] 8%
2026-07-09T03:16:21.765Z,smriti9/create-site,Updating DocTypes for smriti_retail_os: [===                                     ] 9%
2026-07-09T03:16:21.765Z,smriti9/create-site,Updating DocTypes for smriti_retail_os: [====                                    ] 10%
2026-07-09T03:16:21.765Z,smriti9/create-site,Updating DocTypes for smriti_retail_os: [====                                    ] 11%
2026-07-09T03:16:21.765Z,smriti9/create-site,Updating DocTypes for smriti_retail_os: [====                                    ] 11%
2026-07-09T03:16:21.765Z,smriti9/create-site,Updating DocTypes for smriti_retail_os: [=====                                   ] 12%
2026-07-09T03:16:21.765Z,smriti9/create-site,Updating DocTypes for smriti_retail_os: [=====                                   ] 13%
2026-07-09T03:16:21.765Z,smriti9/create-site,Updating DocTypes for smriti_retail_os: [=====                                   ] 13%
2026-07-09T03:16:21.765Z,smriti9/create-site,Updating DocTypes for smriti_retail_os: [=====                                   ] 14%
2026-07-09T03:16:21.765Z,smriti9/create-site,Updating DocTypes for smriti_retail_os: [======                                  ] 15%
2026-07-09T03:16:21.765Z,smriti9/create-site,Updating DocTypes for smriti_retail_os: [======                                  ] 16%
2026-07-09T03:16:21.765Z,smriti9/create-site,Updating DocTypes for smriti_retail_os: [======                                  ] 16%
2026-07-09T03:16:21.765Z,smriti9/create-site,Updating DocTypes for smriti_retail_os: [=======                                 ] 17%
2026-07-09T03:16:21.765Z,smriti9/create-site,Updating DocTypes for smriti_retail_os: [=======                                 ] 18%
2026-07-09T03:16:21.765Z,smriti9/create-site,Updating DocTypes for smriti_retail_os: [=======                                 ] 19%
2026-07-09T03:16:21.765Z,smriti9/create-site,Updating DocTypes for smriti_retail_os: [=======                                 ] 19%
2026-07-09T03:16:21.765Z,smriti9/create-site,Updating DocTypes for smriti_retail_os: [========                                ] 20%
2026-07-09T03:16:21.765Z,smriti9/create-site,Updating DocTypes for smriti_retail_os: [========                                ] 21%
2026-07-09T03:16:21.765Z,smriti9/create-site,Updating DocTypes for smriti_retail_os: [========                                ] 22%
2026-07-09T03:16:21.765Z,smriti9/create-site,Updating DocTypes for smriti_retail_os: [=========                               ] 22%
2026-07-09T03:16:21.765Z,smriti9/create-site,Updating DocTypes for smriti_retail_os: [=========                               ] 23%
2026-07-09T03:16:21.765Z,smriti9/create-site,Updating DocTypes for smriti_retail_os: [=========                               ] 24%
2026-07-09T03:16:21.765Z,smriti9/create-site,Updating DocTypes for smriti_retail_os: [==========                              ] 25%
2026-07-09T03:16:21.765Z,smriti9/create-site,Updating DocTypes for smriti_retail_os: [==========                              ] 25%
2026-07-09T03:16:21.765Z,smriti9/create-site,Updating DocTypes for smriti_retail_os: [==========                              ] 26%
2026-07-09T03:16:21.765Z,smriti9/create-site,Updating DocTypes for smriti_retail_os: [==========                              ] 27%
2026-07-09T03:16:21.765Z,smriti9/create-site,Updating DocTypes for smriti_retail_os: [===========                             ] 27%
2026-07-09T03:16:21.765Z,smriti9/create-site,Updating DocTypes for smriti_retail_os: [===========                             ] 28%
2026-07-09T03:16:21.765Z,smriti9/create-site,Updating DocTypes for smriti_retail_os: [===========                             ] 29%
2026-07-09T03:16:21.765Z,smriti9/create-site,Updating DocTypes for smriti_retail_os: [============                            ] 30%
2026-07-09T03:16:21.765Z,smriti9/create-site,Updating DocTypes for smriti_retail_os: [============                            ] 30%
2026-07-09T03:16:21.765Z,smriti9/create-site,Updating DocTypes for smriti_retail_os: [============                            ] 31%
2026-07-09T03:16:21.765Z,smriti9/create-site,Updating DocTypes for smriti_retail_os: [============                            ] 32%
2026-07-09T03:16:21.765Z,smriti9/create-site,Updating DocTypes for smriti_retail_os: [=============                           ] 33%
2026-07-09T03:16:21.765Z,smriti9/create-site,Updating DocTypes for smriti_retail_os: [=============                           ] 33%
2026-07-09T03:16:21.765Z,smriti9/create-site,Updating DocTypes for smriti_retail_os: [=============                           ] 34%
2026-07-09T03:16:21.765Z,smriti9/create-site,Updating DocTypes for smriti_retail_os: [==============                          ] 35%
2026-07-09T03:16:21.765Z,smriti9/create-site,Updating DocTypes for smriti_retail_os: [==============                          ] 36%
2026-07-09T03:16:21.765Z,smriti9/create-site,Updating DocTypes for smriti_retail_os: [==============                          ] 36%
2026-07-09T03:16:21.765Z,smriti9/create-site,Updating DocTypes for smriti_retail_os: [===============                         ] 37%
2026-07-09T03:16:21.765Z,smriti9/create-site,Updating DocTypes for smriti_retail_os: [===============                         ] 38%
2026-07-09T03:16:21.765Z,smriti9/create-site,Updating DocTypes for smriti_retail_os: [===============                         ] 38%
2026-07-09T03:16:21.765Z,smriti9/create-site,Updating DocTypes for smriti_retail_os: [===============                         ] 39%
2026-07-09T03:16:21.765Z,smriti9/create-site,Updating DocTypes for smriti_retail_os: [================                        ] 40%
2026-07-09T03:16:21.765Z,smriti9/create-site,Updating DocTypes for smriti_retail_os: [================                        ] 41%
2026-07-09T03:16:21.765Z,smriti9/create-site,Updating DocTypes for smriti_retail_os: [================                        ] 41%
2026-07-09T03:16:21.765Z,smriti9/create-site,Updating DocTypes for smriti_retail_os: [=================                       ] 42%
2026-07-09T03:16:21.765Z,smriti9/create-site,Updating DocTypes for smriti_retail_os: [=================                       ] 43%
2026-07-09T03:16:21.765Z,smriti9/create-site,Updating DocTypes for smriti_retail_os: [=================                       ] 44%
2026-07-09T03:16:21.765Z,smriti9/create-site,Updating DocTypes for smriti_retail_os: [=================                       ] 44%
2026-07-09T03:16:21.765Z,smriti9/create-site,Updating DocTypes for smriti_retail_os: [==================                      ] 45%
2026-07-09T03:16:21.765Z,smriti9/create-site,Updating DocTypes for smriti_retail_os: [==================                      ] 46%
2026-07-09T03:16:21.765Z,smriti9/create-site,Updating DocTypes for smriti_retail_os: [==================                      ] 47%
2026-07-09T03:16:21.765Z,smriti9/create-site,Updating DocTypes for smriti_retail_os: [===================                     ] 47%
2026-07-09T03:16:21.765Z,smriti9/create-site,Updating DocTypes for smriti_retail_os: [===================                     ] 48%
2026-07-09T03:16:21.765Z,smriti9/create-site,Updating DocTypes for smriti_retail_os: [===================                     ] 49%
2026-07-09T03:16:21.765Z,smriti9/create-site,Updating DocTypes for smriti_retail_os: [====================                    ] 50%
2026-07-09T03:16:21.765Z,smriti9/create-site,Updating DocTypes for smriti_retail_os: [====================                    ] 50%
2026-07-09T03:16:21.765Z,smriti9/create-site,Updating DocTypes for smriti_retail_os: [====================                    ] 51%
2026-07-09T03:16:21.765Z,smriti9/create-site,Updating DocTypes for smriti_retail_os: [====================                    ] 52%
2026-07-09T03:16:21.765Z,smriti9/create-site,Updating DocTypes for smriti_retail_os: [=====================                   ] 52%
2026-07-09T03:16:21.765Z,smriti9/create-site,Updating DocTypes for smriti_retail_os: [=====================                   ] 53%
2026-07-09T03:16:21.765Z,smriti9/create-site,Updating DocTypes for smriti_retail_os: [=====================                   ] 54%
2026-07-09T03:16:21.765Z,smriti9/create-site,Updating DocTypes for smriti_retail_os: [======================                  ] 55%
2026-07-09T03:16:21.765Z,smriti9/create-site,Updating DocTypes for smriti_retail_os: [======================                  ] 55%
2026-07-09T03:16:21.765Z,smriti9/create-site,Updating DocTypes for smriti_retail_os: [======================                  ] 56%
2026-07-09T03:16:21.765Z,smriti9/create-site,Updating DocTypes for smriti_retail_os: [======================                  ] 57%
2026-07-09T03:16:21.765Z,smriti9/create-site,Updating DocTypes for smriti_retail_os: [=======================                 ] 58%
2026-07-09T03:16:21.765Z,smriti9/create-site,Updating DocTypes for smriti_retail_os: [=======================                 ] 58%
2026-07-09T03:16:21.765Z,smriti9/create-site,Updating DocTypes for smriti_retail_os: [=======================                 ] 59%
2026-07-09T03:16:21.765Z,smriti9/create-site,Updating DocTypes for smriti_retail_os: [========================                ] 60%
2026-07-09T03:16:21.765Z,smriti9/create-site,Updating DocTypes for smriti_retail_os: [========================                ] 61%
2026-07-09T03:16:21.765Z,smriti9/create-site,Updating DocTypes for smriti_retail_os: [========================                ] 61%
2026-07-09T03:16:21.765Z,smriti9/create-site,Updating DocTypes for smriti_retail_os: [=========================               ] 62%
2026-07-09T03:16:21.765Z,smriti9/create-site,Updating DocTypes for smriti_retail_os: [=========================               ] 63%
2026-07-09T03:16:21.765Z,smriti9/create-site,Updating DocTypes for smriti_retail_os: [=========================               ] 63%
2026-07-09T03:16:21.765Z,smriti9/create-site,Updating DocTypes for smriti_retail_os: [=========================               ] 64%
2026-07-09T03:16:21.765Z,smriti9/create-site,Updating DocTypes for smriti_retail_os: [==========================              ] 65%
2026-07-09T03:16:21.765Z,smriti9/create-site,Updating DocTypes for smriti_retail_os: [==========================              ] 66%
2026-07-09T03:16:21.765Z,smriti9/create-site,Updating DocTypes for smriti_retail_os: [==========================              ] 66%
2026-07-09T03:16:21.765Z,smriti9/create-site,Updating DocTypes for smriti_retail_os: [===========================             ] 67%
2026-07-09T03:16:21.765Z,smriti9/create-site,Updating DocTypes for smriti_retail_os: [===========================             ] 68%
2026-07-09T03:16:21.765Z,smriti9/create-site,Updating DocTypes for smriti_retail_os: [===========================             ] 69%
2026-07-09T03:16:21.765Z,smriti9/create-site,Updating DocTypes for smriti_retail_os: [===========================             ] 69%
2026-07-09T03:16:21.765Z,smriti9/create-site,Updating DocTypes for smriti_retail_os: [============================            ] 70%
2026-07-09T03:16:21.765Z,smriti9/create-site,Updating DocTypes for smriti_retail_os: [============================            ] 71%
2026-07-09T03:16:21.765Z,smriti9/create-site,Updating DocTypes for smriti_retail_os: [============================            ] 72%
2026-07-09T03:16:21.765Z,smriti9/create-site,Updating DocTypes for smriti_retail_os: [=============================           ] 72%
2026-07-09T03:16:21.765Z,smriti9/create-site,Updating DocTypes for smriti_retail_os: [=============================           ] 73%
2026-07-09T03:16:21.765Z,smriti9/create-site,Updating DocTypes for smriti_retail_os: [=============================           ] 74%
2026-07-09T03:16:21.765Z,smriti9/create-site,Updating DocTypes for smriti_retail_os: [==============================          ] 75%
2026-07-09T03:16:21.765Z,smriti9/create-site,Updating DocTypes for smriti_retail_os: [==============================          ] 75%
2026-07-09T03:16:21.765Z,smriti9/create-site,Updating DocTypes for smriti_retail_os: [==============================          ] 76%
2026-07-09T03:16:21.765Z,smriti9/create-site,Updating DocTypes for smriti_retail_os: [==============================          ] 77%
2026-07-09T03:16:21.765Z,smriti9/create-site,Updating DocTypes for smriti_retail_os: [===============================         ] 77%
2026-07-09T03:16:21.765Z,smriti9/create-site,Updating DocTypes for smriti_retail_os: [===============================         ] 78%
2026-07-09T03:16:21.765Z,smriti9/create-site,Updating DocTypes for smriti_retail_os: [===============================         ] 79%
2026-07-09T03:16:21.765Z,smriti9/create-site,Updating DocTypes for smriti_retail_os: [================================        ] 80%
2026-07-09T03:16:21.765Z,smriti9/create-site,Updating DocTypes for smriti_retail_os: [================================        ] 80%
2026-07-09T03:16:21.765Z,smriti9/create-site,Updating DocTypes for smriti_retail_os: [================================        ] 81%
2026-07-09T03:16:21.765Z,smriti9/create-site,Updating DocTypes for smriti_retail_os: [================================        ] 82%
2026-07-09T03:16:21.765Z,smriti9/create-site,Updating DocTypes for smriti_retail_os: [=================================       ] 83%
2026-07-09T03:16:21.765Z,smriti9/create-site,Updating DocTypes for smriti_retail_os: [=================================       ] 83%
2026-07-09T03:16:21.765Z,smriti9/create-site,Updating DocTypes for smriti_retail_os: [=================================       ] 84%
2026-07-09T03:16:21.765Z,smriti9/create-site,Updating DocTypes for smriti_retail_os: [==================================      ] 85%
2026-07-09T03:16:21.765Z,smriti9/create-site,Updating DocTypes for smriti_retail_os: [==================================      ] 86%
2026-07-09T03:16:21.765Z,smriti9/create-site,Updating DocTypes for smriti_retail_os: [==================================      ] 86%
2026-07-09T03:16:21.765Z,smriti9/create-site,Updating DocTypes for smriti_retail_os: [===================================     ] 87%
2026-07-09T03:16:21.765Z,smriti9/create-site,Updating DocTypes for smriti_retail_os: [===================================     ] 88%
2026-07-09T03:16:21.765Z,smriti9/create-site,Updating DocTypes for smriti_retail_os: [===================================     ] 88%
2026-07-09T03:16:21.765Z,smriti9/create-site,Updating DocTypes for smriti_retail_os: [===================================     ] 89%
2026-07-09T03:16:21.765Z,smriti9/create-site,Updating DocTypes for smriti_retail_os: [====================================    ] 90%
2026-07-09T03:16:21.765Z,smriti9/create-site,Updating DocTypes for smriti_retail_os: [====================================    ] 91%
2026-07-09T03:16:21.765Z,smriti9/create-site,Updating DocTypes for smriti_retail_os: [====================================    ] 91%
2026-07-09T03:16:21.765Z,smriti9/create-site,Updating DocTypes for smriti_retail_os: [=====================================   ] 92%
2026-07-09T03:16:21.765Z,smriti9/create-site,Updating DocTypes for smriti_retail_os: [=====================================   ] 93%
2026-07-09T03:16:21.765Z,smriti9/create-site,Updating DocTypes for smriti_retail_os: [=====================================   ] 94%
2026-07-09T03:16:21.765Z,smriti9/create-site,Updating DocTypes for smriti_retail_os: [=====================================   ] 94%
2026-07-09T03:16:21.765Z,smriti9/create-site,Updating DocTypes for smriti_retail_os: [======================================  ] 95%
2026-07-09T03:16:21.765Z,smriti9/create-site,Updating DocTypes for smriti_retail_os: [======================================  ] 96%
2026-07-09T03:16:21.765Z,smriti9/create-site,Updating DocTypes for smriti_retail_os: [======================================  ] 97%
2026-07-09T03:16:21.765Z,smriti9/create-site,Updating DocTypes for smriti_retail_os: [======================================= ] 97%
2026-07-09T03:16:21.765Z,smriti9/create-site,Updating DocTypes for smriti_retail_os: [======================================= ] 98%
2026-07-09T03:16:21.765Z,smriti9/create-site,Updating DocTypes for smriti_retail_os: [======================================= ] 99%
2026-07-09T03:16:21.765Z,smriti9/create-site,Updating DocTypes for smriti_retail_os: [========================================] 100%
2026-07-09T03:16:21.766Z,smriti9/create-site,Executing smriti_retail_os.patches.v1_2_3.purge_stale_mop_and_gst_rows in smriti_retail (_02734b626d19e18d)
2026-07-09T03:16:21.766Z,smriti9/create-site,
2026-07-09T03:16:21.766Z,smriti9/create-site,	Removes orphan rows from Mode of Payment Account and GST Account child
2026-07-09T03:16:21.766Z,smriti9/create-site,	tables where the referenced Company no longer exists.
2026-07-09T03:16:21.766Z,smriti9/create-site,	Safe to run multiple times (idempotent).
2026-07-09T03:16:21.766Z,smriti9/create-site,
2026-07-09T03:16:21.766Z,smriti9/create-site,Failed to execute patch
2026-07-09T03:16:21.766Z,smriti9/create-site,Traceback with variables (most recent call last):
2026-07-09T03:16:21.766Z,smriti9/create-site,"  File ""apps/frappe/frappe/modules/patch_handler.py"", line 62, in run_patch"
2026-07-09T03:16:21.766Z,smriti9/create-site,    if not run_single(patchmodule=patch):
2026-07-09T03:16:21.766Z,smriti9/create-site,      patch = 'smriti_retail_os.patches.v1_2_3.purge_stale_mop_and_gst_rows'
2026-07-09T03:16:21.766Z,smriti9/create-site,      skip_failing = True
2026-07-09T03:16:21.766Z,smriti9/create-site,"  File ""apps/frappe/frappe/modules/patch_handler.py"", line 152, in run_single"
2026-07-09T03:16:21.766Z,smriti9/create-site,"    return execute_patch(patchmodule, method, methodargs)"
2026-07-09T03:16:21.766Z,smriti9/create-site,      patchmodule = 'smriti_retail_os.patches.v1_2_3.purge_stale_mop_and_gst_rows'
2026-07-09T03:16:21.766Z,smriti9/create-site,      method = None
2026-07-09T03:16:21.766Z,smriti9/create-site,      methodargs = None
2026-07-09T03:16:21.766Z,smriti9/create-site,      force = False
2026-07-09T03:16:21.766Z,smriti9/create-site,"      conf = frappe.utils.local.LocalProxy{'allow_cors_origin': 'http://localhost:8080', 'db_host': 'db', 'db_port': 3306, 'redis_cache': 'redis://redis-cache:6379', 'redis_queue': 'redis://redis-queue:6379', 'redis_socketio': 'redis://redis-queue:6379', 'socketio_port': 9000, 'db_name': '_02734b626d19e18d', 'db_password': 'kazEcvTnXUmSSNCE', 'db_type': 'mariadb', 'db_user': '_02734b626d19e18d', 'db_socket': None, 'developer_mode': 0}"
2026-07-09T03:16:21.766Z,smriti9/create-site,"  File ""apps/frappe/frappe/modules/patch_handler.py"", line 188, in execute_patch"
2026-07-09T03:16:21.766Z,smriti9/create-site,    _patch()
2026-07-09T03:16:21.766Z,smriti9/create-site,      patchmodule = 'smriti_retail_os.patches.v1_2_3.purge_stale_mop_and_gst_rows'
2026-07-09T03:16:21.766Z,smriti9/create-site,      method = None
2026-07-09T03:16:21.766Z,smriti9/create-site,      methodargs = None
2026-07-09T03:16:21.766Z,smriti9/create-site,      has_patch_file = True
2026-07-09T03:16:21.766Z,smriti9/create-site,      patch = 'smriti_retail_os.patches.v1_2_3.purge_stale_mop_and_gst_rows.execute'
2026-07-09T03:16:21.766Z,smriti9/create-site,      docstring = '
2026-07-09T03:16:21.766Z,smriti9/create-site,      
2026-07-09T03:16:21.766Z,smriti9/create-site,      	Removes orphan rows from Mode of Payment Account and GST Account child
2026-07-09T03:16:21.766Z,smriti9/create-site,      	tables where the referenced Company no longer exists.
2026-07-09T03:16:21.766Z,smriti9/create-site,      	Safe to run multiple times (idempotent).
2026-07-09T03:16:21.766Z,smriti9/create-site,      '
2026-07-09T03:16:21.766Z,smriti9/create-site,      _patch = <function execute at 0x72e7d7dc3ed0>
2026-07-09T03:16:21.766Z,smriti9/create-site,      start_time = 652.258922725
2026-07-09T03:16:21.766Z,smriti9/create-site,"  File ""apps/smriti_retail_os/smriti_retail_os/patches/v1_2_3/purge_stale_mop_and_gst_rows.py"", line 36, in execute"
2026-07-09T03:16:21.766Z,smriti9/create-site,    mop_deleted = _purge_table(
2026-07-09T03:16:21.766Z,smriti9/create-site,"  File ""apps/smriti_retail_os/smriti_retail_os/patches/v1_2_3/purge_stale_mop_and_gst_rows.py"", line 65, in _purge_table"
2026-07-09T03:16:21.766Z,smriti9/create-site,    stale = smriti.db.sql(
2026-07-09T03:16:21.766Z,smriti9/create-site,      table = 'tabMode of Payment Account'
2026-07-09T03:16:21.766Z,smriti9/create-site,      company_col = 'company'
2026-07-09T03:16:21.766Z,smriti9/create-site,      label = 'Mode of Payment Account'
2026-07-09T03:16:21.766Z,smriti9/create-site,"  File ""apps/smriti_retail_os/smriti_retail_os/core/platform/db.py"", line 180, in sql"
2026-07-09T03:16:21.766Z,smriti9/create-site,"    return smriti.db.sql(query, values or {}, as_dict=as_dict)"
2026-07-09T03:16:21.766Z,smriti9/create-site,      query = '
2026-07-09T03:16:21.766Z,smriti9/create-site,              SELECT t.name
2026-07-09T03:16:21.766Z,smriti9/create-site,              FROM `tabMode of Payment Account` t
2026-07-09T03:16:21.766Z,smriti9/create-site,              LEFT JOIN `tabCompany` c ON c.name = t.`company`
2026-07-09T03:16:21.766Z,smriti9/create-site,              WHERE c.name IS NULL
2026-07-09T03:16:21.766Z,smriti9/create-site,                AND t.`company` IS NOT NULL
2026-07-09T03:16:21.766Z,smriti9/create-site,                AND t.`company` != ''
2026-07-09T03:16:21.766Z,smriti9/create-site,              '
2026-07-09T03:16:21.766Z,smriti9/create-site,      values = None
2026-07-09T03:16:21.766Z,smriti9/create-site,      as_dict = True
2026-07-09T03:16:21.766Z,smriti9/create-site,      frappe = <module 'frappe' from 'apps/frappe/frappe/__init__.py'>
2026-07-09T03:16:21.766Z,smriti9/create-site,builtins.NameError: name 'smriti' is not defined
2026-07-09T03:16:21.766Z,smriti9/create-site,
2026-07-09T03:16:21.766Z,smriti9/create-site,Executing smriti_retail_os.patches.mark_setup_complete in smriti_retail (_02734b626d19e18d)
2026-07-09T03:16:21.766Z,smriti9/create-site,
2026-07-09T03:16:21.766Z,smriti9/create-site,	Mark ERPNext/Frappe Setup Wizard as complete.
2026-07-09T03:16:21.766Z,smriti9/create-site,	Prevents wizard appearing on fresh or reset sites.
2026-07-09T03:16:21.766Z,smriti9/create-site,
2026-07-09T03:16:21.766Z,smriti9/create-site,✅ System Settings.setup_complete = 1
2026-07-09T03:16:21.766Z,smriti9/create-site,⚠ tabSingles patch skipped: name 'smriti' is not defined
2026-07-09T03:16:21.766Z,smriti9/create-site,Failed to execute patch
2026-07-09T03:16:21.766Z,smriti9/create-site,Traceback with variables (most recent call last):
2026-07-09T03:16:21.766Z,smriti9/create-site,"  File ""apps/frappe/frappe/modules/patch_handler.py"", line 62, in run_patch"
2026-07-09T03:16:21.766Z,smriti9/create-site,    if not run_single(patchmodule=patch):
2026-07-09T03:16:21.766Z,smriti9/create-site,      patch = 'smriti_retail_os.patches.mark_setup_complete'
2026-07-09T03:16:21.766Z,smriti9/create-site,      skip_failing = True
2026-07-09T03:16:21.766Z,smriti9/create-site,"  File ""apps/frappe/frappe/modules/patch_handler.py"", line 152, in run_single"
2026-07-09T03:16:21.766Z,smriti9/create-site,"    return execute_patch(patchmodule, method, methodargs)"
2026-07-09T03:16:21.766Z,smriti9/create-site,      patchmodule = 'smriti_retail_os.patches.mark_setup_complete'
2026-07-09T03:16:21.766Z,smriti9/create-site,      method = None
2026-07-09T03:16:21.766Z,smriti9/create-site,      methodargs = None
2026-07-09T03:16:21.766Z,smriti9/create-site,      force = False
2026-07-09T03:16:21.766Z,smriti9/create-site,"      conf = frappe.utils.local.LocalProxy{'allow_cors_origin': 'http://localhost:8080', 'db_host': 'db', 'db_port': 3306, 'redis_cache': 'redis://redis-cache:6379', 'redis_queue': 'redis://redis-queue:6379', 'redis_socketio': 'redis://redis-queue:6379', 'socketio_port': 9000, 'db_name': '_02734b626d19e18d', 'db_password': 'kazEcvTnXUmSSNCE', 'db_type': 'mariadb', 'db_user': '_02734b626d19e18d', 'db_socket': None, 'developer_mode': 0}"
2026-07-09T03:16:21.766Z,smriti9/create-site,"  File ""apps/frappe/frappe/modules/patch_handler.py"", line 188, in execute_patch"
2026-07-09T03:16:21.766Z,smriti9/create-site,    _patch()
2026-07-09T03:16:21.766Z,smriti9/create-site,      patchmodule = 'smriti_retail_os.patches.mark_setup_complete'
2026-07-09T03:16:21.766Z,smriti9/create-site,      method = None
2026-07-09T03:16:21.766Z,smriti9/create-site,      methodargs = None
2026-07-09T03:16:21.766Z,smriti9/create-site,      has_patch_file = True
2026-07-09T03:16:21.766Z,smriti9/create-site,      patch = 'smriti_retail_os.patches.mark_setup_complete.execute'
2026-07-09T03:16:21.766Z,smriti9/create-site,      docstring = '
2026-07-09T03:16:21.766Z,smriti9/create-site,      
2026-07-09T03:16:21.766Z,smriti9/create-site,      	Mark ERPNext/Frappe Setup Wizard as complete.
2026-07-09T03:16:21.766Z,smriti9/create-site,      	Prevents wizard appearing on fresh or reset sites.
2026-07-09T03:16:21.766Z,smriti9/create-site,      '
2026-07-09T03:16:21.766Z,smriti9/create-site,      _patch = <function execute at 0x72e7d7c7ecf0>
2026-07-09T03:16:21.766Z,smriti9/create-site,      start_time = 652.427686897
2026-07-09T03:16:21.766Z,smriti9/create-site,"  File ""apps/smriti_retail_os/smriti_retail_os/patches/mark_setup_complete.py"", line 43, in execute"
2026-07-09T03:16:21.766Z,smriti9/create-site,    smriti.db.commit()
2026-07-09T03:16:21.766Z,smriti9/create-site,"  File ""apps/smriti_retail_os/smriti_retail_os/core/platform/db.py"", line 189, in commit"
2026-07-09T03:16:21.766Z,smriti9/create-site,    smriti.db.commit()
2026-07-09T03:16:21.766Z,smriti9/create-site,      frappe = <module 'frappe' from 'apps/frappe/frappe/__init__.py'>
2026-07-09T03:16:21.766Z,smriti9/create-site,builtins.NameError: name 'smriti' is not defined
2026-07-09T03:16:21.766Z,smriti9/create-site,
2026-07-09T03:16:21.766Z,smriti9/create-site,Executing smriti_retail_os.patches.add_smriti_feature_flag in smriti_retail (_02734b626d19e18d)
2026-07-09T03:16:21.766Z,smriti9/create-site,
2026-07-09T03:16:21.766Z,smriti9/create-site,	Add custom_smriti_frontend_enabled field to System Settings.
2026-07-09T03:16:21.766Z,smriti9/create-site,	Allows instant disable of SMRITI frontend if production breaks.
2026-07-09T03:16:21.766Z,smriti9/create-site,	Default: 1 (enabled).
2026-07-09T03:16:21.766Z,smriti9/create-site,
2026-07-09T03:16:21.766Z,smriti9/create-site,Failed to execute patch
2026-07-09T03:16:21.766Z,smriti9/create-site,Traceback with variables (most recent call last):
2026-07-09T03:16:21.766Z,smriti9/create-site,"  File ""apps/frappe/frappe/modules/patch_handler.py"", line 62, in run_patch"
2026-07-09T03:16:21.766Z,smriti9/create-site,    if not run_single(patchmodule=patch):
2026-07-09T03:16:21.766Z,smriti9/create-site,      patch = 'smriti_retail_os.patches.add_smriti_feature_flag'
2026-07-09T03:16:21.766Z,smriti9/create-site,      skip_failing = True
2026-07-09T03:16:21.766Z,smriti9/create-site,"  File ""apps/frappe/frappe/modules/patch_handler.py"", line 152, in run_single"
2026-07-09T03:16:21.766Z,smriti9/create-site,"    return execute_patch(patchmodule, method, methodargs)"
2026-07-09T03:16:21.766Z,smriti9/create-site,      patchmodule = 'smriti_retail_os.patches.add_smriti_feature_flag'
2026-07-09T03:16:21.766Z,smriti9/create-site,      method = None
2026-07-09T03:16:21.766Z,smriti9/create-site,      methodargs = None
2026-07-09T03:16:21.766Z,smriti9/create-site,      force = False
2026-07-09T03:16:21.766Z,smriti9/create-site,"      conf = frappe.utils.local.LocalProxy{'allow_cors_origin': 'http://localhost:8080', 'db_host': 'db', 'db_port': 3306, 'redis_cache': 'redis://redis-cache:6379', 'redis_queue': 'redis://redis-queue:6379', 'redis_socketio': 'redis://redis-queue:6379', 'socketio_port': 9000, 'db_name': '_02734b626d19e18d', 'db_password': 'kazEcvTnXUmSSNCE', 'db_type': 'mariadb', 'db_user': '_02734b626d19e18d', 'db_socket': None, 'developer_mode': 0}"
2026-07-09T03:16:21.766Z,smriti9/create-site,"  File ""apps/frappe/frappe/modules/patch_handler.py"", line 188, in execute_patch"
2026-07-09T03:16:21.766Z,smriti9/create-site,    _patch()
2026-07-09T03:16:21.766Z,smriti9/create-site,      patchmodule = 'smriti_retail_os.patches.add_smriti_feature_flag'
2026-07-09T03:16:21.766Z,smriti9/create-site,      method = None
2026-07-09T03:16:21.766Z,smriti9/create-site,      methodargs = None
2026-07-09T03:16:21.766Z,smriti9/create-site,      has_patch_file = True
2026-07-09T03:16:21.766Z,smriti9/create-site,      patch = 'smriti_retail_os.patches.add_smriti_feature_flag.execute'
2026-07-09T03:16:21.766Z,smriti9/create-site,      docstring = '
2026-07-09T03:16:21.766Z,smriti9/create-site,      
2026-07-09T03:16:21.766Z,smriti9/create-site,      	Add custom_smriti_frontend_enabled field to System Settings.
2026-07-09T03:16:21.766Z,smriti9/create-site,      	Allows instant disable of SMRITI frontend if production breaks.
2026-07-09T03:16:21.766Z,smriti9/create-site,      	Default: 1 (enabled).
2026-07-09T03:16:21.766Z,smriti9/create-site,      '
2026-07-09T03:16:21.766Z,smriti9/create-site,      _patch = <function execute at 0x72e7d7c7ec40>
2026-07-09T03:16:21.766Z,smriti9/create-site,      start_time = 652.484529528
2026-07-09T03:16:21.766Z,smriti9/create-site,"  File ""apps/smriti_retail_os/smriti_retail_os/patches/add_smriti_feature_flag.py"", line 40, in execute"
2026-07-09T03:16:21.766Z,smriti9/create-site,    smriti.db.commit()
2026-07-09T03:16:21.766Z,smriti9/create-site,      create_custom_fields = <function create_custom_fields at 0x72e7de62a140>
2026-07-09T03:16:21.766Z,smriti9/create-site,"  File ""apps/smriti_retail_os/smriti_retail_os/core/platform/db.py"", line 189, in commit"
2026-07-09T03:16:21.766Z,smriti9/create-site,    smriti.db.commit()
2026-07-09T03:16:21.766Z,smriti9/create-site,      frappe = <module 'frappe' from 'apps/frappe/frappe/__init__.py'>
2026-07-09T03:16:21.766Z,smriti9/create-site,builtins.NameError: name 'smriti' is not defined
2026-07-09T03:16:21.766Z,smriti9/create-site,
2026-07-09T03:16:21.766Z,smriti9/create-site,Executing smriti_retail_os.patches.add_psv_ledger_composite_index in smriti_retail (_02734b626d19e18d)
2026-07-09T03:16:21.766Z,smriti9/create-site,Success: Done in 0.004s
2026-07-09T03:16:21.766Z,smriti9/create-site,Executing smriti_retail_os.patches.add_liability_snapshot_unique_constraint in smriti_retail (_02734b626d19e18d)
2026-07-09T03:16:21.766Z,smriti9/create-site,Success: Done in 0.004s
2026-07-09T03:16:21.766Z,smriti9/create-site,Executing smriti_retail_os.patches.add_twin_unique_index in smriti_retail (_02734b626d19e18d)
2026-07-09T03:16:21.766Z,smriti9/create-site,Success: Done in 0.004s
2026-07-09T03:16:21.766Z,smriti9/create-site,Executing smriti_retail_os.patches.seed_default_terms in smriti_retail (_02734b626d19e18d)
2026-07-09T03:16:21.766Z,smriti9/create-site,
2026-07-09T03:16:21.766Z,smriti9/create-site,	Migration patch to seed 20 default SMRITI Business Dictionary terms.
2026-07-09T03:16:21.766Z,smriti9/create-site,	Uses a 2-phase approach to avoid forward-reference LinkValidationErrors.
2026-07-09T03:16:21.766Z,smriti9/create-site,
2026-07-09T03:16:21.766Z,smriti9/create-site,Phase 1: Seeding 52 SMRITI Business Dictionary terms...
2026-07-09T03:16:21.766Z,smriti9/create-site,Failed to execute patch
2026-07-09T03:16:21.766Z,smriti9/create-site,Traceback with variables (most recent call last):
2026-07-09T03:16:21.766Z,smriti9/create-site,"  File ""apps/frappe/frappe/modules/patch_handler.py"", line 62, in run_patch"
2026-07-09T03:16:21.766Z,smriti9/create-site,    if not run_single(patchmodule=patch):
2026-07-09T03:16:21.766Z,smriti9/create-site,      patch = 'smriti_retail_os.patches.seed_default_terms'
2026-07-09T03:16:21.766Z,smriti9/create-site,      skip_failing = True
2026-07-09T03:16:21.766Z,smriti9/create-site,"  File ""apps/frappe/frappe/modules/patch_handler.py"", line 152, in run_single"
2026-07-09T03:16:21.766Z,smriti9/create-site,"    return execute_patch(patchmodule, method, methodargs)"
2026-07-09T03:16:21.766Z,smriti9/create-site,      patchmodule = 'smriti_retail_os.patches.seed_default_terms'
2026-07-09T03:16:21.766Z,smriti9/create-site,      method = None
2026-07-09T03:16:21.766Z,smriti9/create-site,      methodargs = None
2026-07-09T03:16:21.766Z,smriti9/create-site,      force = False
2026-07-09T03:16:21.766Z,smriti9/create-site,"      conf = frappe.utils.local.LocalProxy{'allow_cors_origin': 'http://localhost:8080', 'db_host': 'db', 'db_port': 3306, 'redis_cache': 'redis://redis-cache:6379', 'redis_queue': 'redis://redis-queue:6379', 'redis_socketio': 'redis://redis-queue:6379', 'socketio_port': 9000, 'db_name': '_02734b626d19e18d', 'db_password': 'kazEcvTnXUmSSNCE', 'db_type': 'mariadb', 'db_user': '_02734b626d19e18d', 'db_socket': None, 'developer_mode': 0}"
2026-07-09T03:16:21.766Z,smriti9/create-site,"  File ""apps/frappe/frappe/modules/patch_handler.py"", line 188, in execute_patch"
2026-07-09T03:16:21.766Z,smriti9/create-site,    _patch()
2026-07-09T03:16:21.766Z,smriti9/create-site,      patchmodule = 'smriti_retail_os.patches.seed_default_terms'
2026-07-09T03:16:21.766Z,smriti9/create-site,      method = None
2026-07-09T03:16:21.766Z,smriti9/create-site,      methodargs = None
2026-07-09T03:16:21.766Z,smriti9/create-site,      has_patch_file = True
2026-07-09T03:16:21.766Z,smriti9/create-site,      patch = 'smriti_retail_os.patches.seed_default_terms.execute'
2026-07-09T03:16:21.766Z,smriti9/create-site,      docstring = '
2026-07-09T03:16:21.766Z,smriti9/create-site,      
2026-07-09T03:16:21.766Z,smriti9/create-site,      	Migration patch to seed 20 default SMRITI Business Dictionary terms.
2026-07-09T03:16:21.766Z,smriti9/create-site,      	Uses a 2-phase approach to avoid forward-reference LinkValidationErrors.
2026-07-09T03:16:21.766Z,smriti9/create-site,      '
2026-07-09T03:16:21.766Z,smriti9/create-site,      _patch = <function execute at 0x72e7d7721380>
2026-07-09T03:16:21.766Z,smriti9/create-site,      start_time = 653.067903621
2026-07-09T03:16:21.766Z,smriti9/create-site,"  File ""apps/smriti_retail_os/smriti_retail_os/patches/seed_default_terms.py"", line 1209, in execute"
2026-07-09T03:16:21.766Z,smriti9/create-site,"    exists_name = smriti.db.exists(""SMRITI Business Term"", {""term_id"": t[""term_id""], ""term_version"": t[""dictionary_version""]})"
2026-07-09T03:16:21.766Z,smriti9/create-site,"      default_terms = [{'term_id': 'PSA', 'term_name': 'Party Stock Account', 'term_category': 'Distribution', 'definition': 'Party Stock Account maintains the ledger balances and visibility tracking of stock held by channel partners.', 'hinglish_definition': 'Distributors ya channel partners ke stock balances aur Inventory Visibility Layer calculations ko track karne wala internal ledger master.', 'term_aliases': ['PSA', 'Stock Account', 'Channel Account'], 'manual_reference': 'Volume 3 > Distribution Operations', 'training_reference': 'TRN-DIST-PSA', 'related_formulas': [], 'related_terms': ['PSV', 'Party Stock Ledger'], 'faq': [{'q': 'Does PSA replace ERPNext warehouses?', 'a': 'No, it reads ERPNext master ..._key': 'closing_balance', 'projection_path': 'GL Entry.credit', 'entity_type': 'GL Entry', 'data_type': 'Currency', 'measure_or_dimension': 'Measure', 'is_groupable': 0, 'is_filterable': 0, 'is_reportable': 1, 'default_aggregation': 'Sum', 'approval_status': 'Approved', 'dictionary_version': '1.0'}]"
2026-07-09T03:16:21.766Z,smriti9/create-site,"      reporting_terms = [{'term_id': 'item_code', 'term_name': 'Item Code', 'term_category': 'Sales', 'definition': 'Unique alphanumeric code of the item variant.', 'hinglish_definition': 'Item variant ka unique code identifier.', 'term_aliases': ['item_code', 'sku'], 'manual_reference': 'Volume 3 > Products', 'training_reference': 'TRN-INV-ITEM', 'related_formulas': [], 'related_terms': [], 'faq': [], 'common_mistakes': [], 'dictionary_key': 'item_code', 'projection_path': 'POS Invoice Item.item_code', 'entity_type': 'POS Invoice Item', 'data_type': 'Link', 'measure_or_dimension': 'Dimension', 'is_groupable': 1, 'is_filterable': 1, 'is_reportable': 1, 'default_aggregation': 'None', 'approval_status': 'Approved'..._key': 'closing_balance', 'projection_path': 'GL Entry.credit', 'entity_type': 'GL Entry', 'data_type': 'Currency', 'measure_or_dimension': 'Measure', 'is_groupable': 0, 'is_filterable': 0, 'is_reportable': 1, 'default_aggregation': 'Sum', 'approval_status': 'Approved', 'dictionary_version': '1.0'}]"
2026-07-09T03:16:21.766Z,smriti9/create-site,"      t = {'term_id': 'PSA', 'term_name': 'Party Stock Account', 'term_category': 'Distribution', 'definition': 'Party Stock Account maintains the ledger balances and visibility tracking of stock held by channel partners.', 'hinglish_definition': 'Distributors ya channel partners ke stock balances aur Inventory Visibility Layer calculations ko track karne wala internal ledger master.', 'term_aliases': ['PSA', 'Stock Account', 'Channel Account'], 'manual_reference': 'Volume 3 > Distribution Operations', 'training_reference': 'TRN-DIST-PSA', 'related_formulas': [], 'related_terms': ['PSV', 'Party Stock Ledger'], 'faq': [{'q': 'Does PSA replace ERPNext warehouses?', 'a': 'No, it reads ERPNext master data...ext General Ledger.'}], 'dictionary_key': 'psa', 'projection_path': '', 'entity_type': '', 'data_type': 'String', 'measure_or_dimension': 'Dimension', 'is_groupable': 0, 'is_filterable': 0, 'is_reportable': 0, 'default_aggregation': 'None', 'approval_status': 'Approved', 'dictionary_version': '1.0'}"
2026-07-09T03:16:21.766Z,smriti9/create-site,"  File ""apps/smriti_retail_os/smriti_retail_os/core/platform/db.py"", line 135, in exists"
2026-07-09T03:16:21.766Z,smriti9/create-site,"    return bool(smriti.db.exists(resolve(model_name), filters))"
2026-07-09T03:16:21.766Z,smriti9/create-site,      model_name = 'SMRITI Business Term'
2026-07-09T03:16:21.766Z,smriti9/create-site,"      filters = {'term_id': 'PSA', 'term_version': '1.0'}"
2026-07-09T03:16:21.766Z,smriti9/create-site,      frappe = <module 'frappe' from 'apps/frappe/frappe/__init__.py'>
2026-07-09T03:16:21.766Z,smriti9/create-site,builtins.NameError: name 'smriti' is not defined
2026-07-09T03:16:21.766Z,smriti9/create-site,
2026-07-09T03:16:21.766Z,smriti9/create-site,Executing smriti_retail_os.patches.seed_knowledge_kpi in smriti_retail (_02734b626d19e18d)
2026-07-09T03:16:21.766Z,smriti9/create-site,Failed to execute patch
2026-07-09T03:16:21.766Z,smriti9/create-site,Traceback with variables (most recent call last):
2026-07-09T03:16:21.766Z,smriti9/create-site,"  File ""apps/frappe/frappe/modules/patch_handler.py"", line 62, in run_patch"
2026-07-09T03:16:21.766Z,smriti9/create-site,    if not run_single(patchmodule=patch):
2026-07-09T03:16:21.766Z,smriti9/create-site,      patch = 'smriti_retail_os.patches.seed_knowledge_kpi'
2026-07-09T03:16:21.766Z,smriti9/create-site,      skip_failing = True
2026-07-09T03:16:21.766Z,smriti9/create-site,"  File ""apps/frappe/frappe/modules/patch_handler.py"", line 152, in run_single"
2026-07-09T03:16:21.766Z,smriti9/create-site,"    return execute_patch(patchmodule, method, methodargs)"
2026-07-09T03:16:21.766Z,smriti9/create-site,      patchmodule = 'smriti_retail_os.patches.seed_knowledge_kpi'
2026-07-09T03:16:21.766Z,smriti9/create-site,      method = None
2026-07-09T03:16:21.766Z,smriti9/create-site,      methodargs = None
2026-07-09T03:16:21.766Z,smriti9/create-site,      force = False
2026-07-09T03:16:21.766Z,smriti9/create-site,"      conf = frappe.utils.local.LocalProxy{'allow_cors_origin': 'http://localhost:8080', 'db_host': 'db', 'db_port': 3306, 'redis_cache': 'redis://redis-cache:6379', 'redis_queue': 'redis://redis-queue:6379', 'redis_socketio': 'redis://redis-queue:6379', 'socketio_port': 9000, 'db_name': '_02734b626d19e18d', 'db_password': 'kazEcvTnXUmSSNCE', 'db_type': 'mariadb', 'db_user': '_02734b626d19e18d', 'db_socket': None, 'developer_mode': 0}"
2026-07-09T03:16:21.766Z,smriti9/create-site,"  File ""apps/frappe/frappe/modules/patch_handler.py"", line 188, in execute_patch"
2026-07-09T03:16:21.766Z,smriti9/create-site,    _patch()
2026-07-09T03:16:21.766Z,smriti9/create-site,      patchmodule = 'smriti_retail_os.patches.seed_knowledge_kpi'
2026-07-09T03:16:21.766Z,smriti9/create-site,      method = None
2026-07-09T03:16:21.766Z,smriti9/create-site,      methodargs = None
2026-07-09T03:16:21.766Z,smriti9/create-site,      has_patch_file = True
2026-07-09T03:16:21.766Z,smriti9/create-site,      patch = 'smriti_retail_os.patches.seed_knowledge_kpi.execute'
2026-07-09T03:16:21.766Z,smriti9/create-site,      docstring = ''
2026-07-09T03:16:21.766Z,smriti9/create-site,      _patch = <function execute at 0x72e7d77226c0>
2026-07-09T03:16:21.766Z,smriti9/create-site,      start_time = 653.147017292
2026-07-09T03:16:21.766Z,smriti9/create-site,"  File ""apps/smriti_retail_os/smriti_retail_os/patches/seed_knowledge_kpi.py"", line 58, in execute"
2026-07-09T03:16:21.766Z,smriti9/create-site,    doc_name = smriti.db.get(
2026-07-09T03:16:21.766Z,smriti9/create-site,"      f = {'formula_id': 'GOV-001', 'formula_name': 'Knowledge Coverage %', 'formula_version': '1.0.0', 'formula_category': 'Governance', 'status': 'Approved', 'is_active': 1, 'effective_date': '2026-06-19', 'implementation_reference': 'services/knowledge_service.py::calculate_knowledge_coverage', 'dependent_features': '[""Knowledge Center"", ""Business Dictionary"", ""Explain Engine""]', 'formula_expression': 'knowledge_coverage_percent = (complete_terms / total_active_terms) * 100', 'formula_language': 'documentation', 'variables_and_inputs': '{""complete_terms"": ""Number of active terms containing definition + FAQ + manual ref + training ref"", ""total_active_terms"": ""Total count of active glossary terms""}',...."", ""bands"": [{""min"": 0, ""max"": 50, ""label"": ""Critical""}, {""min"": 50, ""max"": 80, ""label"": ""Monitor""}, {""min"": 80, ""max"": 100, ""label"": ""Healthy""}], ""actions"": [""Complete missing FAQs or references in the Business Dictionary"", ""Ensure all new terms have standard fields filled out before approval""]}'}"
2026-07-09T03:16:21.766Z,smriti9/create-site,"  File ""apps/smriti_retail_os/smriti_retail_os/core/platform/db.py"", line 47, in get"
2026-07-09T03:16:21.766Z,smriti9/create-site,"    return smriti.db.get(resolve(model_name), name, fields, as_dict=as_dict)"
2026-07-09T03:16:21.766Z,smriti9/create-site,      model_name = 'SMRITI Formula Definition'
2026-07-09T03:16:21.766Z,smriti9/create-site,"      name = {'formula_id': 'GOV-001', 'formula_version': '1.0.0'}"
2026-07-09T03:16:21.766Z,smriti9/create-site,      fields = 'name'
2026-07-09T03:16:21.766Z,smriti9/create-site,      as_dict = True
2026-07-09T03:16:21.766Z,smriti9/create-site,      frappe = <module 'frappe' from 'apps/frappe/frappe/__init__.py'>
2026-07-09T03:16:21.766Z,smriti9/create-site,builtins.NameError: name 'smriti' is not defined
2026-07-09T03:16:21.766Z,smriti9/create-site,
2026-07-09T03:16:21.766Z,smriti9/create-site,Executing smriti_retail_os.patches.add_psv_ledger_active_table_composite_index in smriti_retail (_02734b626d19e18d)
2026-07-09T03:16:21.766Z,smriti9/create-site,Failed to execute patch
2026-07-09T03:16:21.766Z,smriti9/create-site,Traceback with variables (most recent call last):
2026-07-09T03:16:21.766Z,smriti9/create-site,"  File ""apps/frappe/frappe/modules/patch_handler.py"", line 62, in run_patch"
2026-07-09T03:16:21.766Z,smriti9/create-site,    if not run_single(patchmodule=patch):
2026-07-09T03:16:21.766Z,smriti9/create-site,      patch = 'smriti_retail_os.patches.add_psv_ledger_active_table_composite_index'
2026-07-09T03:16:21.766Z,smriti9/create-site,      skip_failing = True
2026-07-09T03:16:21.766Z,smriti9/create-site,"  File ""apps/frappe/frappe/modules/patch_handler.py"", line 152, in run_single"
2026-07-09T03:16:21.766Z,smriti9/create-site,"    return execute_patch(patchmodule, method, methodargs)"
2026-07-09T03:16:21.766Z,smriti9/create-site,      patchmodule = 'smriti_retail_os.patches.add_psv_ledger_active_table_composite_index'
2026-07-09T03:16:21.766Z,smriti9/create-site,      method = None
2026-07-09T03:16:21.766Z,smriti9/create-site,      methodargs = None
2026-07-09T03:16:21.766Z,smriti9/create-site,      force = False
2026-07-09T03:16:21.766Z,smriti9/create-site,"      conf = frappe.utils.local.LocalProxy{'allow_cors_origin': 'http://localhost:8080', 'db_host': 'db', 'db_port': 3306, 'redis_cache': 'redis://redis-cache:6379', 'redis_queue': 'redis://redis-queue:6379', 'redis_socketio': 'redis://redis-queue:6379', 'socketio_port': 9000, 'db_name': '_02734b626d19e18d', 'db_password': 'kazEcvTnXUmSSNCE', 'db_type': 'mariadb', 'db_user': '_02734b626d19e18d', 'db_socket': None, 'developer_mode': 0}"
2026-07-09T03:16:21.766Z,smriti9/create-site,"  File ""apps/frappe/frappe/modules/patch_handler.py"", line 188, in execute_patch"
2026-07-09T03:16:21.766Z,smriti9/create-site,    _patch()
2026-07-09T03:16:21.766Z,smriti9/create-site,      patchmodule = 'smriti_retail_os.patches.add_psv_ledger_active_table_composite_index'
2026-07-09T03:16:21.766Z,smriti9/create-site,      method = None
2026-07-09T03:16:21.766Z,smriti9/create-site,      methodargs = None
2026-07-09T03:16:21.766Z,smriti9/create-site,      has_patch_file = True
2026-07-09T03:16:21.766Z,smriti9/create-site,      patch = 'smriti_retail_os.patches.add_psv_ledger_active_table_composite_index.execute'
2026-07-09T03:16:21.766Z,smriti9/create-site,      docstring = ''
2026-07-09T03:16:21.766Z,smriti9/create-site,      _patch = <function execute at 0x72e7d7722980>
2026-07-09T03:16:21.766Z,smriti9/create-site,      start_time = 653.203248885
2026-07-09T03:16:21.766Z,smriti9/create-site,"  File ""apps/smriti_retail_os/smriti_retail_os/patches/add_psv_ledger_active_table_composite_index.py"", line 27, in execute"
2026-07-09T03:16:21.766Z,smriti9/create-site,    existing = smriti.db.sql(
2026-07-09T03:16:21.766Z,smriti9/create-site,      doctype_name = 'PSV Ledger Entry'
2026-07-09T03:16:21.766Z,smriti9/create-site,      table_name = 'tabPSV Ledger Entry'
2026-07-09T03:16:21.766Z,smriti9/create-site,      index_name = 'smriti_psv_ledger_company_cp_variant'
2026-07-09T03:16:21.766Z,smriti9/create-site,"  File ""apps/smriti_retail_os/smriti_retail_os/core/platform/db.py"", line 180, in sql"
2026-07-09T03:16:21.766Z,smriti9/create-site,"    return smriti.db.sql(query, values or {}, as_dict=as_dict)"
2026-07-09T03:16:21.766Z,smriti9/create-site,      query = '
2026-07-09T03:16:21.766Z,smriti9/create-site,              SELECT COUNT(*) 
2026-07-09T03:16:21.766Z,smriti9/create-site,              FROM information_schema.statistics
2026-07-09T03:16:21.766Z,smriti9/create-site,              WHERE table_schema = DATABASE()
2026-07-09T03:16:21.766Z,smriti9/create-site,                AND table_name = %s
2026-07-09T03:16:21.766Z,smriti9/create-site,                AND index_name = %s
2026-07-09T03:16:21.766Z,smriti9/create-site,              '
2026-07-09T03:16:21.766Z,smriti9/create-site,"      values = ('tabPSV Ledger Entry', 'smriti_psv_ledger_company_cp_variant')"
2026-07-09T03:16:21.766Z,smriti9/create-site,      as_dict = True
2026-07-09T03:16:21.766Z,smriti9/create-site,      frappe = <module 'frappe' from 'apps/frappe/frappe/__init__.py'>
2026-07-09T03:16:21.766Z,smriti9/create-site,builtins.NameError: name 'smriti' is not defined
2026-07-09T03:16:21.766Z,smriti9/create-site,
2026-07-09T03:16:21.766Z,smriti9/create-site,Executing smriti_retail_os.patches.seed_printability_formula in smriti_retail (_02734b626d19e18d)
2026-07-09T03:16:21.766Z,smriti9/create-site,Failed to execute patch
2026-07-09T03:16:21.766Z,smriti9/create-site,Traceback with variables (most recent call last):
2026-07-09T03:16:21.766Z,smriti9/create-site,"  File ""apps/frappe/frappe/modules/patch_handler.py"", line 62, in run_patch"
2026-07-09T03:16:21.766Z,smriti9/create-site,    if not run_single(patchmodule=patch):
2026-07-09T03:16:21.766Z,smriti9/create-site,      patch = 'smriti_retail_os.patches.seed_printability_formula'
2026-07-09T03:16:21.766Z,smriti9/create-site,      skip_failing = True
2026-07-09T03:16:21.766Z,smriti9/create-site,"  File ""apps/frappe/frappe/modules/patch_handler.py"", line 152, in run_single"
2026-07-09T03:16:21.766Z,smriti9/create-site,"    return execute_patch(patchmodule, method, methodargs)"
2026-07-09T03:16:21.766Z,smriti9/create-site,      patchmodule = 'smriti_retail_os.patches.seed_printability_formula'
2026-07-09T03:16:21.766Z,smriti9/create-site,      method = None
2026-07-09T03:16:21.766Z,smriti9/create-site,      methodargs = None
2026-07-09T03:16:21.766Z,smriti9/create-site,      force = False
2026-07-09T03:16:21.766Z,smriti9/create-site,"      conf = frappe.utils.local.LocalProxy{'allow_cors_origin': 'http://localhost:8080', 'db_host': 'db', 'db_port': 3306, 'redis_cache': 'redis://redis-cache:6379', 'redis_queue': 'redis://redis-queue:6379', 'redis_socketio': 'redis://redis-queue:6379', 'socketio_port': 9000, 'db_name': '_02734b626d19e18d', 'db_password': 'kazEcvTnXUmSSNCE', 'db_type': 'mariadb', 'db_user': '_02734b626d19e18d', 'db_socket': None, 'developer_mode': 0}"
2026-07-09T03:16:21.766Z,smriti9/create-site,"  File ""apps/frappe/frappe/modules/patch_handler.py"", line 188, in execute_patch"
2026-07-09T03:16:21.766Z,smriti9/create-site,    _patch()
2026-07-09T03:16:21.766Z,smriti9/create-site,      patchmodule = 'smriti_retail_os.patches.seed_printability_formula'
2026-07-09T03:16:21.766Z,smriti9/create-site,      method = None
2026-07-09T03:16:21.766Z,smriti9/create-site,      methodargs = None
2026-07-09T03:16:21.766Z,smriti9/create-site,      has_patch_file = True
2026-07-09T03:16:21.766Z,smriti9/create-site,      patch = 'smriti_retail_os.patches.seed_printability_formula.execute'
2026-07-09T03:16:21.766Z,smriti9/create-site,      docstring = ''
2026-07-09T03:16:21.766Z,smriti9/create-site,      _patch = <function execute at 0x72e7d77228d0>
2026-07-09T03:16:21.766Z,smriti9/create-site,      start_time = 653.271206488
2026-07-09T03:16:21.766Z,smriti9/create-site,"  File ""apps/smriti_retail_os/smriti_retail_os/patches/seed_printability_formula.py"", line 66, in execute"
2026-07-09T03:16:21.766Z,smriti9/create-site,    doc_name = smriti.db.get(
2026-07-09T03:16:21.766Z,smriti9/create-site,"      formula = {'formula_id': 'SMRITI-PRN-SCORE-01', 'formula_name': 'Printability Score Engine', 'formula_version': '1.0.0', 'formula_category': 'Audit', 'status': 'Approved', 'is_active': 1, 'effective_date': '2026-06-20', 'implementation_reference': 'barcode_api.py::calculate_printability_score', 'dependent_features': '[""Barcode Studio"", ""Label Customization""]', 'formula_expression': 'printability_score = margin_safety_score + quiet_zone_score + text_overflow_score + density_compliance_score + collision_score', 'formula_language': 'documentation', 'variables_and_inputs': '{""margin_safety_score"": ""Score based on elements remaining inside safe margins (max 25)"", ""quiet_zone_score"": ""Score based on barcode...Quiet Zone = 25/25, Text Overflow = 10/20, Density = 12/15, Collision = 10/15 => Total = 82."", ""weights"": {""margin"": 25, ""quiet_zone"": 25, ""overflow"": 20, ""density"": 15, ""collision"": 15}, ""grade_bands"": {""A+"": [95, 100], ""A"": [90, 94], ""B"": [80, 89], ""C"": [70, 79], ""F"": [0, 69]}, ""version"": ""1.0""}'}"
2026-07-09T03:16:21.766Z,smriti9/create-site,"  File ""apps/smriti_retail_os/smriti_retail_os/core/platform/db.py"", line 47, in get"
2026-07-09T03:16:21.766Z,smriti9/create-site,"    return smriti.db.get(resolve(model_name), name, fields, as_dict=as_dict)"
2026-07-09T03:16:21.766Z,smriti9/create-site,      model_name = 'SMRITI Formula Definition'
2026-07-09T03:16:21.766Z,smriti9/create-site,"      name = {'formula_id': 'SMRITI-PRN-SCORE-01', 'formula_version': '1.0.0'}"
2026-07-09T03:16:21.766Z,smriti9/create-site,      fields = 'name'
2026-07-09T03:16:21.766Z,smriti9/create-site,      as_dict = True
2026-07-09T03:16:21.766Z,smriti9/create-site,      frappe = <module 'frappe' from 'apps/frappe/frappe/__init__.py'>
2026-07-09T03:16:21.766Z,smriti9/create-site,builtins.NameError: name 'smriti' is not defined
2026-07-09T03:16:21.766Z,smriti9/create-site,
2026-07-09T03:16:21.766Z,smriti9/create-site,Executing smriti_retail_os.patches.seed_telemetry_meta in smriti_retail (_02734b626d19e18d)
2026-07-09T03:16:21.766Z,smriti9/create-site,Failed to execute patch
2026-07-09T03:16:21.766Z,smriti9/create-site,Traceback with variables (most recent call last):
2026-07-09T03:16:21.766Z,smriti9/create-site,"  File ""apps/frappe/frappe/modules/patch_handler.py"", line 62, in run_patch"
2026-07-09T03:16:21.766Z,smriti9/create-site,    if not run_single(patchmodule=patch):
2026-07-09T03:16:21.766Z,smriti9/create-site,      patch = 'smriti_retail_os.patches.seed_telemetry_meta'
2026-07-09T03:16:21.766Z,smriti9/create-site,      skip_failing = True
2026-07-09T03:16:21.766Z,smriti9/create-site,"  File ""apps/frappe/frappe/modules/patch_handler.py"", line 152, in run_single"
2026-07-09T03:16:21.766Z,smriti9/create-site,"    return execute_patch(patchmodule, method, methodargs)"
2026-07-09T03:16:21.766Z,smriti9/create-site,      patchmodule = 'smriti_retail_os.patches.seed_telemetry_meta'
2026-07-09T03:16:21.766Z,smriti9/create-site,      method = None
2026-07-09T03:16:21.766Z,smriti9/create-site,      methodargs = None
2026-07-09T03:16:21.766Z,smriti9/create-site,      force = False
2026-07-09T03:16:21.766Z,smriti9/create-site,"      conf = frappe.utils.local.LocalProxy{'allow_cors_origin': 'http://localhost:8080', 'db_host': 'db', 'db_port': 3306, 'redis_cache': 'redis://redis-cache:6379', 'redis_queue': 'redis://redis-queue:6379', 'redis_socketio': 'redis://redis-queue:6379', 'socketio_port': 9000, 'db_name': '_02734b626d19e18d', 'db_password': 'kazEcvTnXUmSSNCE', 'db_type': 'mariadb', 'db_user': '_02734b626d19e18d', 'db_socket': None, 'developer_mode': 0}"
2026-07-09T03:16:21.766Z,smriti9/create-site,"  File ""apps/frappe/frappe/modules/patch_handler.py"", line 188, in execute_patch"
2026-07-09T03:16:21.766Z,smriti9/create-site,    _patch()
2026-07-09T03:16:21.766Z,smriti9/create-site,      patchmodule = 'smriti_retail_os.patches.seed_telemetry_meta'
2026-07-09T03:16:21.766Z,smriti9/create-site,      method = None
2026-07-09T03:16:21.766Z,smriti9/create-site,      methodargs = None
2026-07-09T03:16:21.766Z,smriti9/create-site,      has_patch_file = True
2026-07-09T03:16:21.766Z,smriti9/create-site,      patch = 'smriti_retail_os.patches.seed_telemetry_meta.execute'
2026-07-09T03:16:21.766Z,smriti9/create-site,      docstring = ''
2026-07-09T03:16:21.766Z,smriti9/create-site,      _patch = <function execute at 0x72e7d7722c40>
2026-07-09T03:16:21.766Z,smriti9/create-site,      start_time = 653.327393985
2026-07-09T03:16:21.766Z,smriti9/create-site,"  File ""apps/smriti_retail_os/smriti_retail_os/patches/seed_telemetry_meta.py"", line 38, in execute"
2026-07-09T03:16:21.766Z,smriti9/create-site,"    if not smriti.db.exists(""SMRITI Telemetry Event Definition"", ev[""name""]):"
2026-07-09T03:16:21.766Z,smriti9/create-site,"      events = [{'name': 'SCAN-EVT-001', 'event_name': 'Barcode Scan Success', 'description': 'Barcode successfully decoded on the first attempt (Scan attempts = 1, Success = 1).'}, {'name': 'SCAN-EVT-002', 'event_name': 'Barcode Scan Retry', 'description': 'Barcode successfully decoded after multiple attempts (Scan attempts > 1, Success = 1).'}, {'name': 'SCAN-EVT-003', 'event_name': 'Barcode Scan Failure', 'description': 'Barcode failed to decode or scanning was bypassed by manual keyboard entry (Success = 0).'}]"
2026-07-09T03:16:21.766Z,smriti9/create-site,"      ev = {'name': 'SCAN-EVT-001', 'event_name': 'Barcode Scan Success', 'description': 'Barcode successfully decoded on the first attempt (Scan attempts = 1, Success = 1).'}"
2026-07-09T03:16:21.766Z,smriti9/create-site,"  File ""apps/smriti_retail_os/smriti_retail_os/core/platform/db.py"", line 135, in exists"
2026-07-09T03:16:21.766Z,smriti9/create-site,"    return bool(smriti.db.exists(resolve(model_name), filters))"
2026-07-09T03:16:21.766Z,smriti9/create-site,      model_name = 'SMRITI Telemetry Event Definition'
2026-07-09T03:16:21.766Z,smriti9/create-site,      filters = 'SCAN-EVT-001'
2026-07-09T03:16:21.766Z,smriti9/create-site,      frappe = <module 'frappe' from 'apps/frappe/frappe/__init__.py'>
2026-07-09T03:16:21.766Z,smriti9/create-site,builtins.NameError: name 'smriti' is not defined
2026-07-09T03:16:21.766Z,smriti9/create-site,
2026-07-09T03:16:21.766Z,smriti9/create-site,Executing smriti_retail_os.patches.seed_intelligence_formulas in smriti_retail (_02734b626d19e18d)
2026-07-09T03:16:21.766Z,smriti9/create-site,Failed to execute patch
2026-07-09T03:16:21.766Z,smriti9/create-site,Traceback with variables (most recent call last):
2026-07-09T03:16:21.766Z,smriti9/create-site,"  File ""apps/frappe/frappe/modules/patch_handler.py"", line 62, in run_patch"
2026-07-09T03:16:21.766Z,smriti9/create-site,    if not run_single(patchmodule=patch):
2026-07-09T03:16:21.766Z,smriti9/create-site,      patch = 'smriti_retail_os.patches.seed_intelligence_formulas'
2026-07-09T03:16:21.766Z,smriti9/create-site,      skip_failing = True
2026-07-09T03:16:21.766Z,smriti9/create-site,"  File ""apps/frappe/frappe/modules/patch_handler.py"", line 152, in run_single"
2026-07-09T03:16:21.766Z,smriti9/create-site,"    return execute_patch(patchmodule, method, methodargs)"
2026-07-09T03:16:21.766Z,smriti9/create-site,      patchmodule = 'smriti_retail_os.patches.seed_intelligence_formulas'
2026-07-09T03:16:21.766Z,smriti9/create-site,      method = None
2026-07-09T03:16:21.766Z,smriti9/create-site,      methodargs = None
2026-07-09T03:16:21.766Z,smriti9/create-site,      force = False
2026-07-09T03:16:21.766Z,smriti9/create-site,"      conf = frappe.utils.local.LocalProxy{'allow_cors_origin': 'http://localhost:8080', 'db_host': 'db', 'db_port': 3306, 'redis_cache': 'redis://redis-cache:6379', 'redis_queue': 'redis://redis-queue:6379', 'redis_socketio': 'redis://redis-queue:6379', 'socketio_port': 9000, 'db_name': '_02734b626d19e18d', 'db_password': 'kazEcvTnXUmSSNCE', 'db_type': 'mariadb', 'db_user': '_02734b626d19e18d', 'db_socket': None, 'developer_mode': 0}"
2026-07-09T03:16:21.766Z,smriti9/create-site,"  File ""apps/frappe/frappe/modules/patch_handler.py"", line 188, in execute_patch"
2026-07-09T03:16:21.766Z,smriti9/create-site,    _patch()
2026-07-09T03:16:21.766Z,smriti9/create-site,      patchmodule = 'smriti_retail_os.patches.seed_intelligence_formulas'
2026-07-09T03:16:21.766Z,smriti9/create-site,      method = None
2026-07-09T03:16:21.766Z,smriti9/create-site,      methodargs = None
2026-07-09T03:16:21.766Z,smriti9/create-site,      has_patch_file = True
2026-07-09T03:16:21.766Z,smriti9/create-site,      patch = 'smriti_retail_os.patches.seed_intelligence_formulas.execute'
2026-07-09T03:16:21.766Z,smriti9/create-site,      docstring = ''
2026-07-09T03:16:21.766Z,smriti9/create-site,      _patch = <function execute at 0x72e7d7723060>
2026-07-09T03:16:21.766Z,smriti9/create-site,      start_time = 653.389349197
2026-07-09T03:16:21.766Z,smriti9/create-site,"  File ""apps/smriti_retail_os/smriti_retail_os/patches/seed_intelligence_formulas.py"", line 133, in execute"
2026-07-09T03:16:21.766Z,smriti9/create-site,    doc_name = smriti.db.get(
2026-07-09T03:16:21.766Z,smriti9/create-site,"      formulas = [{'formula_id': 'TST-CHURN', 'formula_name': 'Churn Risk Score', 'formula_version': '1.0.0', 'formula_category': 'Sales Analytics', 'status': 'Approved', 'is_active': 1, 'effective_date': '2026-06-22', 'formula_expression': '(days_since_last_visit - visit_frequency_days) / visit_frequency_days * 100', 'formula_language': 'python', 'variables_and_inputs': '{""days_since_last_visit"": ""Days elapsed since the customer's last checkout visit"", ""visit_frequency_days"": ""Average visit interval (cycle) in days""}', 'data_sources': 'tabSMRITI Customer Graph', 'business_owner': 'Jawahar R. Mallah', 'technical_owner': 'AITDL Core Team', 'business_meaning': 'Measures the likelihood of a customer churning...."", ""bands"": [{""min"": 0, ""max"": 30, ""label"": ""Low Response""}, {""min"": 30, ""max"": 70, ""label"": ""Moderate""}, {""min"": 70, ""max"": 100, ""label"": ""High""}], ""actions"": [""Include in standard marketing lists for Low"", ""Target for special events for Moderate"", ""Send personalized luxury previews for High""]}'}]"
2026-07-09T03:16:21.766Z,smriti9/create-site,"      f = {'formula_id': 'TST-CHURN', 'formula_name': 'Churn Risk Score', 'formula_version': '1.0.0', 'formula_category': 'Sales Analytics', 'status': 'Approved', 'is_active': 1, 'effective_date': '2026-06-22', 'formula_expression': '(days_since_last_visit - visit_frequency_days) / visit_frequency_days * 100', 'formula_language': 'python', 'variables_and_inputs': '{""days_since_last_visit"": ""Days elapsed since the customer\'s last checkout visit"", ""visit_frequency_days"": ""Average visit interval (cycle) in days""}', 'data_sources': 'tabSMRITI Customer Graph', 'business_owner': 'Jawahar R. Mallah', 'technical_owner': 'AITDL Core Team', 'business_meaning': 'Measures the likelihood of a customer churning ba...5-30)/30 * 100 = 50% Churn Risk."", ""bands"": [{""min"": 0, ""max"": 40, ""label"": ""Healthy""}, {""min"": 40, ""max"": 70, ""label"": ""Warning""}, {""min"": 70, ""max"": 100, ""label"": ""Critical""}], ""actions"": [""No action needed for Healthy"", ""Send check-in greeting for Warning"", ""Send discount coupon for Critical""]}'}"
2026-07-09T03:16:21.766Z,smriti9/create-site,"  File ""apps/smriti_retail_os/smriti_retail_os/core/platform/db.py"", line 47, in get"
2026-07-09T03:16:21.766Z,smriti9/create-site,"    return smriti.db.get(resolve(model_name), name, fields, as_dict=as_dict)"
2026-07-09T03:16:21.766Z,smriti9/create-site,      model_name = 'SMRITI Formula Definition'
2026-07-09T03:16:21.766Z,smriti9/create-site,"      name = {'formula_id': 'TST-CHURN', 'formula_version': '1.0.0'}"
2026-07-09T03:16:21.766Z,smriti9/create-site,      fields = 'name'
2026-07-09T03:16:21.766Z,smriti9/create-site,      as_dict = True
2026-07-09T03:16:21.766Z,smriti9/create-site,      frappe = <module 'frappe' from 'apps/frappe/frappe/__init__.py'>
2026-07-09T03:16:21.766Z,smriti9/create-site,builtins.NameError: name 'smriti' is not defined
2026-07-09T03:16:21.767Z,smriti9/create-site,
2026-07-09T03:16:21.767Z,smriti9/create-site,Executing smriti_retail_os.patches.seed_intelligence_terms in smriti_retail (_02734b626d19e18d)
2026-07-09T03:16:21.767Z,smriti9/create-site,
2026-07-09T03:16:21.767Z,smriti9/create-site,	Migration patch to seed 5 new SMRITI Business Dictionary terms for Customer Intelligence.
2026-07-09T03:16:21.767Z,smriti9/create-site,	Uses a 2-phase approach to avoid forward-reference LinkValidationErrors.
2026-07-09T03:16:21.767Z,smriti9/create-site,
2026-07-09T03:16:21.767Z,smriti9/create-site,Phase 1: Seeding 5 SMRITI Business Dictionary intelligence terms...
2026-07-09T03:16:21.767Z,smriti9/create-site,Failed to execute patch
2026-07-09T03:16:21.767Z,smriti9/create-site,Traceback with variables (most recent call last):
2026-07-09T03:16:21.767Z,smriti9/create-site,"  File ""apps/frappe/frappe/modules/patch_handler.py"", line 62, in run_patch"
2026-07-09T03:16:21.767Z,smriti9/create-site,    if not run_single(patchmodule=patch):
2026-07-09T03:16:21.767Z,smriti9/create-site,      patch = 'smriti_retail_os.patches.seed_intelligence_terms'
2026-07-09T03:16:21.767Z,smriti9/create-site,      skip_failing = True
2026-07-09T03:16:21.767Z,smriti9/create-site,"  File ""apps/frappe/frappe/modules/patch_handler.py"", line 152, in run_single"
2026-07-09T03:16:21.767Z,smriti9/create-site,"    return execute_patch(patchmodule, method, methodargs)"
2026-07-09T03:16:21.767Z,smriti9/create-site,      patchmodule = 'smriti_retail_os.patches.seed_intelligence_terms'
2026-07-09T03:16:21.767Z,smriti9/create-site,      method = None
2026-07-09T03:16:21.767Z,smriti9/create-site,      methodargs = None
2026-07-09T03:16:21.767Z,smriti9/create-site,      force = False
2026-07-09T03:16:21.767Z,smriti9/create-site,"      conf = frappe.utils.local.LocalProxy{'allow_cors_origin': 'http://localhost:8080', 'db_host': 'db', 'db_port': 3306, 'redis_cache': 'redis://redis-cache:6379', 'redis_queue': 'redis://redis-queue:6379', 'redis_socketio': 'redis://redis-queue:6379', 'socketio_port': 9000, 'db_name': '_02734b626d19e18d', 'db_password': 'kazEcvTnXUmSSNCE', 'db_type': 'mariadb', 'db_user': '_02734b626d19e18d', 'db_socket': None, 'developer_mode': 0}"
2026-07-09T03:16:21.767Z,smriti9/create-site,"  File ""apps/frappe/frappe/modules/patch_handler.py"", line 188, in execute_patch"
2026-07-09T03:16:21.767Z,smriti9/create-site,    _patch()
2026-07-09T03:16:21.767Z,smriti9/create-site,      patchmodule = 'smriti_retail_os.patches.seed_intelligence_terms'
2026-07-09T03:16:21.767Z,smriti9/create-site,      method = None
2026-07-09T03:16:21.767Z,smriti9/create-site,      methodargs = None
2026-07-09T03:16:21.767Z,smriti9/create-site,      has_patch_file = True
2026-07-09T03:16:21.767Z,smriti9/create-site,      patch = 'smriti_retail_os.patches.seed_intelligence_terms.execute'
2026-07-09T03:16:21.767Z,smriti9/create-site,      docstring = '
2026-07-09T03:16:21.767Z,smriti9/create-site,      
2026-07-09T03:16:21.767Z,smriti9/create-site,      	Migration patch to seed 5 new SMRITI Business Dictionary terms for Customer Intelligence.
2026-07-09T03:16:21.767Z,smriti9/create-site,      	Uses a 2-phase approach to avoid forward-reference LinkValidationErrors.
2026-07-09T03:16:21.767Z,smriti9/create-site,      '
2026-07-09T03:16:21.767Z,smriti9/create-site,      _patch = <function execute at 0x72e7d7723320>
2026-07-09T03:16:21.767Z,smriti9/create-site,      start_time = 653.452708367
2026-07-09T03:16:21.767Z,smriti9/create-site,"  File ""apps/smriti_retail_os/smriti_retail_os/patches/seed_intelligence_terms.py"", line 146, in execute"
2026-07-09T03:16:21.767Z,smriti9/create-site,"    exists_name = smriti.db.exists(""SMRITI Business Term"", {""term_id"": t[""term_id""], ""term_version"": t[""dictionary_version""]})"
2026-07-09T03:16:21.767Z,smriti9/create-site,"      intelligence_terms = [{'term_id': 'CIG', 'term_name': 'Customer Intelligence Graph', 'term_category': 'Customer', 'definition': 'The Customer Intelligence Graph aggregates party metrics including checkout timelines, purchase histories, product sizing, and promotional responses to generate predictive scores.', 'hinglish_definition': 'Customer ke profile information, checkout history, sizing categories, aur campaign engagement activity ko consolidate karke calculations and predictions run karne wala advanced database engine.', 'term_aliases': ['CIG', 'Customer Intelligence Graph', 'Intelligence Graph'], 'manual_reference': 'Volume 2 > Manager Guide', 'training_reference': 'TRN-CIG-001', 'related_formulas': [], ...man checkout decisions.', 'dictionary_key': '', 'projection_path': '', 'entity_type': '', 'data_type': 'String', 'measure_or_dimension': 'Dimension', 'is_groupable': 0, 'is_filterable': 0, 'is_reportable': 0, 'default_aggregation': 'None', 'approval_status': 'Approved', 'dictionary_version': '1.0'}]"
2026-07-09T03:16:21.767Z,smriti9/create-site,"      t = {'term_id': 'CIG', 'term_name': 'Customer Intelligence Graph', 'term_category': 'Customer', 'definition': 'The Customer Intelligence Graph aggregates party metrics including checkout timelines, purchase histories, product sizing, and promotional responses to generate predictive scores.', 'hinglish_definition': 'Customer ke profile information, checkout history, sizing categories, aur campaign engagement activity ko consolidate karke calculations and predictions run karne wala advanced database engine.', 'term_aliases': ['CIG', 'Customer Intelligence Graph', 'Intelligence Graph'], 'manual_reference': 'Volume 2 > Manager Guide', 'training_reference': 'TRN-CIG-001', 'related_formulas': [], 'rel...er profiles dynamically.', 'dictionary_key': '', 'projection_path': '', 'entity_type': '', 'data_type': 'String', 'measure_or_dimension': 'Dimension', 'is_groupable': 0, 'is_filterable': 0, 'is_reportable': 0, 'default_aggregation': 'None', 'approval_status': 'Approved', 'dictionary_version': '1.0'}"
2026-07-09T03:16:21.767Z,smriti9/create-site,"  File ""apps/smriti_retail_os/smriti_retail_os/core/platform/db.py"", line 135, in exists"
2026-07-09T03:16:21.767Z,smriti9/create-site,"    return bool(smriti.db.exists(resolve(model_name), filters))"
2026-07-09T03:16:21.767Z,smriti9/create-site,      model_name = 'SMRITI Business Term'
2026-07-09T03:16:21.767Z,smriti9/create-site,"      filters = {'term_id': 'CIG', 'term_version': '1.0'}"
2026-07-09T03:16:21.767Z,smriti9/create-site,      frappe = <module 'frappe' from 'apps/frappe/frappe/__init__.py'>
2026-07-09T03:16:21.767Z,smriti9/create-site,builtins.NameError: name 'smriti' is not defined
2026-07-09T03:16:21.767Z,smriti9/create-site,
2026-07-09T03:16:21.767Z,smriti9/create-site,Executing smriti_retail_os.patches.v1_8_7.add_idempotency_key_index in smriti_retail (_02734b626d19e18d)
2026-07-09T03:16:21.767Z,smriti9/create-site,	Ensures the SMRITI UIE Sync Queue database table has an index on 'idempotency_key'.
2026-07-09T03:16:21.767Z,smriti9/create-site,Success: Done in 0.004s
2026-07-09T03:16:21.767Z,smriti9/create-site,Executing smriti_retail_os.patches.seed_purchase_report_templates in smriti_retail (_02734b626d19e18d)
2026-07-09T03:16:21.767Z,smriti9/create-site,	Idempotent seed: upserts 6 Purchase Report Templates.
2026-07-09T03:16:21.767Z,smriti9/create-site,Failed to execute patch
2026-07-09T03:16:21.767Z,smriti9/create-site,Traceback with variables (most recent call last):
2026-07-09T03:16:21.767Z,smriti9/create-site,"  File ""apps/frappe/frappe/modules/patch_handler.py"", line 62, in run_patch"
2026-07-09T03:16:21.767Z,smriti9/create-site,    if not run_single(patchmodule=patch):
2026-07-09T03:16:21.767Z,smriti9/create-site,      patch = 'smriti_retail_os.patches.seed_purchase_report_templates'
2026-07-09T03:16:21.767Z,smriti9/create-site,      skip_failing = True
2026-07-09T03:16:21.767Z,smriti9/create-site,"  File ""apps/frappe/frappe/modules/patch_handler.py"", line 152, in run_single"
2026-07-09T03:16:21.767Z,smriti9/create-site,"    return execute_patch(patchmodule, method, methodargs)"
2026-07-09T03:16:21.767Z,smriti9/create-site,      patchmodule = 'smriti_retail_os.patches.seed_purchase_report_templates'
2026-07-09T03:16:21.767Z,smriti9/create-site,      method = None
2026-07-09T03:16:21.767Z,smriti9/create-site,      methodargs = None
2026-07-09T03:16:21.767Z,smriti9/create-site,      force = False
2026-07-09T03:16:21.767Z,smriti9/create-site,"      conf = frappe.utils.local.LocalProxy{'allow_cors_origin': 'http://localhost:8080', 'db_host': 'db', 'db_port': 3306, 'redis_cache': 'redis://redis-cache:6379', 'redis_queue': 'redis://redis-queue:6379', 'redis_socketio': 'redis://redis-queue:6379', 'socketio_port': 9000, 'db_name': '_02734b626d19e18d', 'db_password': 'kazEcvTnXUmSSNCE', 'db_type': 'mariadb', 'db_user': '_02734b626d19e18d', 'db_socket': None, 'developer_mode': 0}"
2026-07-09T03:16:21.767Z,smriti9/create-site,"  File ""apps/frappe/frappe/modules/patch_handler.py"", line 188, in execute_patch"
2026-07-09T03:16:21.767Z,smriti9/create-site,    _patch()
2026-07-09T03:16:21.767Z,smriti9/create-site,      patchmodule = 'smriti_retail_os.patches.seed_purchase_report_templates'
2026-07-09T03:16:21.767Z,smriti9/create-site,      method = None
2026-07-09T03:16:21.767Z,smriti9/create-site,      methodargs = None
2026-07-09T03:16:21.767Z,smriti9/create-site,      has_patch_file = True
2026-07-09T03:16:21.767Z,smriti9/create-site,      patch = 'smriti_retail_os.patches.seed_purchase_report_templates.execute'
2026-07-09T03:16:21.767Z,smriti9/create-site,      docstring = '
2026-07-09T03:16:21.767Z,smriti9/create-site,      	Idempotent seed: upserts 6 Purchase Report Templates.'
2026-07-09T03:16:21.767Z,smriti9/create-site,      _patch = <function execute at 0x72e7d7723b60>
2026-07-09T03:16:21.767Z,smriti9/create-site,      start_time = 653.557950986
2026-07-09T03:16:21.767Z,smriti9/create-site,"  File ""apps/smriti_retail_os/smriti_retail_os/patches/seed_purchase_report_templates.py"", line 199, in execute"
2026-07-09T03:16:21.767Z,smriti9/create-site,"    if smriti.db.exists(""SMRITI Report Template"", report_key):"
2026-07-09T03:16:21.767Z,smriti9/create-site,"      tmpl = {'report_key': 'purchase_order_summary', 'report_name': 'SMRITI Purchase Order Summary', 'report_category': 'Purchase', 'is_public': 1, 'cache_minutes': 5, 'schema_version': '1.0', 'company_restricted': 0, 'branch_restricted': 0, 'columns_json': '[{""fieldname"": ""po_number"", ""label"": ""PO Number"", ""fieldtype"": ""Data"", ""width"": 160}, {""fieldname"": ""posting_date"", ""label"": ""Date"", ""fieldtype"": ""Date"", ""width"": 110}, {""fieldname"": ""supplier"", ""label"": ""Supplier"", ""fieldtype"": ""Data"", ""width"": 130}, {""fieldname"": ""supplier_name"", ""label"": ""Supplier Name"", ""fieldtype"": ""Data"", ""width"": 180}, {""fieldname"": ""status"", ""label"": ""Status"", ""fieldtype"": ""Data"", ""width"": 100}, {""fieldname"": ""project"", ""lab...Receive and Bill\\nTo Bill\\nTo Receive\\nCompleted\\nCancelled\\nClosed"", ""default"": """"}, {""fieldname"": ""project"", ""label"": ""Project"", ""fieldtype"": ""Link"", ""options"": ""Project"", ""default"": """"}, {""fieldname"": ""company"", ""label"": ""Company"", ""fieldtype"": ""Link"", ""options"": ""Company"", ""default"": """"}]'}"
2026-07-09T03:16:21.767Z,smriti9/create-site,      report_key = ********
2026-07-09T03:16:21.767Z,smriti9/create-site,"  File ""apps/smriti_retail_os/smriti_retail_os/core/platform/db.py"", line 135, in exists"
2026-07-09T03:16:21.767Z,smriti9/create-site,"    return bool(smriti.db.exists(resolve(model_name), filters))"
2026-07-09T03:16:21.767Z,smriti9/create-site,      model_name = 'SMRITI Report Template'
2026-07-09T03:16:21.767Z,smriti9/create-site,      filters = 'purchase_order_summary'
2026-07-09T03:16:21.767Z,smriti9/create-site,      frappe = <module 'frappe' from 'apps/frappe/frappe/__init__.py'>
2026-07-09T03:16:21.767Z,smriti9/create-site,builtins.NameError: name 'smriti' is not defined
2026-07-09T03:16:21.767Z,smriti9/create-site,
2026-07-09T03:16:21.767Z,smriti9/create-site,Executing smriti_retail_os.patches.install_srle_layout_prefs_field in smriti_retail (_02734b626d19e18d)
2026-07-09T03:16:21.767Z,smriti9/create-site,Failed to execute patch
2026-07-09T03:16:21.767Z,smriti9/create-site,Traceback with variables (most recent call last):
2026-07-09T03:16:21.767Z,smriti9/create-site,"  File ""apps/frappe/frappe/modules/patch_handler.py"", line 62, in run_patch"
2026-07-09T03:16:21.767Z,smriti9/create-site,    if not run_single(patchmodule=patch):
2026-07-09T03:16:21.767Z,smriti9/create-site,      patch = 'smriti_retail_os.patches.install_srle_layout_prefs_field'
2026-07-09T03:16:21.767Z,smriti9/create-site,      skip_failing = True
2026-07-09T03:16:21.767Z,smriti9/create-site,"  File ""apps/frappe/frappe/modules/patch_handler.py"", line 152, in run_single"
2026-07-09T03:16:21.767Z,smriti9/create-site,"    return execute_patch(patchmodule, method, methodargs)"
2026-07-09T03:16:21.767Z,smriti9/create-site,      patchmodule = 'smriti_retail_os.patches.install_srle_layout_prefs_field'
2026-07-09T03:16:21.767Z,smriti9/create-site,      method = None
2026-07-09T03:16:21.767Z,smriti9/create-site,      methodargs = None
2026-07-09T03:16:21.767Z,smriti9/create-site,      force = False
2026-07-09T03:16:21.767Z,smriti9/create-site,"      conf = frappe.utils.local.LocalProxy{'allow_cors_origin': 'http://localhost:8080', 'db_host': 'db', 'db_port': 3306, 'redis_cache': 'redis://redis-cache:6379', 'redis_queue': 'redis://redis-queue:6379', 'redis_socketio': 'redis://redis-queue:6379', 'socketio_port': 9000, 'db_name': '_02734b626d19e18d', 'db_password': 'kazEcvTnXUmSSNCE', 'db_type': 'mariadb', 'db_user': '_02734b626d19e18d', 'db_socket': None, 'developer_mode': 0}"
2026-07-09T03:16:21.767Z,smriti9/create-site,"  File ""apps/frappe/frappe/modules/patch_handler.py"", line 188, in execute_patch"
2026-07-09T03:16:21.767Z,smriti9/create-site,    _patch()
2026-07-09T03:16:21.767Z,smriti9/create-site,      patchmodule = 'smriti_retail_os.patches.install_srle_layout_prefs_field'
2026-07-09T03:16:21.767Z,smriti9/create-site,      method = None
2026-07-09T03:16:21.767Z,smriti9/create-site,      methodargs = None
2026-07-09T03:16:21.767Z,smriti9/create-site,      has_patch_file = True
2026-07-09T03:16:21.767Z,smriti9/create-site,      patch = 'smriti_retail_os.patches.install_srle_layout_prefs_field.execute'
2026-07-09T03:16:21.767Z,smriti9/create-site,      docstring = ''
2026-07-09T03:16:21.767Z,smriti9/create-site,      _patch = <function execute at 0x72e7d77d10c0>
2026-07-09T03:16:21.767Z,smriti9/create-site,      start_time = 653.627464731
2026-07-09T03:16:21.767Z,smriti9/create-site,"  File ""apps/smriti_retail_os/smriti_retail_os/patches/install_srle_layout_prefs_field.py"", line 21, in execute"
2026-07-09T03:16:21.767Z,smriti9/create-site,"    if smriti.db.exists(""Custom Field"", field_name):"
2026-07-09T03:16:21.767Z,smriti9/create-site,      field_name = 'User-smriti_layout_prefs'
2026-07-09T03:16:21.767Z,smriti9/create-site,"  File ""apps/smriti_retail_os/smriti_retail_os/core/platform/db.py"", line 135, in exists"
2026-07-09T03:16:21.767Z,smriti9/create-site,"    return bool(smriti.db.exists(resolve(model_name), filters))"
2026-07-09T03:16:21.767Z,smriti9/create-site,      model_name = 'Custom Field'
2026-07-09T03:16:21.767Z,smriti9/create-site,      filters = 'User-smriti_layout_prefs'
2026-07-09T03:16:21.767Z,smriti9/create-site,      frappe = <module 'frappe' from 'apps/frappe/frappe/__init__.py'>
2026-07-09T03:16:21.767Z,smriti9/create-site,builtins.NameError: name 'smriti' is not defined
2026-07-09T03:16:21.767Z,smriti9/create-site,
2026-07-09T03:16:21.767Z,smriti9/create-site,Executing smriti_retail_os.patches.add_tds_and_threshold_fields in smriti_retail (_02734b626d19e18d)
2026-07-09T03:16:21.767Z,smriti9/create-site,Failed to execute patch
2026-07-09T03:16:21.767Z,smriti9/create-site,Traceback with variables (most recent call last):
2026-07-09T03:16:21.767Z,smriti9/create-site,"  File ""apps/frappe/frappe/modules/patch_handler.py"", line 62, in run_patch"
2026-07-09T03:16:21.767Z,smriti9/create-site,    if not run_single(patchmodule=patch):
2026-07-09T03:16:21.767Z,smriti9/create-site,      patch = 'smriti_retail_os.patches.add_tds_and_threshold_fields'
2026-07-09T03:16:21.767Z,smriti9/create-site,      skip_failing = True
2026-07-09T03:16:21.767Z,smriti9/create-site,"  File ""apps/frappe/frappe/modules/patch_handler.py"", line 152, in run_single"
2026-07-09T03:16:21.767Z,smriti9/create-site,"    return execute_patch(patchmodule, method, methodargs)"
2026-07-09T03:16:21.767Z,smriti9/create-site,      patchmodule = 'smriti_retail_os.patches.add_tds_and_threshold_fields'
2026-07-09T03:16:21.767Z,smriti9/create-site,      method = None
2026-07-09T03:16:21.767Z,smriti9/create-site,      methodargs = None
2026-07-09T03:16:21.767Z,smriti9/create-site,      force = False
2026-07-09T03:16:21.767Z,smriti9/create-site,"      conf = frappe.utils.local.LocalProxy{'allow_cors_origin': 'http://localhost:8080', 'db_host': 'db', 'db_port': 3306, 'redis_cache': 'redis://redis-cache:6379', 'redis_queue': 'redis://redis-queue:6379', 'redis_socketio': 'redis://redis-queue:6379', 'socketio_port': 9000, 'db_name': '_02734b626d19e18d', 'db_password': 'kazEcvTnXUmSSNCE', 'db_type': 'mariadb', 'db_user': '_02734b626d19e18d', 'db_socket': None, 'developer_mode': 0}"
2026-07-09T03:16:21.767Z,smriti9/create-site,"  File ""apps/frappe/frappe/modules/patch_handler.py"", line 188, in execute_patch"
2026-07-09T03:16:21.767Z,smriti9/create-site,    _patch()
2026-07-09T03:16:21.767Z,smriti9/create-site,      patchmodule = 'smriti_retail_os.patches.add_tds_and_threshold_fields'
2026-07-09T03:16:21.767Z,smriti9/create-site,      method = None
2026-07-09T03:16:21.767Z,smriti9/create-site,      methodargs = None
2026-07-09T03:16:21.767Z,smriti9/create-site,      has_patch_file = True
2026-07-09T03:16:21.767Z,smriti9/create-site,      patch = 'smriti_retail_os.patches.add_tds_and_threshold_fields.execute'
2026-07-09T03:16:21.767Z,smriti9/create-site,      docstring = ''
2026-07-09T03:16:21.767Z,smriti9/create-site,      _patch = <function execute at 0x72e7d77d1010>
2026-07-09T03:16:21.767Z,smriti9/create-site,      start_time = 653.675933212
2026-07-09T03:16:21.767Z,smriti9/create-site,"  File ""apps/smriti_retail_os/smriti_retail_os/patches/add_tds_and_threshold_fields.py"", line 27, in execute"
2026-07-09T03:16:21.767Z,smriti9/create-site,"    tables = [r[0] for r in smriti.db.sql(""SHOW TABLES LIKE %s"", (table,))]"
2026-07-09T03:16:21.767Z,smriti9/create-site,      table = 'tabSMRITI Supplier'
2026-07-09T03:16:21.767Z,smriti9/create-site,"  File ""apps/smriti_retail_os/smriti_retail_os/core/platform/db.py"", line 180, in sql"
2026-07-09T03:16:21.767Z,smriti9/create-site,"    return smriti.db.sql(query, values or {}, as_dict=as_dict)"
2026-07-09T03:16:21.767Z,smriti9/create-site,      query = 'SHOW TABLES LIKE %s'
2026-07-09T03:16:21.767Z,smriti9/create-site,      values = ('tabSMRITI Supplier')
2026-07-09T03:16:21.767Z,smriti9/create-site,      as_dict = True
2026-07-09T03:16:21.767Z,smriti9/create-site,      frappe = <module 'frappe' from 'apps/frappe/frappe/__init__.py'>
2026-07-09T03:16:21.767Z,smriti9/create-site,builtins.NameError: name 'smriti' is not defined
2026-07-09T03:16:21.767Z,smriti9/create-site,
2026-07-09T03:16:21.767Z,smriti9/create-site,Syncing jobs...
2026-07-09T03:16:21.767Z,smriti9/create-site,Syncing fixtures...
2026-07-09T03:16:21.767Z,smriti9/create-site,Syncing dashboards...
2026-07-09T03:16:21.767Z,smriti9/create-site,Updating Dashboard for frappe
2026-07-09T03:16:21.767Z,smriti9/create-site,Updating Dashboard for erpnext
2026-07-09T03:16:21.767Z,smriti9/create-site,Updating Dashboard for india_compliance
2026-07-09T03:16:21.767Z,smriti9/create-site,Updating Dashboard for smriti_retail_os
2026-07-09T03:16:21.767Z,smriti9/create-site,Syncing customizations...
2026-07-09T03:16:21.767Z,smriti9/create-site,Updating customizations for Address
2026-07-09T03:16:21.767Z,smriti9/create-site,Updating customizations for Contact
2026-07-09T03:16:21.767Z,smriti9/create-site,Syncing languages...
2026-07-09T03:16:21.767Z,smriti9/create-site,Flushing deferred inserts...
2026-07-09T03:16:21.767Z,smriti9/create-site,Removing orphan doctypes...
2026-07-09T03:16:39.264Z,smriti9/create-site,
2026-07-09T03:16:39.264Z,smriti9/create-site,Command: Sleep | Time: 5s | State: N/A
2026-07-09T03:16:39.264Z,smriti9/create-site,Command: Sleep | Time: 15s | State: N/ARemoving orphan Workspaces
2026-07-09T03:16:39.264Z,smriti9/create-site,Removing orphan Dashboards
2026-07-09T03:16:39.264Z,smriti9/create-site,Removing orphan Pages
2026-07-09T03:16:39.264Z,smriti9/create-site,Removing orphan Reports
2026-07-09T03:16:39.264Z,smriti9/create-site,Removing orphan Notifications
2026-07-09T03:16:39.264Z,smriti9/create-site,Removing orphan Workspace Sidebars
2026-07-09T03:16:39.264Z,smriti9/create-site,Removing orphan Desktop Icons
2026-07-09T03:16:39.264Z,smriti9/create-site,Syncing portal menu...
2026-07-09T03:16:39.264Z,smriti9/create-site,Updating installed applications...
2026-07-09T03:16:39.264Z,smriti9/create-site,Executing `after_migrate` hooks...
2026-07-09T03:16:39.264Z,smriti9/create-site,
2026-07-09T03:16:39.264Z,smriti9/create-site,Queued rebuilding of search index for smriti_retail
2026-07-09T03:16:39.264Z,smriti9/create-site,
2026-07-09T03:16:39.264Z,smriti9/create-site,Traceback (most recent call last):
2026-07-09T03:16:39.264Z,smriti9/create-site,"  File ""/home/frappe/frappe-bench/apps/frappe/frappe/utils/bench_helper.py"", line 48, in invoke"
2026-07-09T03:16:39.264Z,smriti9/create-site,    return super().invoke(ctx)
2026-07-09T03:16:39.264Z,smriti9/create-site,           ~~~~~~~~~~~~~~^^^^^
2026-07-09T03:16:39.264Z,smriti9/create-site,"  File ""/home/frappe/frappe-bench/env/lib/python3.14/site-packages/click/core.py"", line 1902, in invoke"
2026-07-09T03:16:39.264Z,smriti9/create-site,    return _process_result(sub_ctx.command.invoke(sub_ctx))
2026-07-09T03:16:39.264Z,smriti9/create-site,                           ~~~~~~~~~~~~~~~~~~~~~~^^^^^^^^^
2026-07-09T03:16:39.264Z,smriti9/create-site,"  File ""/home/frappe/frappe-bench/env/lib/python3.14/site-packages/click/core.py"", line 1298, in invoke"
2026-07-09T03:16:39.264Z,smriti9/create-site,"    return ctx.invoke(self.callback, **ctx.params)"
2026-07-09T03:16:39.264Z,smriti9/create-site,           ~~~~~~~~~~^^^^^^^^^^^^^^^^^^^^^^^^^^^^^
2026-07-09T03:16:39.264Z,smriti9/create-site,"  File ""/home/frappe/frappe-bench/env/lib/python3.14/site-packages/click/core.py"", line 853, in invoke"
2026-07-09T03:16:39.264Z,smriti9/create-site,"    return callback(*args, **kwargs)"
2026-07-09T03:16:39.264Z,smriti9/create-site,"  File ""/home/frappe/frappe-bench/env/lib/python3.14/site-packages/click/decorators.py"", line 34, in new_func"
2026-07-09T03:16:39.264Z,smriti9/create-site,"    return f(get_current_context(), *args, **kwargs)"
2026-07-09T03:16:39.264Z,smriti9/create-site,"  File ""/home/frappe/frappe-bench/apps/frappe/frappe/commands/__init__.py"", line 28, in _func"
2026-07-09T03:16:39.264Z,smriti9/create-site,"    ret = f(ctx.obj, *args, **kwargs)"
2026-07-09T03:16:39.264Z,smriti9/create-site,"  File ""/home/frappe/frappe-bench/apps/frappe/frappe/commands/site.py"", line 722, in migrate"
2026-07-09T03:16:39.264Z,smriti9/create-site,    ).run(site=site)
2026-07-09T03:16:39.264Z,smriti9/create-site,      ~~~^^^^^^^^^^^
2026-07-09T03:16:39.264Z,smriti9/create-site,"  File ""/home/frappe/frappe-bench/apps/frappe/frappe/migrate.py"", line 274, in run"
2026-07-09T03:16:39.264Z,smriti9/create-site,    self.post_schema_updates()
2026-07-09T03:16:39.264Z,smriti9/create-site,    ~~~~~~~~~~~~~~~~~~~~~~~~^^
2026-07-09T03:16:39.264Z,smriti9/create-site,"  File ""/home/frappe/frappe-bench/apps/frappe/frappe/migrate.py"", line 58, in wrapper"
2026-07-09T03:16:39.264Z,smriti9/create-site,    raise e
2026-07-09T03:16:39.264Z,smriti9/create-site,"  File ""/home/frappe/frappe-bench/apps/frappe/frappe/migrate.py"", line 50, in wrapper"
2026-07-09T03:16:39.264Z,smriti9/create-site,"    ret = method(*args, **kwargs)"
2026-07-09T03:16:39.264Z,smriti9/create-site,"  File ""/home/frappe/frappe-bench/apps/frappe/frappe/migrate.py"", line 197, in post_schema_updates"
2026-07-09T03:16:39.264Z,smriti9/create-site,    frappe.get_attr(fn)()
2026-07-09T03:16:39.264Z,smriti9/create-site,    ~~~~~~~~~~~~~~~~~~~^^
2026-07-09T03:16:39.264Z,smriti9/create-site,"  File ""/home/frappe/frappe-bench/apps/smriti_retail_os/smriti_retail_os/setup.py"", line 2089, in setup_smriti_retail_os"
2026-07-09T03:16:39.264Z,smriti9/create-site,    _seed_root_item_group()
2026-07-09T03:16:39.264Z,smriti9/create-site,    ~~~~~~~~~~~~~~~~~~~~~^^
2026-07-09T03:16:39.264Z,smriti9/create-site,"  File ""/home/frappe/frappe-bench/apps/smriti_retail_os/smriti_retail_os/setup.py"", line 2074, in _seed_root_item_group"
2026-07-09T03:16:39.264Z,smriti9/create-site,"    if not smriti.db.exists(""Item Group"", ""All Item Groups""):"
2026-07-09T03:16:39.264Z,smriti9/create-site,           ~~~~~~~~~~~~~~~~^^^^^^^^^^^^^^^^^^^^^^^^^^^^^^^^^
2026-07-09T03:16:39.264Z,smriti9/create-site,"  File ""/home/frappe/frappe-bench/apps/smriti_retail_os/smriti_retail_os/core/platform/db.py"", line 135, in exists"
2026-07-09T03:16:39.264Z,smriti9/create-site,"    return bool(smriti.db.exists(resolve(model_name), filters))"
2026-07-09T03:16:39.264Z,smriti9/create-site,                ^^^^^^
2026-07-09T03:16:39.264Z,smriti9/create-site,NameError: name 'smriti' is not defined
2026-07-09T03:16:39.264Z,smriti9/create-site,
2026-07-09T03:16:39.264Z,smriti9/create-site,name 'smriti' is not defined
2026-07-09T03:16:39.771Z,smriti9/db,2026-07-09  3:16:39 83 [Warning] Aborted connection 83 to db: '_02734b626d19e18d' user: '_02734b626d19e18d' host: '172.18.0.6' (Got an error reading communication packets)
2026-07-09T03:16:51.093Z,smriti9/redis-cache,1:M 09 Jul 2026 03:16:51.092 * 100 changes in 300 seconds. Saving...
2026-07-09T03:16:51.094Z,smriti9/redis-cache,1:M 09 Jul 2026 03:16:51.094 * Background saving started by pid 16
2026-07-09T03:16:51.111Z,smriti9/redis-cache,16:C 09 Jul 2026 03:16:51.110 * DB saved on disk
2026-07-09T03:16:51.112Z,smriti9/redis-cache,16:C 09 Jul 2026 03:16:51.111 * RDB: 0 MB of memory used by copy-on-write
2026-07-09T03:16:51.195Z,smriti9/redis-cache,1:M 09 Jul 2026 03:16:51.194 * Background saving terminated with success
2026-07-09T03:23:47.751Z,smriti9/configurator,"WARNING: The directory '/home/frappe/.cache/pip' or its parent directory is not owned or is not writable by the current user. The cache has been disabled. Check the permissions and owner of that directory. If executing pip with sudo, you should use sudo's -H flag."
2026-07-09T03:23:48.098Z,smriti9/configurator,Obtaining file:///home/frappe/frappe-bench/apps/smriti_retail_os
2026-07-09T03:23:48.104Z,smriti9/configurator,  Installing build dependencies: started
2026-07-09T03:23:49.342Z,smriti9/configurator,  Installing build dependencies: finished with status 'done'
2026-07-09T03:23:49.343Z,smriti9/configurator,  Checking if build backend supports build_editable: started
2026-07-09T03:23:49.584Z,smriti9/configurator,  Checking if build backend supports build_editable: finished with status 'done'
2026-07-09T03:23:49.585Z,smriti9/configurator,  Getting requirements to build editable: started
2026-07-09T03:23:49.773Z,smriti9/configurator,  Getting requirements to build editable: finished with status 'done'
2026-07-09T03:23:49.774Z,smriti9/configurator,  Preparing editable metadata (pyproject.toml): started
2026-07-09T03:23:49.960Z,smriti9/configurator,  Preparing editable metadata (pyproject.toml): finished with status 'done'
2026-07-09T03:23:49.976Z,smriti9/configurator,Obtaining file:///home/frappe/frappe-bench/apps/india_compliance
2026-07-09T03:23:49.982Z,smriti9/configurator,  Installing build dependencies: started
2026-07-09T03:23:51.072Z,smriti9/configurator,  Installing build dependencies: finished with status 'done'
2026-07-09T03:23:51.073Z,smriti9/configurator,  Checking if build backend supports build_editable: started
2026-07-09T03:23:51.372Z,smriti9/configurator,  Checking if build backend supports build_editable: finished with status 'done'
2026-07-09T03:23:51.373Z,smriti9/configurator,  Getting requirements to build editable: started
2026-07-09T03:23:51.586Z,smriti9/configurator,  Getting requirements to build editable: finished with status 'done'
2026-07-09T03:23:51.588Z,smriti9/configurator,  Preparing editable metadata (pyproject.toml): started
2026-07-09T03:23:51.783Z,smriti9/configurator,  Preparing editable metadata (pyproject.toml): finished with status 'done'
2026-07-09T03:23:51.796Z,smriti9/configurator,Requirement already satisfied: python-barcode~=0.15.1 in ./env/lib/python3.14/site-packages (from india_compliance==16.7.0) (0.15.1)
2026-07-09T03:23:51.797Z,smriti9/configurator,Requirement already satisfied: titlecase~=2.3 in ./env/lib/python3.14/site-packages (from india_compliance==16.7.0) (2.4.1)
2026-07-09T03:23:51.798Z,smriti9/configurator,Requirement already satisfied: pycryptodome~=3.19.0 in ./env/lib/python3.14/site-packages (from india_compliance==16.7.0) (3.19.1)
2026-07-09T03:23:51.798Z,smriti9/configurator,Requirement already satisfied: pypng~=0.20220715.0 in ./env/lib/python3.14/site-packages (from india_compliance==16.7.0) (0.20220715.0)
2026-07-09T03:23:51.802Z,smriti9/configurator,"Building wheels for collected packages: smriti_retail_os, india_compliance"
2026-07-09T03:23:51.805Z,smriti9/configurator,  Building editable for smriti_retail_os (pyproject.toml): started
2026-07-09T03:23:52.000Z,smriti9/configurator,  Building editable for smriti_retail_os (pyproject.toml): finished with status 'done'
2026-07-09T03:23:52.001Z,smriti9/configurator,  Created wheel for smriti_retail_os: filename=smriti_retail_os-2.2.0-py3-none-any.whl size=28759 sha256=b9433213beac5c6fbb637f25a3384fb2920875ece84e277bdf5d4f742d5709d7
2026-07-09T03:23:52.001Z,smriti9/configurator,  Stored in directory: /tmp/pip-ephem-wheel-cache-qpqv2hr5/wheels/b3/d2/42/058d45fd362649576ac872eead58d98a8c0e65b815d0cac0a3
2026-07-09T03:23:52.007Z,smriti9/configurator,  Building editable for india_compliance (pyproject.toml): started
2026-07-09T03:23:52.195Z,smriti9/configurator,  Building editable for india_compliance (pyproject.toml): finished with status 'done'
2026-07-09T03:23:52.196Z,smriti9/configurator,  Created wheel for india_compliance: filename=india_compliance-16.7.0-py2.py3-none-any.whl size=2839 sha256=2b4e0952c3cd4d1fcd7a97e9e54a8f348949d19230644b15ca3181249ac87988
2026-07-09T03:23:52.196Z,smriti9/configurator,  Stored in directory: /tmp/pip-ephem-wheel-cache-qpqv2hr5/wheels/5e/6e/d1/136800bbb50c6008d989427bad58a6ba9eaff55ed3b4d3590c
2026-07-09T03:23:52.198Z,smriti9/configurator,Successfully built smriti_retail_os india_compliance
2026-07-09T03:23:52.345Z,smriti9/configurator,"Installing collected packages: smriti_retail_os, india_compliance"
2026-07-09T03:23:52.346Z,smriti9/configurator,  Attempting uninstall: smriti_retail_os
2026-07-09T03:23:52.359Z,smriti9/configurator,    Found existing installation: smriti_retail_os 2.2.0
2026-07-09T03:23:52.361Z,smriti9/configurator,    Uninstalling smriti_retail_os-2.2.0:
2026-07-09T03:23:52.509Z,smriti9/configurator,      Successfully uninstalled smriti_retail_os-2.2.0
2026-07-09T03:23:52.523Z,smriti9/configurator,  Attempting uninstall: india_compliance
2026-07-09T03:23:52.536Z,smriti9/configurator,    Found existing installation: india_compliance 16.7.0
2026-07-09T03:23:52.540Z,smriti9/configurator,    Uninstalling india_compliance-16.7.0:
2026-07-09T03:23:52.663Z,smriti9/configurator,      Successfully uninstalled india_compliance-16.7.0
2026-07-09T03:23:52.676Z,smriti9/configurator,
2026-07-09T03:23:52.692Z,smriti9/configurator,Successfully installed india_compliance-16.7.0 smriti_retail_os-2.2.0
2026-07-09T03:24:11.943Z,smriti9/create-site,wait-for-it: waiting 120 seconds for db:3306
2026-07-09T03:24:11.946Z,smriti9/db,2026-07-09  3:24:11 178 [Warning] Aborted connection 178 to db: 'unconnected' user: 'unauthenticated' host: '172.18.0.6' (This connection closed normally without authentication)
2026-07-09T03:24:11.947Z,smriti9/create-site,wait-for-it: db:3306 is available after 0 seconds
2026-07-09T03:24:11.971Z,smriti9/create-site,wait-for-it: waiting 120 seconds for redis-cache:6379
2026-07-09T03:24:11.975Z,smriti9/create-site,wait-for-it: redis-cache:6379 is available after 0 seconds
2026-07-09T03:24:11.994Z,smriti9/create-site,wait-for-it: waiting 120 seconds for redis-queue:6379
2026-07-09T03:24:11.999Z,smriti9/create-site,wait-for-it: redis-queue:6379 is available after 0 seconds
2026-07-09T03:24:12.001Z,smriti9/create-site,Dependencies ready. Installing custom apps...
2026-07-09T03:24:12.480Z,smriti9/create-site,"WARNING: The directory '/home/frappe/.cache/pip' or its parent directory is not owned or is not writable by the current user. The cache has been disabled. Check the permissions and owner of that directory. If executing pip with sudo, you should use sudo's -H flag."
2026-07-09T03:24:12.789Z,smriti9/create-site,Obtaining file:///home/frappe/frappe-bench/apps/smriti_retail_os
2026-07-09T03:24:12.795Z,smriti9/create-site,  Installing build dependencies: started
2026-07-09T03:24:13.814Z,smriti9/create-site,  Installing build dependencies: finished with status 'done'
2026-07-09T03:24:13.814Z,smriti9/create-site,  Checking if build backend supports build_editable: started
2026-07-09T03:24:13.987Z,smriti9/create-site,  Checking if build backend supports build_editable: finished with status 'done'
2026-07-09T03:24:13.988Z,smriti9/create-site,  Getting requirements to build editable: started
2026-07-09T03:24:14.152Z,smriti9/create-site,  Getting requirements to build editable: finished with status 'done'
2026-07-09T03:24:14.153Z,smriti9/create-site,  Preparing editable metadata (pyproject.toml): started
2026-07-09T03:24:14.323Z,smriti9/create-site,  Preparing editable metadata (pyproject.toml): finished with status 'done'
2026-07-09T03:24:14.337Z,smriti9/create-site,Obtaining file:///home/frappe/frappe-bench/apps/india_compliance
2026-07-09T03:24:14.348Z,smriti9/create-site,  Installing build dependencies: started
2026-07-09T03:24:15.369Z,smriti9/create-site,  Installing build dependencies: finished with status 'done'
2026-07-09T03:24:15.370Z,smriti9/create-site,  Checking if build backend supports build_editable: started
2026-07-09T03:24:15.537Z,smriti9/create-site,  Checking if build backend supports build_editable: finished with status 'done'
2026-07-09T03:24:15.538Z,smriti9/create-site,  Getting requirements to build editable: started
2026-07-09T03:24:15.712Z,smriti9/create-site,  Getting requirements to build editable: finished with status 'done'
2026-07-09T03:24:15.713Z,smriti9/create-site,  Preparing editable metadata (pyproject.toml): started
2026-07-09T03:24:15.920Z,smriti9/create-site,  Preparing editable metadata (pyproject.toml): finished with status 'done'
2026-07-09T03:24:15.935Z,smriti9/create-site,Requirement already satisfied: python-barcode~=0.15.1 in ./env/lib/python3.14/site-packages (from india_compliance==16.7.0) (0.15.1)
2026-07-09T03:24:15.935Z,smriti9/create-site,Requirement already satisfied: titlecase~=2.3 in ./env/lib/python3.14/site-packages (from india_compliance==16.7.0) (2.4.1)
2026-07-09T03:24:15.936Z,smriti9/create-site,Requirement already satisfied: pycryptodome~=3.19.0 in ./env/lib/python3.14/site-packages (from india_compliance==16.7.0) (3.19.1)
2026-07-09T03:24:15.937Z,smriti9/create-site,Requirement already satisfied: pypng~=0.20220715.0 in ./env/lib/python3.14/site-packages (from india_compliance==16.7.0) (0.20220715.0)
2026-07-09T03:24:15.940Z,smriti9/create-site,"Building wheels for collected packages: smriti_retail_os, india_compliance"
2026-07-09T03:24:15.943Z,smriti9/create-site,  Building editable for smriti_retail_os (pyproject.toml): started
2026-07-09T03:24:16.132Z,smriti9/create-site,  Building editable for smriti_retail_os (pyproject.toml): finished with status 'done'
2026-07-09T03:24:16.133Z,smriti9/create-site,  Created wheel for smriti_retail_os: filename=smriti_retail_os-2.2.0-py3-none-any.whl size=28759 sha256=b9433213beac5c6fbb637f25a3384fb2920875ece84e277bdf5d4f742d5709d7
2026-07-09T03:24:16.133Z,smriti9/create-site,  Stored in directory: /tmp/pip-ephem-wheel-cache-39mr7fgs/wheels/b3/d2/42/058d45fd362649576ac872eead58d98a8c0e65b815d0cac0a3
2026-07-09T03:24:16.139Z,smriti9/create-site,  Building editable for india_compliance (pyproject.toml): started
2026-07-09T03:24:16.307Z,smriti9/create-site,  Building editable for india_compliance (pyproject.toml): finished with status 'done'
2026-07-09T03:24:16.308Z,smriti9/create-site,  Created wheel for india_compliance: filename=india_compliance-16.7.0-py2.py3-none-any.whl size=2839 sha256=2b4e0952c3cd4d1fcd7a97e9e54a8f348949d19230644b15ca3181249ac87988
2026-07-09T03:24:16.308Z,smriti9/create-site,  Stored in directory: /tmp/pip-ephem-wheel-cache-39mr7fgs/wheels/5e/6e/d1/136800bbb50c6008d989427bad58a6ba9eaff55ed3b4d3590c
2026-07-09T03:24:16.310Z,smriti9/create-site,Successfully built smriti_retail_os india_compliance
2026-07-09T03:24:16.445Z,smriti9/create-site,"Installing collected packages: smriti_retail_os, india_compliance"
2026-07-09T03:24:16.446Z,smriti9/create-site,  Attempting uninstall: smriti_retail_os
2026-07-09T03:24:16.461Z,smriti9/create-site,    Found existing installation: smriti_retail_os 2.2.0
2026-07-09T03:24:16.463Z,smriti9/create-site,    Uninstalling smriti_retail_os-2.2.0:
2026-07-09T03:24:16.625Z,smriti9/create-site,      Successfully uninstalled smriti_retail_os-2.2.0
2026-07-09T03:24:16.640Z,smriti9/create-site,  Attempting uninstall: india_compliance
2026-07-09T03:24:16.654Z,smriti9/create-site,    Found existing installation: india_compliance 16.7.0
2026-07-09T03:24:16.657Z,smriti9/create-site,    Uninstalling india_compliance-16.7.0:
2026-07-09T03:24:16.790Z,smriti9/create-site,      Successfully uninstalled india_compliance-16.7.0
2026-07-09T03:24:16.806Z,smriti9/create-site,
2026-07-09T03:24:16.823Z,smriti9/create-site,Successfully installed india_compliance-16.7.0 smriti_retail_os-2.2.0
2026-07-09T03:24:16.932Z,smriti9/create-site,Site 'smriti_retail' already exists — running migrate...
2026-07-09T03:24:19.399Z,smriti9/create-site,Migrating smriti_retail
2026-07-09T03:24:19.451Z,smriti9/db,2026-07-09  3:24:19 182 [Warning] Aborted connection 182 to db: 'unconnected' user: 'unauthenticated' host: '172.18.0.6' (This connection closed normally without authentication)
2026-07-09T03:24:20.259Z,smriti9/create-site,Executing smriti_retail_os.patches.v1_2_10.migrate_print_template_custom_fields in smriti_retail (_02734b626d19e18d)
2026-07-09T03:24:20.259Z,smriti9/create-site,
2026-07-09T03:24:20.259Z,smriti9/create-site,	Deletes the legacy programmatic custom fields for SMRITI Print Template 
2026-07-09T03:24:20.259Z,smriti9/create-site,"	from the tabCustom Field table after verifying that the target table has the columns,"
2026-07-09T03:24:20.259Z,smriti9/create-site,	allowing the new file-based native schema fields to take over cleanly.
2026-07-09T03:24:20.259Z,smriti9/create-site,
2026-07-09T03:24:20.259Z,smriti9/create-site,Failed to execute patch
2026-07-09T03:24:20.259Z,smriti9/create-site,Traceback with variables (most recent call last):
2026-07-09T03:24:20.259Z,smriti9/create-site,"  File ""apps/frappe/frappe/modules/patch_handler.py"", line 62, in run_patch"
2026-07-09T03:24:20.259Z,smriti9/create-site,    if not run_single(patchmodule=patch):
2026-07-09T03:24:20.259Z,smriti9/create-site,      patch = 'smriti_retail_os.patches.v1_2_10.migrate_print_template_custom_fields'
2026-07-09T03:24:20.259Z,smriti9/create-site,      skip_failing = True
2026-07-09T03:24:20.259Z,smriti9/create-site,"  File ""apps/frappe/frappe/modules/patch_handler.py"", line 152, in run_single"
2026-07-09T03:24:20.259Z,smriti9/create-site,"    return execute_patch(patchmodule, method, methodargs)"
2026-07-09T03:24:20.259Z,smriti9/create-site,      patchmodule = 'smriti_retail_os.patches.v1_2_10.migrate_print_template_custom_fields'
2026-07-09T03:24:20.259Z,smriti9/create-site,      method = None
2026-07-09T03:24:20.259Z,smriti9/create-site,      methodargs = None
2026-07-09T03:24:20.259Z,smriti9/create-site,      force = False
2026-07-09T03:24:20.259Z,smriti9/create-site,"      conf = frappe.utils.local.LocalProxy{'allow_cors_origin': 'http://localhost:8080', 'db_host': 'db', 'db_port': 3306, 'redis_cache': 'redis://redis-cache:6379', 'redis_queue': 'redis://redis-queue:6379', 'redis_socketio': 'redis://redis-queue:6379', 'socketio_port': 9000, 'db_name': '_02734b626d19e18d', 'db_password': 'kazEcvTnXUmSSNCE', 'db_type': 'mariadb', 'db_user': '_02734b626d19e18d', 'db_socket': None, 'developer_mode': 0}"
2026-07-09T03:24:20.259Z,smriti9/create-site,"  File ""apps/frappe/frappe/modules/patch_handler.py"", line 188, in execute_patch"
2026-07-09T03:24:20.259Z,smriti9/create-site,    _patch()
2026-07-09T03:24:20.259Z,smriti9/create-site,      patchmodule = 'smriti_retail_os.patches.v1_2_10.migrate_print_template_custom_fields'
2026-07-09T03:24:20.259Z,smriti9/create-site,      method = None
2026-07-09T03:24:20.259Z,smriti9/create-site,      methodargs = None
2026-07-09T03:24:20.259Z,smriti9/create-site,      has_patch_file = True
2026-07-09T03:24:20.259Z,smriti9/create-site,      patch = 'smriti_retail_os.patches.v1_2_10.migrate_print_template_custom_fields.execute'
2026-07-09T03:24:20.259Z,smriti9/create-site,      docstring = '
2026-07-09T03:24:20.259Z,smriti9/create-site,      
2026-07-09T03:24:20.259Z,smriti9/create-site,      	Deletes the legacy programmatic custom fields for SMRITI Print Template 
2026-07-09T03:24:20.259Z,smriti9/create-site,"      	from the tabCustom Field table after verifying that the target table has the columns,"
2026-07-09T03:24:20.259Z,smriti9/create-site,      	allowing the new file-based native schema fields to take over cleanly.
2026-07-09T03:24:20.259Z,smriti9/create-site,      '
2026-07-09T03:24:20.259Z,smriti9/create-site,      _patch = <function execute at 0x7c62ec317b60>
2026-07-09T03:24:20.259Z,smriti9/create-site,      start_time = 1144.007429979
2026-07-09T03:24:20.259Z,smriti9/create-site,"  File ""apps/smriti_retail_os/smriti_retail_os/patches/v1_2_10/migrate_print_template_custom_fields.py"", line 22, in execute"
2026-07-09T03:24:20.259Z,smriti9/create-site,"    if smriti.db.exists(""DocType"", ""SMRITI Print Template""):"
2026-07-09T03:24:20.259Z,smriti9/create-site,"  File ""apps/smriti_retail_os/smriti_retail_os/core/platform/db.py"", line 135, in exists"
2026-07-09T03:24:20.259Z,smriti9/create-site,"    return bool(smriti.db.exists(resolve(model_name), filters))"
2026-07-09T03:24:20.259Z,smriti9/create-site,      model_name = 'DocType'
2026-07-09T03:24:20.259Z,smriti9/create-site,      filters = 'SMRITI Print Template'
2026-07-09T03:24:20.259Z,smriti9/create-site,      frappe = <module 'frappe' from 'apps/frappe/frappe/__init__.py'>
2026-07-09T03:24:20.259Z,smriti9/create-site,builtins.NameError: name 'smriti' is not defined
2026-07-09T03:24:20.259Z,smriti9/create-site,
2026-07-09T03:24:20.259Z,smriti9/create-site,Executing smriti_retail_os.patches.v1_8_7.migrate_barcode_settings_to_standard in smriti_retail (_02734b626d19e18d)
2026-07-09T03:24:20.259Z,smriti9/create-site,	Converts the existing SMRITI Barcode Settings DocType from a Custom DocType to a Standard DocType to prevent migration clashing.
2026-07-09T03:24:20.259Z,smriti9/create-site,Failed to execute patch
2026-07-09T03:24:20.259Z,smriti9/create-site,Traceback with variables (most recent call last):
2026-07-09T03:24:20.259Z,smriti9/create-site,"  File ""apps/frappe/frappe/modules/patch_handler.py"", line 62, in run_patch"
2026-07-09T03:24:20.259Z,smriti9/create-site,    if not run_single(patchmodule=patch):
2026-07-09T03:24:20.259Z,smriti9/create-site,      patch = 'smriti_retail_os.patches.v1_8_7.migrate_barcode_settings_to_standard'
2026-07-09T03:24:20.259Z,smriti9/create-site,      skip_failing = True
2026-07-09T03:24:20.259Z,smriti9/create-site,"  File ""apps/frappe/frappe/modules/patch_handler.py"", line 152, in run_single"
2026-07-09T03:24:20.259Z,smriti9/create-site,"    return execute_patch(patchmodule, method, methodargs)"
2026-07-09T03:24:20.259Z,smriti9/create-site,      patchmodule = 'smriti_retail_os.patches.v1_8_7.migrate_barcode_settings_to_standard'
2026-07-09T03:24:20.259Z,smriti9/create-site,      method = None
2026-07-09T03:24:20.259Z,smriti9/create-site,      methodargs = None
2026-07-09T03:24:20.259Z,smriti9/create-site,      force = False
2026-07-09T03:24:20.259Z,smriti9/create-site,"      conf = frappe.utils.local.LocalProxy{'allow_cors_origin': 'http://localhost:8080', 'db_host': 'db', 'db_port': 3306, 'redis_cache': 'redis://redis-cache:6379', 'redis_queue': 'redis://redis-queue:6379', 'redis_socketio': 'redis://redis-queue:6379', 'socketio_port': 9000, 'db_name': '_02734b626d19e18d', 'db_password': 'kazEcvTnXUmSSNCE', 'db_type': 'mariadb', 'db_user': '_02734b626d19e18d', 'db_socket': None, 'developer_mode': 0}"
2026-07-09T03:24:20.259Z,smriti9/create-site,"  File ""apps/frappe/frappe/modules/patch_handler.py"", line 188, in execute_patch"
2026-07-09T03:24:20.259Z,smriti9/create-site,    _patch()
2026-07-09T03:24:20.259Z,smriti9/create-site,      patchmodule = 'smriti_retail_os.patches.v1_8_7.migrate_barcode_settings_to_standard'
2026-07-09T03:24:20.259Z,smriti9/create-site,      method = None
2026-07-09T03:24:20.259Z,smriti9/create-site,      methodargs = None
2026-07-09T03:24:20.259Z,smriti9/create-site,      has_patch_file = True
2026-07-09T03:24:20.259Z,smriti9/create-site,      patch = 'smriti_retail_os.patches.v1_8_7.migrate_barcode_settings_to_standard.execute'
2026-07-09T03:24:20.259Z,smriti9/create-site,      docstring = '
2026-07-09T03:24:20.259Z,smriti9/create-site,      	Converts the existing SMRITI Barcode Settings DocType from a Custom DocType to a Standard DocType to prevent migration clashing.'
2026-07-09T03:24:20.259Z,smriti9/create-site,      _patch = <function execute at 0x7c62ec292ae0>
2026-07-09T03:24:20.259Z,smriti9/create-site,      start_time = 1144.438370146
2026-07-09T03:24:20.259Z,smriti9/create-site,"  File ""apps/smriti_retail_os/smriti_retail_os/patches/v1_8_7/migrate_barcode_settings_to_standard.py"", line 10, in execute"
2026-07-09T03:24:20.259Z,smriti9/create-site,"    if smriti.db.exists(""DocType"", ""SMRITI Barcode Settings""):"
2026-07-09T03:24:20.259Z,smriti9/create-site,"  File ""apps/smriti_retail_os/smriti_retail_os/core/platform/db.py"", line 135, in exists"
2026-07-09T03:24:20.259Z,smriti9/create-site,"    return bool(smriti.db.exists(resolve(model_name), filters))"
2026-07-09T03:24:20.259Z,smriti9/create-site,      model_name = 'DocType'
2026-07-09T03:24:20.259Z,smriti9/create-site,      filters = 'SMRITI Barcode Settings'
2026-07-09T03:24:20.259Z,smriti9/create-site,      frappe = <module 'frappe' from 'apps/frappe/frappe/__init__.py'>
2026-07-09T03:24:20.259Z,smriti9/create-site,builtins.NameError: name 'smriti' is not defined
2026-07-09T03:24:20.259Z,smriti9/create-site,
2026-07-09T03:24:20.259Z,smriti9/create-site,Executing smriti_retail_os.patches.v1_8_7.migrate_telemetry_event_to_standard in smriti_retail (_02734b626d19e18d)
2026-07-09T03:24:20.259Z,smriti9/create-site,	Converts the existing SMRITI Telemetry Event Definition DocType from a Custom DocType to a Standard DocType to prevent migration clashing.
2026-07-09T03:24:20.259Z,smriti9/create-site,Failed to execute patch
2026-07-09T03:24:20.259Z,smriti9/create-site,Traceback with variables (most recent call last):
2026-07-09T03:24:20.259Z,smriti9/create-site,"  File ""apps/frappe/frappe/modules/patch_handler.py"", line 62, in run_patch"
2026-07-09T03:24:20.259Z,smriti9/create-site,    if not run_single(patchmodule=patch):
2026-07-09T03:24:20.259Z,smriti9/create-site,      patch = 'smriti_retail_os.patches.v1_8_7.migrate_telemetry_event_to_standard'
2026-07-09T03:24:20.259Z,smriti9/create-site,      skip_failing = True
2026-07-09T03:24:20.259Z,smriti9/create-site,"  File ""apps/frappe/frappe/modules/patch_handler.py"", line 152, in run_single"
2026-07-09T03:24:20.259Z,smriti9/create-site,"    return execute_patch(patchmodule, method, methodargs)"
2026-07-09T03:24:20.259Z,smriti9/create-site,      patchmodule = 'smriti_retail_os.patches.v1_8_7.migrate_telemetry_event_to_standard'
2026-07-09T03:24:20.259Z,smriti9/create-site,      method = None
2026-07-09T03:24:20.259Z,smriti9/create-site,      methodargs = None
2026-07-09T03:24:20.259Z,smriti9/create-site,      force = False
2026-07-09T03:24:20.259Z,smriti9/create-site,"      conf = frappe.utils.local.LocalProxy{'allow_cors_origin': 'http://localhost:8080', 'db_host': 'db', 'db_port': 3306, 'redis_cache': 'redis://redis-cache:6379', 'redis_queue': 'redis://redis-queue:6379', 'redis_socketio': 'redis://redis-queue:6379', 'socketio_port': 9000, 'db_name': '_02734b626d19e18d', 'db_password': 'kazEcvTnXUmSSNCE', 'db_type': 'mariadb', 'db_user': '_02734b626d19e18d', 'db_socket': None, 'developer_mode': 0}"
2026-07-09T03:24:20.259Z,smriti9/create-site,"  File ""apps/frappe/frappe/modules/patch_handler.py"", line 188, in execute_patch"
2026-07-09T03:24:20.259Z,smriti9/create-site,    _patch()
2026-07-09T03:24:20.259Z,smriti9/create-site,      patchmodule = 'smriti_retail_os.patches.v1_8_7.migrate_telemetry_event_to_standard'
2026-07-09T03:24:20.259Z,smriti9/create-site,      method = None
2026-07-09T03:24:20.259Z,smriti9/create-site,      methodargs = None
2026-07-09T03:24:20.259Z,smriti9/create-site,      has_patch_file = True
2026-07-09T03:24:20.259Z,smriti9/create-site,      patch = 'smriti_retail_os.patches.v1_8_7.migrate_telemetry_event_to_standard.execute'
2026-07-09T03:24:20.259Z,smriti9/create-site,      docstring = '
2026-07-09T03:24:20.259Z,smriti9/create-site,      	Converts the existing SMRITI Telemetry Event Definition DocType from a Custom DocType to a Standard DocType to prevent migration clashing.'
2026-07-09T03:24:20.259Z,smriti9/create-site,      _patch = <function execute at 0x7c62ec3dda60>
2026-07-09T03:24:20.259Z,smriti9/create-site,      start_time = 1144.488757824
2026-07-09T03:24:20.259Z,smriti9/create-site,"  File ""apps/smriti_retail_os/smriti_retail_os/patches/v1_8_7/migrate_telemetry_event_to_standard.py"", line 10, in execute"
2026-07-09T03:24:20.259Z,smriti9/create-site,"    if smriti.db.exists(""DocType"", ""SMRITI Telemetry Event Definition""):"
2026-07-09T03:24:20.259Z,smriti9/create-site,"  File ""apps/smriti_retail_os/smriti_retail_os/core/platform/db.py"", line 135, in exists"
2026-07-09T03:24:20.259Z,smriti9/create-site,"    return bool(smriti.db.exists(resolve(model_name), filters))"
2026-07-09T03:24:20.259Z,smriti9/create-site,      model_name = 'DocType'
2026-07-09T03:24:20.259Z,smriti9/create-site,      filters = 'SMRITI Telemetry Event Definition'
2026-07-09T03:24:20.259Z,smriti9/create-site,      frappe = <module 'frappe' from 'apps/frappe/frappe/__init__.py'>
2026-07-09T03:24:20.259Z,smriti9/create-site,builtins.NameError: name 'smriti' is not defined
2026-07-09T03:24:20.259Z,smriti9/create-site,
2026-07-09T03:24:20.597Z,smriti9/create-site,
2026-07-09T03:24:20.597Z,smriti9/create-site,Updating DocTypes for frappe        : [                                        ] 0%
2026-07-09T03:24:20.597Z,smriti9/create-site,Updating DocTypes for frappe        : [                                        ] 0%
2026-07-09T03:24:20.597Z,smriti9/create-site,Updating DocTypes for frappe        : [                                        ] 0%
2026-07-09T03:24:20.597Z,smriti9/create-site,Updating DocTypes for frappe        : [                                        ] 1%
2026-07-09T03:24:20.597Z,smriti9/create-site,Updating DocTypes for frappe        : [                                        ] 1%
2026-07-09T03:24:20.597Z,smriti9/create-site,Updating DocTypes for frappe        : [                                        ] 1%
2026-07-09T03:24:20.597Z,smriti9/create-site,Updating DocTypes for frappe        : [                                        ] 1%
2026-07-09T03:24:20.597Z,smriti9/create-site,Updating DocTypes for frappe        : [                                        ] 2%
2026-07-09T03:24:20.597Z,smriti9/create-site,Updating DocTypes for frappe        : [=                                       ] 2%
2026-07-09T03:24:20.597Z,smriti9/create-site,Updating DocTypes for frappe        : [=                                       ] 2%
2026-07-09T03:24:20.597Z,smriti9/create-site,Updating DocTypes for frappe        : [=                                       ] 3%
2026-07-09T03:24:20.597Z,smriti9/create-site,Updating DocTypes for frappe        : [=                                       ] 3%
2026-07-09T03:24:20.597Z,smriti9/create-site,Updating DocTypes for frappe        : [=                                       ] 3%
2026-07-09T03:24:20.597Z,smriti9/create-site,Updating DocTypes for frappe        : [=                                       ] 3%
2026-07-09T03:24:20.597Z,smriti9/create-site,Updating DocTypes for frappe        : [=                                       ] 4%
2026-07-09T03:24:20.597Z,smriti9/create-site,Updating DocTypes for frappe        : [=                                       ] 4%
2026-07-09T03:24:20.597Z,smriti9/create-site,Updating DocTypes for frappe        : [=                                       ] 4%
2026-07-09T03:24:20.597Z,smriti9/create-site,Updating DocTypes for frappe        : [==                                      ] 5%
2026-07-09T03:24:20.597Z,smriti9/create-site,Updating DocTypes for frappe        : [==                                      ] 5%
2026-07-09T03:24:20.597Z,smriti9/create-site,Updating DocTypes for frappe        : [==                                      ] 5%
2026-07-09T03:24:20.597Z,smriti9/create-site,Updating DocTypes for frappe        : [==                                      ] 5%
2026-07-09T03:24:20.597Z,smriti9/create-site,Updating DocTypes for frappe        : [==                                      ] 6%
2026-07-09T03:24:20.597Z,smriti9/create-site,Updating DocTypes for frappe        : [==                                      ] 6%
2026-07-09T03:24:20.597Z,smriti9/create-site,Updating DocTypes for frappe        : [==                                      ] 6%
2026-07-09T03:24:20.597Z,smriti9/create-site,Updating DocTypes for frappe        : [==                                      ] 7%
2026-07-09T03:24:20.597Z,smriti9/create-site,Updating DocTypes for frappe        : [==                                      ] 7%
2026-07-09T03:24:20.597Z,smriti9/create-site,Updating DocTypes for frappe        : [===                                     ] 7%
2026-07-09T03:24:20.597Z,smriti9/create-site,Updating DocTypes for frappe        : [===                                     ] 7%
2026-07-09T03:24:20.597Z,smriti9/create-site,Updating DocTypes for frappe        : [===                                     ] 8%
2026-07-09T03:24:20.597Z,smriti9/create-site,Updating DocTypes for frappe        : [===                                     ] 8%
2026-07-09T03:24:20.597Z,smriti9/create-site,Updating DocTypes for frappe        : [===                                     ] 8%
2026-07-09T03:24:20.597Z,smriti9/create-site,Updating DocTypes for frappe        : [===                                     ] 9%
2026-07-09T03:24:20.597Z,smriti9/create-site,Updating DocTypes for frappe        : [===                                     ] 9%
2026-07-09T03:24:20.597Z,smriti9/create-site,Updating DocTypes for frappe        : [===                                     ] 9%
2026-07-09T03:24:20.597Z,smriti9/create-site,Updating DocTypes for frappe        : [===                                     ] 9%
2026-07-09T03:24:20.597Z,smriti9/create-site,Updating DocTypes for frappe        : [====                                    ] 10%
2026-07-09T03:24:20.597Z,smriti9/create-site,Updating DocTypes for frappe        : [====                                    ] 10%
2026-07-09T03:24:20.597Z,smriti9/create-site,Updating DocTypes for frappe        : [====                                    ] 10%
2026-07-09T03:24:20.597Z,smriti9/create-site,Updating DocTypes for frappe        : [====                                    ] 11%
2026-07-09T03:24:20.597Z,smriti9/create-site,Updating DocTypes for frappe        : [====                                    ] 11%
2026-07-09T03:24:20.597Z,smriti9/create-site,Updating DocTypes for frappe        : [====                                    ] 11%
2026-07-09T03:24:20.597Z,smriti9/create-site,Updating DocTypes for frappe        : [====                                    ] 11%
2026-07-09T03:24:20.597Z,smriti9/create-site,Updating DocTypes for frappe        : [====                                    ] 12%
2026-07-09T03:24:20.597Z,smriti9/create-site,Updating DocTypes for frappe        : [=====                                   ] 12%
2026-07-09T03:24:20.597Z,smriti9/create-site,Updating DocTypes for frappe        : [=====                                   ] 12%
2026-07-09T03:24:20.597Z,smriti9/create-site,Updating DocTypes for frappe        : [=====                                   ] 13%
2026-07-09T03:24:20.597Z,smriti9/create-site,Updating DocTypes for frappe        : [=====                                   ] 13%
2026-07-09T03:24:20.597Z,smriti9/create-site,Updating DocTypes for frappe        : [=====                                   ] 13%
2026-07-09T03:24:20.597Z,smriti9/create-site,Updating DocTypes for frappe        : [=====                                   ] 13%
2026-07-09T03:24:20.597Z,smriti9/create-site,Updating DocTypes for frappe        : [=====                                   ] 14%
2026-07-09T03:24:20.597Z,smriti9/create-site,Updating DocTypes for frappe        : [=====                                   ] 14%
2026-07-09T03:24:20.597Z,smriti9/create-site,Updating DocTypes for frappe        : [=====                                   ] 14%
2026-07-09T03:24:20.597Z,smriti9/create-site,Updating DocTypes for frappe        : [======                                  ] 15%
2026-07-09T03:24:20.597Z,smriti9/create-site,Updating DocTypes for frappe        : [======                                  ] 15%
2026-07-09T03:24:20.597Z,smriti9/create-site,Updating DocTypes for frappe        : [======                                  ] 15%
2026-07-09T03:24:20.597Z,smriti9/create-site,Updating DocTypes for frappe        : [======                                  ] 15%
2026-07-09T03:24:20.597Z,smriti9/create-site,Updating DocTypes for frappe        : [======                                  ] 16%
2026-07-09T03:24:20.597Z,smriti9/create-site,Updating DocTypes for frappe        : [======                                  ] 16%
2026-07-09T03:24:20.597Z,smriti9/create-site,Updating DocTypes for frappe        : [======                                  ] 16%
2026-07-09T03:24:20.597Z,smriti9/create-site,Updating DocTypes for frappe        : [======                                  ] 17%
2026-07-09T03:24:20.597Z,smriti9/create-site,Updating DocTypes for frappe        : [======                                  ] 17%
2026-07-09T03:24:20.597Z,smriti9/create-site,Updating DocTypes for frappe        : [=======                                 ] 17%
2026-07-09T03:24:20.597Z,smriti9/create-site,Updating DocTypes for frappe        : [=======                                 ] 17%
2026-07-09T03:24:20.597Z,smriti9/create-site,Updating DocTypes for frappe        : [=======                                 ] 18%
2026-07-09T03:24:20.597Z,smriti9/create-site,Updating DocTypes for frappe        : [=======                                 ] 18%
2026-07-09T03:24:20.597Z,smriti9/create-site,Updating DocTypes for frappe        : [=======                                 ] 18%
2026-07-09T03:24:20.597Z,smriti9/create-site,Updating DocTypes for frappe        : [=======                                 ] 19%
2026-07-09T03:24:20.597Z,smriti9/create-site,Updating DocTypes for frappe        : [=======                                 ] 19%
2026-07-09T03:24:20.597Z,smriti9/create-site,Updating DocTypes for frappe        : [=======                                 ] 19%
2026-07-09T03:24:20.597Z,smriti9/create-site,Updating DocTypes for frappe        : [=======                                 ] 19%
2026-07-09T03:24:20.597Z,smriti9/create-site,Updating DocTypes for frappe        : [========                                ] 20%
2026-07-09T03:24:20.597Z,smriti9/create-site,Updating DocTypes for frappe        : [========                                ] 20%
2026-07-09T03:24:20.597Z,smriti9/create-site,Updating DocTypes for frappe        : [========                                ] 20%
2026-07-09T03:24:20.597Z,smriti9/create-site,Updating DocTypes for frappe        : [========                                ] 21%
2026-07-09T03:24:20.597Z,smriti9/create-site,Updating DocTypes for frappe        : [========                                ] 21%
2026-07-09T03:24:20.597Z,smriti9/create-site,Updating DocTypes for frappe        : [========                                ] 21%
2026-07-09T03:24:20.597Z,smriti9/create-site,Updating DocTypes for frappe        : [========                                ] 21%
2026-07-09T03:24:20.597Z,smriti9/create-site,Updating DocTypes for frappe        : [========                                ] 22%
2026-07-09T03:24:20.597Z,smriti9/create-site,Updating DocTypes for frappe        : [========                                ] 22%
2026-07-09T03:24:20.597Z,smriti9/create-site,Updating DocTypes for frappe        : [=========                               ] 22%
2026-07-09T03:24:20.597Z,smriti9/create-site,Updating DocTypes for frappe        : [=========                               ] 23%
2026-07-09T03:24:20.597Z,smriti9/create-site,Updating DocTypes for frappe        : [=========                               ] 23%
2026-07-09T03:24:20.597Z,smriti9/create-site,Updating DocTypes for frappe        : [=========                               ] 23%
2026-07-09T03:24:20.597Z,smriti9/create-site,Updating DocTypes for frappe        : [=========                               ] 23%
2026-07-09T03:24:20.597Z,smriti9/create-site,Updating DocTypes for frappe        : [=========                               ] 24%
2026-07-09T03:24:20.597Z,smriti9/create-site,Updating DocTypes for frappe        : [=========                               ] 24%
2026-07-09T03:24:20.597Z,smriti9/create-site,Updating DocTypes for frappe        : [=========                               ] 24%
2026-07-09T03:24:20.597Z,smriti9/create-site,Updating DocTypes for frappe        : [==========                              ] 25%
2026-07-09T03:24:20.597Z,smriti9/create-site,Updating DocTypes for frappe        : [==========                              ] 25%
2026-07-09T03:24:20.597Z,smriti9/create-site,Updating DocTypes for frappe        : [==========                              ] 25%
2026-07-09T03:24:20.597Z,smriti9/create-site,Updating DocTypes for frappe        : [==========                              ] 25%
2026-07-09T03:24:20.597Z,smriti9/create-site,Updating DocTypes for frappe        : [==========                              ] 26%
2026-07-09T03:24:20.597Z,smriti9/create-site,Updating DocTypes for frappe        : [==========                              ] 26%
2026-07-09T03:24:20.597Z,smriti9/create-site,Updating DocTypes for frappe        : [==========                              ] 26%
2026-07-09T03:24:20.597Z,smriti9/create-site,Updating DocTypes for frappe        : [==========                              ] 26%
2026-07-09T03:24:20.597Z,smriti9/create-site,Updating DocTypes for frappe        : [==========                              ] 27%
2026-07-09T03:24:20.597Z,smriti9/create-site,Updating DocTypes for frappe        : [===========                             ] 27%
2026-07-09T03:24:20.597Z,smriti9/create-site,Updating DocTypes for frappe        : [===========                             ] 27%
2026-07-09T03:24:20.597Z,smriti9/create-site,Updating DocTypes for frappe        : [===========                             ] 28%
2026-07-09T03:24:20.597Z,smriti9/create-site,Updating DocTypes for frappe        : [===========                             ] 28%
2026-07-09T03:24:20.597Z,smriti9/create-site,Updating DocTypes for frappe        : [===========                             ] 28%
2026-07-09T03:24:20.597Z,smriti9/create-site,Updating DocTypes for frappe        : [===========                             ] 28%
2026-07-09T03:24:20.597Z,smriti9/create-site,Updating DocTypes for frappe        : [===========                             ] 29%
2026-07-09T03:24:20.597Z,smriti9/create-site,Updating DocTypes for frappe        : [===========                             ] 29%
2026-07-09T03:24:20.597Z,smriti9/create-site,Updating DocTypes for frappe        : [===========                             ] 29%
2026-07-09T03:24:20.597Z,smriti9/create-site,Updating DocTypes for frappe        : [============                            ] 30%
2026-07-09T03:24:20.597Z,smriti9/create-site,Updating DocTypes for frappe        : [============                            ] 30%
2026-07-09T03:24:20.597Z,smriti9/create-site,Updating DocTypes for frappe        : [============                            ] 30%
2026-07-09T03:24:20.597Z,smriti9/create-site,Updating DocTypes for frappe        : [============                            ] 30%
2026-07-09T03:24:20.597Z,smriti9/create-site,Updating DocTypes for frappe        : [============                            ] 31%
2026-07-09T03:24:20.597Z,smriti9/create-site,Updating DocTypes for frappe        : [============                            ] 31%
2026-07-09T03:24:20.597Z,smriti9/create-site,Updating DocTypes for frappe        : [============                            ] 31%
2026-07-09T03:24:20.597Z,smriti9/create-site,Updating DocTypes for frappe        : [============                            ] 32%
2026-07-09T03:24:20.597Z,smriti9/create-site,Updating DocTypes for frappe        : [============                            ] 32%
2026-07-09T03:24:20.597Z,smriti9/create-site,Updating DocTypes for frappe        : [=============                           ] 32%
2026-07-09T03:24:20.597Z,smriti9/create-site,Updating DocTypes for frappe        : [=============                           ] 32%
2026-07-09T03:24:20.597Z,smriti9/create-site,Updating DocTypes for frappe        : [=============                           ] 33%
2026-07-09T03:24:20.597Z,smriti9/create-site,Updating DocTypes for frappe        : [=============                           ] 33%
2026-07-09T03:24:20.597Z,smriti9/create-site,Updating DocTypes for frappe        : [=============                           ] 33%
2026-07-09T03:24:20.597Z,smriti9/create-site,Updating DocTypes for frappe        : [=============                           ] 34%
2026-07-09T03:24:20.597Z,smriti9/create-site,Updating DocTypes for frappe        : [=============                           ] 34%
2026-07-09T03:24:20.597Z,smriti9/create-site,Updating DocTypes for frappe        : [=============                           ] 34%
2026-07-09T03:24:20.597Z,smriti9/create-site,Updating DocTypes for frappe        : [=============                           ] 34%
2026-07-09T03:24:20.597Z,smriti9/create-site,Updating DocTypes for frappe        : [==============                          ] 35%
2026-07-09T03:24:20.597Z,smriti9/create-site,Updating DocTypes for frappe        : [==============                          ] 35%
2026-07-09T03:24:20.597Z,smriti9/create-site,Updating DocTypes for frappe        : [==============                          ] 35%
2026-07-09T03:24:20.597Z,smriti9/create-site,Updating DocTypes for frappe        : [==============                          ] 36%
2026-07-09T03:24:20.597Z,smriti9/create-site,Updating DocTypes for frappe        : [==============                          ] 36%
2026-07-09T03:24:20.597Z,smriti9/create-site,Updating DocTypes for frappe        : [==============                          ] 36%
2026-07-09T03:24:20.597Z,smriti9/create-site,Updating DocTypes for frappe        : [==============                          ] 36%
2026-07-09T03:24:20.597Z,smriti9/create-site,Updating DocTypes for frappe        : [==============                          ] 37%
2026-07-09T03:24:20.597Z,smriti9/create-site,Updating DocTypes for frappe        : [===============                         ] 37%
2026-07-09T03:24:20.597Z,smriti9/create-site,Updating DocTypes for frappe        : [===============                         ] 37%
2026-07-09T03:24:20.597Z,smriti9/create-site,Updating DocTypes for frappe        : [===============                         ] 38%
2026-07-09T03:24:20.597Z,smriti9/create-site,Updating DocTypes for frappe        : [===============                         ] 38%
2026-07-09T03:24:20.597Z,smriti9/create-site,Updating DocTypes for frappe        : [===============                         ] 38%
2026-07-09T03:24:20.597Z,smriti9/create-site,Updating DocTypes for frappe        : [===============                         ] 38%
2026-07-09T03:24:20.597Z,smriti9/create-site,Updating DocTypes for frappe        : [===============                         ] 39%
2026-07-09T03:24:20.597Z,smriti9/create-site,Updating DocTypes for frappe        : [===============                         ] 39%
2026-07-09T03:24:20.597Z,smriti9/create-site,Updating DocTypes for frappe        : [===============                         ] 39%
2026-07-09T03:24:20.597Z,smriti9/create-site,Updating DocTypes for frappe        : [================                        ] 40%
2026-07-09T03:24:20.597Z,smriti9/create-site,Updating DocTypes for frappe        : [================                        ] 40%
2026-07-09T03:24:20.597Z,smriti9/create-site,Updating DocTypes for frappe        : [================                        ] 40%
2026-07-09T03:24:20.597Z,smriti9/create-site,Updating DocTypes for frappe        : [================                        ] 40%
2026-07-09T03:24:20.597Z,smriti9/create-site,Updating DocTypes for frappe        : [================                        ] 41%
2026-07-09T03:24:20.597Z,smriti9/create-site,Updating DocTypes for frappe        : [================                        ] 41%
2026-07-09T03:24:20.597Z,smriti9/create-site,Updating DocTypes for frappe        : [================                        ] 41%
2026-07-09T03:24:20.597Z,smriti9/create-site,Updating DocTypes for frappe        : [================                        ] 42%
2026-07-09T03:24:20.597Z,smriti9/create-site,Updating DocTypes for frappe        : [================                        ] 42%
2026-07-09T03:24:20.597Z,smriti9/create-site,Updating DocTypes for frappe        : [=================                       ] 42%
2026-07-09T03:24:20.597Z,smriti9/create-site,Updating DocTypes for frappe        : [=================                       ] 42%
2026-07-09T03:24:20.597Z,smriti9/create-site,Updating DocTypes for frappe        : [=================                       ] 43%
2026-07-09T03:24:20.597Z,smriti9/create-site,Updating DocTypes for frappe        : [=================                       ] 43%
2026-07-09T03:24:20.597Z,smriti9/create-site,Updating DocTypes for frappe        : [=================                       ] 43%
2026-07-09T03:24:20.597Z,smriti9/create-site,Updating DocTypes for frappe        : [=================                       ] 44%
2026-07-09T03:24:20.597Z,smriti9/create-site,Updating DocTypes for frappe        : [=================                       ] 44%
2026-07-09T03:24:20.597Z,smriti9/create-site,Updating DocTypes for frappe        : [=================                       ] 44%
2026-07-09T03:24:20.597Z,smriti9/create-site,Updating DocTypes for frappe        : [=================                       ] 44%
2026-07-09T03:24:20.597Z,smriti9/create-site,Updating DocTypes for frappe        : [==================                      ] 45%
2026-07-09T03:24:20.597Z,smriti9/create-site,Updating DocTypes for frappe        : [==================                      ] 45%
2026-07-09T03:24:20.597Z,smriti9/create-site,Updating DocTypes for frappe        : [==================                      ] 45%
2026-07-09T03:24:20.597Z,smriti9/create-site,Updating DocTypes for frappe        : [==================                      ] 46%
2026-07-09T03:24:20.597Z,smriti9/create-site,Updating DocTypes for frappe        : [==================                      ] 46%
2026-07-09T03:24:20.597Z,smriti9/create-site,Updating DocTypes for frappe        : [==================                      ] 46%
2026-07-09T03:24:20.597Z,smriti9/create-site,Updating DocTypes for frappe        : [==================                      ] 46%
2026-07-09T03:24:20.597Z,smriti9/create-site,Updating DocTypes for frappe        : [==================                      ] 47%
2026-07-09T03:24:20.597Z,smriti9/create-site,Updating DocTypes for frappe        : [==================                      ] 47%
2026-07-09T03:24:20.597Z,smriti9/create-site,Updating DocTypes for frappe        : [===================                     ] 47%
2026-07-09T03:24:20.597Z,smriti9/create-site,Updating DocTypes for frappe        : [===================                     ] 48%
2026-07-09T03:24:20.597Z,smriti9/create-site,Updating DocTypes for frappe        : [===================                     ] 48%
2026-07-09T03:24:20.597Z,smriti9/create-site,Updating DocTypes for frappe        : [===================                     ] 48%
2026-07-09T03:24:20.597Z,smriti9/create-site,Updating DocTypes for frappe        : [===================                     ] 48%
2026-07-09T03:24:20.597Z,smriti9/create-site,Updating DocTypes for frappe        : [===================                     ] 49%
2026-07-09T03:24:20.597Z,smriti9/create-site,Updating DocTypes for frappe        : [===================                     ] 49%
2026-07-09T03:24:20.597Z,smriti9/create-site,Updating DocTypes for frappe        : [===================                     ] 49%
2026-07-09T03:24:20.597Z,smriti9/create-site,Updating DocTypes for frappe        : [====================                    ] 50%
2026-07-09T03:24:20.597Z,smriti9/create-site,Updating DocTypes for frappe        : [====================                    ] 50%
2026-07-09T03:24:20.597Z,smriti9/create-site,Updating DocTypes for frappe        : [====================                    ] 50%
2026-07-09T03:24:20.597Z,smriti9/create-site,Updating DocTypes for frappe        : [====================                    ] 50%
2026-07-09T03:24:20.597Z,smriti9/create-site,Updating DocTypes for frappe        : [====================                    ] 51%
2026-07-09T03:24:20.597Z,smriti9/create-site,Updating DocTypes for frappe        : [====================                    ] 51%
2026-07-09T03:24:20.597Z,smriti9/create-site,Updating DocTypes for frappe        : [====================                    ] 51%
2026-07-09T03:24:20.597Z,smriti9/create-site,Updating DocTypes for frappe        : [====================                    ] 51%
2026-07-09T03:24:20.597Z,smriti9/create-site,Updating DocTypes for frappe        : [====================                    ] 52%
2026-07-09T03:24:20.597Z,smriti9/create-site,Updating DocTypes for frappe        : [=====================                   ] 52%
2026-07-09T03:24:20.597Z,smriti9/create-site,Updating DocTypes for frappe        : [=====================                   ] 52%
2026-07-09T03:24:20.597Z,smriti9/create-site,Updating DocTypes for frappe        : [=====================                   ] 53%
2026-07-09T03:24:20.597Z,smriti9/create-site,Updating DocTypes for frappe        : [=====================                   ] 53%
2026-07-09T03:24:20.597Z,smriti9/create-site,Updating DocTypes for frappe        : [=====================                   ] 53%
2026-07-09T03:24:20.597Z,smriti9/create-site,Updating DocTypes for frappe        : [=====================                   ] 53%
2026-07-09T03:24:20.597Z,smriti9/create-site,Updating DocTypes for frappe        : [=====================                   ] 54%
2026-07-09T03:24:20.597Z,smriti9/create-site,Updating DocTypes for frappe        : [=====================                   ] 54%
2026-07-09T03:24:20.597Z,smriti9/create-site,Updating DocTypes for frappe        : [=====================                   ] 54%
2026-07-09T03:24:20.597Z,smriti9/create-site,Updating DocT2026-07-09T03:24:20.597587765Z ypes for frappe        : [======================                  ] 55%
2026-07-09T03:24:20.597Z,smriti9/create-site,Updating DocTypes for frappe        : [======================                  ] 55%
2026-07-09T03:24:20.597Z,smriti9/create-site,Updating DocTypes for frappe        : [======================                  ] 55%
2026-07-09T03:24:20.597Z,smriti9/create-site,Updating DocTypes for frappe        : [======================                  ] 55%
2026-07-09T03:24:20.597Z,smriti9/create-site,Updating DocTypes for frappe        : [======================                  ] 56%
2026-07-09T03:24:20.597Z,smriti9/create-site,Updating DocTypes for frappe        : [======================                  ] 56%
2026-07-09T03:24:20.597Z,smriti9/create-site,Updating DocTypes for frappe        : [======================                  ] 56%
2026-07-09T03:24:20.597Z,smriti9/create-site,Updating DocTypes for frappe        : [======================                  ] 57%
2026-07-09T03:24:20.597Z,smriti9/create-site,Updating DocTypes for frappe        : [======================                  ] 57%
2026-07-09T03:24:20.597Z,smriti9/create-site,Updating DocTypes for frappe        : [=======================                 ] 57%
2026-07-09T03:24:20.597Z,smriti9/create-site,Updating DocTypes for frappe        : [=======================                 ] 57%
2026-07-09T03:24:20.597Z,smriti9/create-site,Updating DocTypes for frappe        : [=======================                 ] 58%
2026-07-09T03:24:20.597Z,smriti9/create-site,Updating DocTypes for frappe        : [=======================                 ] 58%
2026-07-09T03:24:20.597Z,smriti9/create-site,Updating DocTypes for frappe        : [=======================                 ] 58%
2026-07-09T03:24:20.597Z,smriti9/create-site,Updating DocTypes for frappe        : [=======================                 ] 59%
2026-07-09T03:24:20.597Z,smriti9/create-site,Updating DocTypes for frappe        : [=======================                 ] 59%
2026-07-09T03:24:20.597Z,smriti9/create-site,Updating DocTypes for frappe        : [=======================                 ] 59%
2026-07-09T03:24:20.597Z,smriti9/create-site,Updating DocTypes for frappe        : [=======================                 ] 59%
2026-07-09T03:24:20.597Z,smriti9/create-site,Updating DocTypes for frappe        : [========================                ] 60%
2026-07-09T03:24:20.597Z,smriti9/create-site,Updating DocTypes for frappe        : [========================                ] 60%
2026-07-09T03:24:20.597Z,smriti9/create-site,Updating DocTypes for frappe        : [========================                ] 60%
2026-07-09T03:24:20.597Z,smriti9/create-site,Updating DocTypes for frappe        : [========================                ] 61%
2026-07-09T03:24:20.597Z,smriti9/create-site,Updating DocTypes for frappe        : [========================                ] 61%
2026-07-09T03:24:20.597Z,smriti9/create-site,Updating DocTypes for frappe        : [========================                ] 61%
2026-07-09T03:24:20.597Z,smriti9/create-site,Updating DocTypes for frappe        : [========================                ] 61%
2026-07-09T03:24:20.597Z,smriti9/create-site,Updating DocTypes for frappe        : [========================                ] 62%
2026-07-09T03:24:20.597Z,smriti9/create-site,Updating DocTypes for frappe        : [=========================               ] 62%
2026-07-09T03:24:20.597Z,smriti9/create-site,Updating DocTypes for frappe        : [=========================               ] 62%
2026-07-09T03:24:20.597Z,smriti9/create-site,Updating DocTypes for frappe        : [=========================               ] 63%
2026-07-09T03:24:20.597Z,smriti9/create-site,Updating DocTypes for frappe        : [=========================               ] 63%
2026-07-09T03:24:20.597Z,smriti9/create-site,Updating DocTypes for frappe        : [=========================               ] 63%
2026-07-09T03:24:20.597Z,smriti9/create-site,Updating DocTypes for frappe        : [=========================               ] 63%
2026-07-09T03:24:20.597Z,smriti9/create-site,Updating DocTypes for frappe        : [=========================               ] 64%
2026-07-09T03:24:20.597Z,smriti9/create-site,Updating DocTypes for frappe        : [=========================               ] 64%
2026-07-09T03:24:20.597Z,smriti9/create-site,Updating DocTypes for frappe        : [=========================               ] 64%
2026-07-09T03:24:20.597Z,smriti9/create-site,Updating DocTypes for frappe        : [==========================              ] 65%
2026-07-09T03:24:20.597Z,smriti9/create-site,Updating DocTypes for frappe        : [==========================              ] 65%
2026-07-09T03:24:20.597Z,smriti9/create-site,Updating DocTypes for frappe        : [==========================              ] 65%
2026-07-09T03:24:20.597Z,smriti9/create-site,Updating DocTypes for frappe        : [==========================              ] 65%
2026-07-09T03:24:20.597Z,smriti9/create-site,Updating DocTypes for frappe        : [==========================              ] 66%
2026-07-09T03:24:20.597Z,smriti9/create-site,Updating DocTypes for frappe        : [==========================              ] 66%
2026-07-09T03:24:20.597Z,smriti9/create-site,Updating DocTypes for frappe        : [==========================              ] 66%
2026-07-09T03:24:20.597Z,smriti9/create-site,Updating DocTypes for frappe        : [==========================              ] 67%
2026-07-09T03:24:20.597Z,smriti9/create-site,Updating DocTypes for frappe        : [==========================              ] 67%
2026-07-09T03:24:20.597Z,smriti9/create-site,Updating DocTypes for frappe        : [===========================             ] 67%
2026-07-09T03:24:20.597Z,smriti9/create-site,Updating DocTypes for frappe        : [===========================             ] 67%
2026-07-09T03:24:20.597Z,smriti9/create-site,Updating DocTypes for frappe        : [===========================             ] 68%
2026-07-09T03:24:20.597Z,smriti9/create-site,Updating DocTypes for frappe        : [===========================             ] 68%
2026-07-09T03:24:20.597Z,smriti9/create-site,Updating DocTypes for frappe        : [===========================             ] 68%
2026-07-09T03:24:20.597Z,smriti9/create-site,Updating DocTypes for frappe        : [===========================             ] 69%
2026-07-09T03:24:20.597Z,smriti9/create-site,Updating DocTypes for frappe        : [===========================             ] 69%
2026-07-09T03:24:20.597Z,smriti9/create-site,Updating DocTypes for frappe        : [===========================             ] 69%
2026-07-09T03:24:20.597Z,smriti9/create-site,Updating DocTypes for frappe        : [===========================             ] 69%
2026-07-09T03:24:20.597Z,smriti9/create-site,Updating DocTypes for frappe        : [============================            ] 70%
2026-07-09T03:24:20.597Z,smriti9/create-site,Updating DocTypes for frappe        : [============================            ] 70%
2026-07-09T03:24:20.597Z,smriti9/create-site,Updating DocTypes for frappe        : [============================            ] 70%
2026-07-09T03:24:20.597Z,smriti9/create-site,Updating DocTypes for frappe        : [============================            ] 71%
2026-07-09T03:24:20.597Z,smriti9/create-site,Updating DocTypes for frappe        : [============================            ] 71%
2026-07-09T03:24:20.597Z,smriti9/create-site,Updating DocTypes for frappe        : [============================            ] 71%
2026-07-09T03:24:20.597Z,smriti9/create-site,Updating DocTypes for frappe        : [============================            ] 71%
2026-07-09T03:24:20.597Z,smriti9/create-site,Updating DocTypes for frappe        : [============================            ] 72%
2026-07-09T03:24:20.597Z,smriti9/create-site,Updating DocTypes for frappe        : [============================            ] 72%
2026-07-09T03:24:20.597Z,smriti9/create-site,Updating DocTypes for frappe        : [=============================           ] 72%
2026-07-09T03:24:20.597Z,smriti9/create-site,Updating DocTypes for frappe        : [=============================           ] 73%
2026-07-09T03:24:20.597Z,smriti9/create-site,Updating DocTypes for frappe        : [=============================           ] 73%
2026-07-09T03:24:20.597Z,smriti9/create-site,Updating DocTypes for frappe        : [=============================           ] 73%
2026-07-09T03:24:20.597Z,smriti9/create-site,Updating DocTypes for frappe        : [=============================           ] 73%
2026-07-09T03:24:20.597Z,smriti9/create-site,Updating DocTypes for frappe        : [=============================           ] 74%
2026-07-09T03:24:20.597Z,smriti9/create-site,Updating DocTypes for frappe        : [=============================           ] 74%
2026-07-09T03:24:20.597Z,smriti9/create-site,Updating DocTypes for frappe        : [=============================           ] 74%
2026-07-09T03:24:20.597Z,smriti9/create-site,Updating DocTypes for frappe        : [==============================          ] 75%
2026-07-09T03:24:20.597Z,smriti9/create-site,Updating DocTypes for frappe        : [==============================          ] 75%
2026-07-09T03:24:20.597Z,smriti9/create-site,Updating DocTypes for frappe        : [==============================          ] 75%
2026-07-09T03:24:20.597Z,smriti9/create-site,Updating DocTypes for frappe        : [==============================          ] 75%
2026-07-09T03:24:20.597Z,smriti9/create-site,Updating DocTypes for frappe        : [==============================          ] 76%
2026-07-09T03:24:20.597Z,smriti9/create-site,Updating DocTypes for frappe        : [==============================          ] 76%
2026-07-09T03:24:20.597Z,smriti9/create-site,Updating DocTypes for frappe        : [==============================          ] 76%
2026-07-09T03:24:20.597Z,smriti9/create-site,Updating DocTypes for frappe        : [==============================          ] 76%
2026-07-09T03:24:20.597Z,smriti9/create-site,Updating DocTypes for frappe        : [==============================          ] 77%
2026-07-09T03:24:20.597Z,smriti9/create-site,Updating DocTypes for frappe        : [===============================         ] 77%
2026-07-09T03:24:20.597Z,smriti9/create-site,Updating DocTypes for frappe        : [===============================         ] 77%
2026-07-09T03:24:20.597Z,smriti9/create-site,Updating DocTypes for frappe        : [===============================         ] 78%
2026-07-09T03:24:20.597Z,smriti9/create-site,Updating DocTypes for frappe        : [===============================         ] 78%
2026-07-09T03:24:20.597Z,smriti9/create-site,Updating DocTypes for frappe        : [===============================         ] 78%
2026-07-09T03:24:20.597Z,smriti9/create-site,Updating DocTypes for frappe        : [===============================         ] 78%
2026-07-09T03:24:20.597Z,smriti9/create-site,Updating DocTypes for frappe        : [===============================         ] 79%
2026-07-09T03:24:20.597Z,smriti9/create-site,Updating DocTypes for frappe        : [===============================         ] 79%
2026-07-09T03:24:20.597Z,smriti9/create-site,Updating DocTypes for frappe        : [===============================         ] 79%
2026-07-09T03:24:20.597Z,smriti9/create-site,Updating DocTypes for frappe        : [================================        ] 80%
2026-07-09T03:24:20.597Z,smriti9/create-site,Updating DocTypes for frappe        : [================================        ] 80%
2026-07-09T03:24:20.597Z,smriti9/create-site,Updating DocTypes for frappe        : [================================        ] 80%
2026-07-09T03:24:20.597Z,smriti9/create-site,Updating DocTypes for frappe        : [================================        ] 80%
2026-07-09T03:24:20.597Z,smriti9/create-site,Updating DocTypes for frappe        : [================================        ] 81%
2026-07-09T03:24:20.597Z,smriti9/create-site,Updating DocTypes for frappe        : [================================        ] 81%
2026-07-09T03:24:20.597Z,smriti9/create-site,Updating DocTypes for frappe        : [================================        ] 81%
2026-07-09T03:24:20.597Z,smriti9/create-site,Updating DocTypes for frappe        : [================================        ] 82%
2026-07-09T03:24:20.597Z,smriti9/create-site,Updating DocTypes for frappe        : [================================        ] 82%
2026-07-09T03:24:20.597Z,smriti9/create-site,Updating DocTypes for frappe        : [=================================       ] 82%
2026-07-09T03:24:20.597Z,smriti9/create-site,Updating DocTypes for frappe        : [=================================       ] 82%
2026-07-09T03:24:20.597Z,smriti9/create-site,Updating DocTypes for frappe        : [=================================       ] 83%
2026-07-09T03:24:20.597Z,smriti9/create-site,Updating DocTypes for frappe        : [=================================       ] 83%
2026-07-09T03:24:20.597Z,smriti9/create-site,Updating DocTypes for frappe        : [=================================       ] 83%
2026-07-09T03:24:20.597Z,smriti9/create-site,Updating DocTypes for frappe        : [=================================       ] 84%
2026-07-09T03:24:20.597Z,smriti9/create-site,Updating DocTypes for frappe        : [=================================       ] 84%
2026-07-09T03:24:20.597Z,smriti9/create-site,Updating DocTypes for frappe        : [=================================       ] 84%
2026-07-09T03:24:20.597Z,smriti9/create-site,Updating DocTypes for frappe        : [=================================       ] 84%
2026-07-09T03:24:20.597Z,smriti9/create-site,Updating DocTypes for frappe        : [==================================      ] 85%
2026-07-09T03:24:20.597Z,smriti9/create-site,Updating DocTypes for frappe        : [==================================      ] 85%
2026-07-09T03:24:20.597Z,smriti9/create-site,Updating DocTypes for frappe        : [==================================      ] 85%
2026-07-09T03:24:20.597Z,smriti9/create-site,Updating DocTypes for frappe        : [==================================      ] 86%
2026-07-09T03:24:20.597Z,smriti9/create-site,Updating DocTypes for frappe        : [==================================      ] 86%
2026-07-09T03:24:20.597Z,smriti9/create-site,Updating DocTypes for frappe        : [==================================      ] 86%
2026-07-09T03:24:20.597Z,smriti9/create-site,Updating DocTypes for frappe        : [==================================      ] 86%
2026-07-09T03:24:20.597Z,smriti9/create-site,Updating DocTypes for frappe        : [==================================      ] 87%
2026-07-09T03:24:20.597Z,smriti9/create-site,Updating DocTypes for frappe        : [===================================     ] 87%
2026-07-09T03:24:20.597Z,smriti9/create-site,Updating DocTypes for frappe        : [===================================     ] 87%
2026-07-09T03:24:20.597Z,smriti9/create-site,Updating DocTypes for frappe        : [===================================     ] 88%
2026-07-09T03:24:20.597Z,smriti9/create-site,Updating DocTypes for frappe        : [===================================     ] 88%
2026-07-09T03:24:20.597Z,smriti9/create-site,Updating DocTypes for frappe        : [===================================     ] 88%
2026-07-09T03:24:20.597Z,smriti9/create-site,Updating DocTypes for frappe        : [===================================     ] 88%
2026-07-09T03:24:20.597Z,smriti9/create-site,Updating DocTypes for frappe        : [===================================     ] 89%
2026-07-09T03:24:20.597Z,smriti9/create-site,Updating DocTypes for frappe        : [===================================     ] 89%
2026-07-09T03:24:20.597Z,smriti9/create-site,Updating DocTypes for frappe        : [===================================     ] 89%
2026-07-09T03:24:20.597Z,smriti9/create-site,Updating DocTypes for frappe        : [====================================    ] 90%
2026-07-09T03:24:20.597Z,smriti9/create-site,Updating DocTypes for frappe        : [====================================    ] 90%
2026-07-09T03:24:20.597Z,smriti9/create-site,Updating DocTypes for frappe        : [====================================    ] 90%
2026-07-09T03:24:20.597Z,smriti9/create-site,Updating DocTypes for frappe        : [====================================    ] 90%
2026-07-09T03:24:20.597Z,smriti9/create-site,Updating DocTypes for frappe        : [====================================    ] 91%
2026-07-09T03:24:20.597Z,smriti9/create-site,Updating DocTypes for frappe        : [====================================    ] 91%
2026-07-09T03:24:20.597Z,smriti9/create-site,Updating DocTypes for frappe        : [====================================    ] 91%
2026-07-09T03:24:20.597Z,smriti9/create-site,Updating DocTypes for frappe        : [====================================    ] 92%
2026-07-09T03:24:20.597Z,smriti9/create-site,Updating DocTypes for frappe        : [====================================    ] 92%
2026-07-09T03:24:20.597Z,smriti9/create-site,Updating DocTypes for frappe        : [=====================================   ] 92%
2026-07-09T03:24:20.597Z,smriti9/create-site,Updating DocTypes for frappe        : [=====================================   ] 92%
2026-07-09T03:24:20.597Z,smriti9/create-site,Updating DocTypes for frappe        : [=====================================   ] 93%
2026-07-09T03:24:20.597Z,smriti9/create-site,Updating DocTypes for frappe        : [=====================================   ] 93%
2026-07-09T03:24:20.597Z,smriti9/create-site,Updating DocTypes for frappe        : [=====================================   ] 93%
2026-07-09T03:24:20.597Z,smriti9/create-site,Updating DocTypes for frappe        : [=====================================   ] 94%
2026-07-09T03:24:20.597Z,smriti9/create-site,Updating DocTypes for frappe        : [=====================================   ] 94%
2026-07-09T03:24:20.597Z,smriti9/create-site,Updating DocTypes for frappe        : [=====================================   ] 94%
2026-07-09T03:24:20.597Z,smriti9/create-site,Updating DocTypes for frappe        : [=====================================   ] 94%
2026-07-09T03:24:20.597Z,smriti9/create-site,Updating DocTypes for frappe        : [======================================  ] 95%
2026-07-09T03:24:20.597Z,smriti9/create-site,Updating DocTypes for frappe        : [======================================  ] 95%
2026-07-09T03:24:20.597Z,smriti9/create-site,Updating DocTypes for frappe        : [======================================  ] 95%
2026-07-09T03:24:20.597Z,smriti9/create-site,Updating DocTypes for frappe        : [======================================  ] 96%
2026-07-09T03:24:20.597Z,smriti9/create-site,Updating DocTypes for frappe        : [======================================  ] 96%
2026-07-09T03:24:20.597Z,smriti9/create-site,Updating DocTypes for frappe        : [======================================  ] 96%
2026-07-09T03:24:20.597Z,smriti9/create-site,Updating DocTypes for frappe        : [======================================  ] 96%
2026-07-09T03:24:20.597Z,smriti9/create-site,Updating DocTypes for frappe        : [======================================  ] 97%
2026-07-09T03:24:20.597Z,smriti9/create-site,Updating DocTypes for frappe        : [======================================  ] 97%
2026-07-09T03:24:20.597Z,smriti9/create-site,Updating DocTypes for frappe        : [======================================= ] 97%
2026-07-09T03:24:20.597Z,smriti9/create-site,Updating DocTypes for frappe        : [======================================= ] 98%
2026-07-09T03:24:20.597Z,smriti9/create-site,Updating DocTypes for frappe        : [======================================= ] 98%
2026-07-09T03:24:20.597Z,smriti9/create-site,Updating DocTypes for frappe        : [======================================= ] 98%
2026-07-09T03:24:20.597Z,smriti9/create-site,Updating DocTypes for frappe        : [======================================= ] 98%
2026-07-09T03:24:20.597Z,smriti9/create-site,Updating DocTypes for frappe        : [======================================= ] 99%
2026-07-09T03:24:20.597Z,smriti9/create-site,Updating DocTypes for frappe        : [======================================= ] 99%
2026-07-09T03:24:20.597Z,smriti9/create-site,Updating DocTypes for frappe        : [======================================= ] 99%
2026-07-09T03:24:20.597Z,smriti9/create-site,Updating DocTypes for frappe        : [========================================] 100%
2026-07-09T03:24:21.155Z,smriti9/create-site,
2026-07-09T03:24:21.155Z,smriti9/create-site,Updating DocTypes for erpnext       : [                                        ] 0%
2026-07-09T03:24:21.155Z,smriti9/create-site,Updating DocTypes for erpnext       : [                                        ] 0%
2026-07-09T03:24:21.155Z,smriti9/create-site,Updating DocTypes for erpnext       : [                                        ] 0%
2026-07-09T03:24:21.155Z,smriti9/create-site,Updating DocTypes for erpnext       : [                                        ] 0%
2026-07-09T03:24:21.155Z,smriti9/create-site,Updating DocTypes for erpnext       : [                                        ] 0%
2026-07-09T03:24:21.155Z,smriti9/create-site,Updating DocTypes for erpnext       : [                                        ] 0%
2026-07-09T03:24:21.155Z,smriti9/create-site,Updating DocTypes for erpnext       : [                                        ] 0%
2026-07-09T03:24:21.155Z,smriti9/create-site,Updating DocTypes for erpnext       : [                                        ] 0%
2026-07-09T03:24:21.155Z,smriti9/create-site,Updating DocTypes for erpnext       : [                                        ] 1%
2026-07-09T03:24:21.155Z,smriti9/create-site,Updating DocTypes for erpnext       : [                                        ] 1%
2026-07-09T03:24:21.155Z,smriti9/create-site,Updating DocTypes for erpnext       : [                                        ] 1%
2026-07-09T03:24:21.155Z,smriti9/create-site,Updating DocTypes for erpnext       : [                                        ] 1%
2026-07-09T03:24:21.155Z,smriti9/create-site,Updating DocTypes for erpnext       : [                                        ] 1%
2026-07-09T03:24:21.155Z,smriti9/create-site,Updating DocTypes for erpnext       : [                                        ] 1%
2026-07-09T03:24:21.155Z,smriti9/create-site,Updating DocTypes for erpnext       : [                                        ] 1%
2026-07-09T03:24:21.155Z,smriti9/create-site,Updating DocTypes for erpnext       : [                                        ] 1%
2026-07-09T03:24:21.155Z,smriti9/create-site,Updating DocTypes for erpnext       : [                                        ] 1%
2026-07-09T03:24:21.155Z,smriti9/create-site,Updating DocTypes for erpnext       : [                                        ] 2%
2026-07-09T03:24:21.155Z,smriti9/create-site,Updating DocTypes for erpnext       : [                                        ] 2%
2026-07-09T03:24:21.155Z,smriti9/create-site,Updating DocTypes for erpnext       : [                                        ] 2%
2026-07-09T03:24:21.155Z,smriti9/create-site,Updating DocTypes for erpnext       : [                                        ] 2%
2026-07-09T03:24:21.155Z,smriti9/create-site,Updating DocTypes for erpnext       : [                                        ] 2%
2026-07-09T03:24:21.155Z,smriti9/create-site,Updating DocTypes for erpnext       : [=                                       ] 2%
2026-07-09T03:24:21.155Z,smriti9/create-site,Updating DocTypes for erpnext       : [=                                       ] 2%
2026-07-09T03:24:21.155Z,smriti9/create-site,Updating DocTypes for erpnext       : [=                                       ] 2%
2026-07-09T03:24:21.155Z,smriti9/create-site,Updating DocTypes for erpnext       : [=                                       ] 2%
2026-07-09T03:24:21.155Z,smriti9/create-site,Updating DocTypes for erpnext       : [=                                       ] 3%
2026-07-09T03:24:21.155Z,smriti9/create-site,Updating DocTypes for erpnext       : [=                                       ] 3%
2026-07-09T03:24:21.155Z,smriti9/create-site,Updating DocTypes for erpnext       : [=                                       ] 3%
2026-07-09T03:24:21.155Z,smriti9/create-site,Updating DocTypes for erpnext       : [=                                       ] 3%
2026-07-09T03:24:21.155Z,smriti9/create-site,Updating DocTypes for erpnext       : [=                                       ] 3%
2026-07-09T03:24:21.155Z,smriti9/create-site,Updating DocTypes for erpnext       : [=                                       ] 3%
2026-07-09T03:24:21.155Z,smriti9/create-site,Updating DocTypes for erpnext       : [=                                       ] 3%
2026-07-09T03:24:21.155Z,smriti9/create-site,Updating DocTypes for erpnext       : [=                                       ] 3%
2026-07-09T03:24:21.155Z,smriti9/create-site,Updating DocTypes for erpnext       : [=                                       ] 3%
2026-07-09T03:24:21.155Z,smriti9/create-site,Updating DocTypes for erpnext       : [=                                       ] 4%
2026-07-09T03:24:21.155Z,smriti9/create-site,Updating DocTypes for erpnext       : [=                                       ] 4%
2026-07-09T03:24:21.155Z,smriti9/create-site,Updating DocTypes for erpnext       : [=                                       ] 4%
2026-07-09T03:24:21.155Z,smriti9/create-site,Updating DocTypes for erpnext       : [=                                       ] 4%
2026-07-09T03:24:21.155Z,smriti9/create-site,Updating DocTypes for erpnext       : [=                                       ] 4%
2026-07-09T03:24:21.155Z,smriti9/create-site,Updating DocTypes for erpnext       : [=                                       ] 4%
2026-07-09T03:24:21.155Z,smriti9/create-site,Updating DocTypes for erpnext       : [=                                       ] 4%
2026-07-09T03:24:21.155Z,smriti9/create-site,Updating DocTypes for erpnext       : [=                                       ] 4%
2026-07-09T03:24:21.155Z,smriti9/create-site,Updating DocTypes for erpnext       : [=                                       ] 4%
2026-07-09T03:24:21.155Z,smriti9/create-site,Updating DocTypes for erpnext       : [==                                      ] 5%
2026-07-09T03:24:21.155Z,smriti9/create-site,Updating DocTypes for erpnext       : [==                                      ] 5%
2026-07-09T03:24:21.155Z,smriti9/create-site,Updating DocTypes for erpnext       : [==                                      ] 5%
2026-07-09T03:24:21.155Z,smriti9/create-site,Updating DocTypes for erpnext       : [==                                      ] 5%
2026-07-09T03:24:21.155Z,smriti9/create-site,Updating DocTypes for erpnext       : [==                                      ] 5%
2026-07-09T03:24:21.155Z,smriti9/create-site,Updating DocTypes for erpnext       : [==                                      ] 5%
2026-07-09T03:24:21.155Z,smriti9/create-site,Updating DocTypes for erpnext       : [==                                      ] 5%
2026-07-09T03:24:21.155Z,smriti9/create-site,Updating DocTypes for erpnext       : [==                                      ] 5%
2026-07-09T03:24:21.155Z,smriti9/create-site,Updating DocTypes for erpnext       : [==                                      ] 5%
2026-07-09T03:24:21.155Z,smriti9/create-site,Updating DocTypes for erpnext       : [==                                      ] 6%
2026-07-09T03:24:21.155Z,smriti9/create-site,Updating DocTypes for erpnext       : [==                                      ] 6%
2026-07-09T03:24:21.155Z,smriti9/create-site,Updating DocTypes for erpnext       : [==                                      ] 6%
2026-07-09T03:24:21.155Z,smriti9/create-site,Updating DocTypes for erpnext       : [==                                      ] 6%
2026-07-09T03:24:21.155Z,smriti9/create-site,Updating DocTypes for erpnext       : [==                                      ] 6%
2026-07-09T03:24:21.155Z,smriti9/create-site,Updating DocTypes for erpnext       : [==                                      ] 6%
2026-07-09T03:24:21.155Z,smriti9/create-site,Updating DocTypes for erpnext       : [==                                      ] 6%
2026-07-09T03:24:21.155Z,smriti9/create-site,Updating DocTypes for erpnext       : [==                                      ] 6%
2026-07-09T03:24:21.155Z,smriti9/create-site,Updating DocTypes for erpnext       : [==                                      ] 6%
2026-07-09T03:24:21.155Z,smriti9/create-site,Updating DocTypes for erpnext       : [==                                      ] 7%
2026-07-09T03:24:21.155Z,smriti9/create-site,Updating DocTypes for erpnext       : [==                                      ] 7%
2026-07-09T03:24:21.155Z,smriti9/create-site,Updating DocTypes for erpnext       : [==                                      ] 7%
2026-07-09T03:24:21.155Z,smriti9/create-site,Updating DocTypes for erpnext       : [==                                      ] 7%
2026-07-09T03:24:21.155Z,smriti9/create-site,Updating DocTypes for erpnext       : [===                                     ] 7%
2026-07-09T03:24:21.155Z,smriti9/create-site,Updating DocTypes for erpnext       : [===                                     ] 7%
2026-07-09T03:24:21.155Z,smriti9/create-site,Updating DocTypes for erpnext       : [===                                     ] 7%
2026-07-09T03:24:21.155Z,smriti9/create-site,Updating DocTypes for erpnext       : [===                                     ] 7%
2026-07-09T03:24:21.155Z,smriti9/create-site,Updating DocTypes for erpnext       : [===                                     ] 7%
2026-07-09T03:24:21.155Z,smriti9/create-site,Updating DocTypes for erpnext       : [===                                     ] 8%
2026-07-09T03:24:21.155Z,smriti9/create-site,Updating DocTypes for erpnext       : [===                                     ] 8%
2026-07-09T03:24:21.155Z,smriti9/create-site,Updating DocTypes for erpnext       : [===                                     ] 8%
2026-07-09T03:24:21.155Z,smriti9/create-site,Updating DocTypes for erpnext       : [===                                     ] 8%
2026-07-09T03:24:21.155Z,smriti9/create-site,Updating DocTypes for erpnext       : [===                                     ] 8%
2026-07-09T03:24:21.155Z,smriti9/create-site,Updating DocTypes for erpnext       : [===                                     ] 8%
2026-07-09T03:24:21.155Z,smriti9/create-site,Updating DocTypes for erpnext       : [===                                     ] 8%
2026-07-09T03:24:21.155Z,smriti9/create-site,Updating DocTypes for erpnext       : [===                                     ] 8%
2026-07-09T03:24:21.155Z,smriti9/create-site,Updating DocTypes for erpnext       : [===                                     ] 8%
2026-07-09T03:24:21.155Z,smriti9/create-site,Updating DocTypes for erpnext       : [===                                     ] 9%
2026-07-09T03:24:21.155Z,smriti9/create-site,Updating DocTypes for erpnext       : [===                                     ] 9%
2026-07-09T03:24:21.155Z,smriti9/create-site,Updating DocTypes for erpnext       : [===                                     ] 9%
2026-07-09T03:24:21.155Z,smriti9/create-site,Updating DocTypes for erpnext       : [===                                     ] 9%
2026-07-09T03:24:21.155Z,smriti9/create-site,Updating DocTypes for erpnext       : [===                                     ] 9%
2026-07-09T03:24:21.155Z,smriti9/create-site,Updating DocTypes for erpnext       : [===                                     ] 9%
2026-07-09T03:24:21.155Z,smriti9/create-site,Updating DocTypes for erpnext       : [===                                     ] 9%
2026-07-09T03:24:21.155Z,smriti9/create-site,Updating DocTypes for erpnext       : [===                                     ] 9%
2026-07-09T03:24:21.155Z,smriti9/create-site,Updating DocTypes for erpnext       : [====                                    ] 10%
2026-07-09T03:24:21.155Z,smriti9/create-site,Updating DocTypes for erpnext       : [====                                    ] 10%
2026-07-09T03:24:21.155Z,smriti9/create-site,Updating DocTypes for erpnext       : [====                                    ] 10%
2026-07-09T03:24:21.155Z,smriti9/create-site,Updating DocTypes for erpnext       : [====                                    ] 10%
2026-07-09T03:24:21.155Z,smriti9/create-site,Updating DocTypes for erpnext       : [====                                    ] 10%
2026-07-09T03:24:21.155Z,smriti9/create-site,Updating DocTypes for erpnext       : [====                                    ] 10%
2026-07-09T03:24:21.155Z,smriti9/create-site,Updating DocTypes for erpnext       : [====                                    ] 10%
2026-07-09T03:24:21.155Z,smriti9/create-site,Updating DocTypes for erpnext       : [====                                    ] 10%
2026-07-09T03:24:21.155Z,smriti9/create-site,Updating DocTypes for erpnext       : [====                                    ] 10%
2026-07-09T03:24:21.155Z,smriti9/create-site,Updating DocTypes for erpnext       : [====                                    ] 11%
2026-07-09T03:24:21.155Z,smriti9/create-site,Updating DocTypes for erpnext       : [====                                    ] 11%
2026-07-09T03:24:21.155Z,smriti9/create-site,Updating DocTypes for erpnext       : [====                                    ] 11%
2026-07-09T03:24:21.155Z,smriti9/create-site,Updating DocTypes for erpnext       : [====                                    ] 11%
2026-07-09T03:24:21.155Z,smriti9/create-site,Updating DocTypes for erpnext       : [====                                    ] 11%
2026-07-09T03:24:21.155Z,smriti9/create-site,Updating DocTypes for erpnext       : [====                                    ] 11%
2026-07-09T03:24:21.155Z,smriti9/create-site,Updating DocTypes for erpnext       : [====                                    ] 11%
2026-07-09T03:24:21.155Z,smriti9/create-site,Updating DocTypes for erpnext       : [====                                    ] 11%
2026-07-09T03:24:21.155Z,smriti9/create-site,Updating DocTypes for erpnext       : [====                                    ] 11%
2026-07-09T03:24:21.155Z,smriti9/create-site,Updating DocTypes for erpnext       : [====                                    ] 12%
2026-07-09T03:24:21.155Z,smriti9/create-site,Updating DocTypes for erpnext       : [====                                    ] 12%
2026-07-09T03:24:21.155Z,smriti9/create-site,Updating DocTypes for erpnext       : [====                                    ] 12%
2026-07-09T03:24:21.155Z,smriti9/create-site,Updating DocTypes for erpnext       : [====                                    ] 12%
2026-07-09T03:24:21.155Z,smriti9/create-site,Updating DocTypes for erpnext       : [====                                    ] 12%
2026-07-09T03:24:21.155Z,smriti9/create-site,Updating DocTypes for erpnext       : [=====                                   ] 12%
2026-07-09T03:24:21.155Z,smriti9/create-site,Updating DocTypes for erpnext       : [=====                                   ] 12%
2026-07-09T03:24:21.155Z,smriti9/create-site,Updating DocTypes for erpnext       : [=====                                   ] 12%
2026-07-09T03:24:21.155Z,smriti9/create-site,Updating DocTypes for erpnext       : [=====                                   ] 12%
2026-07-09T03:24:21.155Z,smriti9/create-site,Updating DocTypes for erpnext       : [=====                                   ] 13%
2026-07-09T03:24:21.155Z,smriti9/create-site,Updating DocTypes for erpnext       : [=====                                   ] 13%
2026-07-09T03:24:21.155Z,smriti9/create-site,Updating DocTypes for erpnext       : [=====                                   ] 13%
2026-07-09T03:24:21.155Z,smriti9/create-site,Updating DocTypes for erpnext       : [=====                                   ] 13%
2026-07-09T03:24:21.155Z,smriti9/create-site,Updating DocTypes for erpnext       : [=====                                   ] 13%
2026-07-09T03:24:21.155Z,smriti9/create-site,Updating DocTypes for erpnext       : [=====                                   ] 13%
2026-07-09T03:24:21.155Z,smriti9/create-site,Updating DocTypes for erpnext       : [=====                                   ] 13%
2026-07-09T03:24:21.155Z,smriti9/create-site,Updating DocTypes for erpnext       : [=====                                   ] 13%
2026-07-09T03:24:21.155Z,smriti9/create-site,Updating DocTypes for erpnext       : [=====                                   ] 13%
2026-07-09T03:24:21.155Z,smriti9/create-site,Updating DocTypes for erpnext       : [=====                                   ] 14%
2026-07-09T03:24:21.155Z,smriti9/create-site,Updating DocTypes for erpnext       : [=====                                   ] 14%
2026-07-09T03:24:21.155Z,smriti9/create-site,Updating DocTypes for erpnext       : [=====                                   ] 14%
2026-07-09T03:24:21.155Z,smriti9/create-site,Updating DocTypes for erpnext       : [=====                                   ] 14%
2026-07-09T03:24:21.155Z,smriti9/create-site,Updating DocTypes for erpnext       : [=====                                   ] 14%
2026-07-09T03:24:21.155Z,smriti9/create-site,Updating DocTypes for erpnext       : [=====                                   ] 14%
2026-07-09T03:24:21.155Z,smriti9/create-site,Updating DocTypes for erpnext       : [=====                                   ] 14%
2026-07-09T03:24:21.155Z,smriti9/create-site,Updating DocTypes for erpnext       : [=====                                   ] 14%
2026-07-09T03:24:21.155Z,smriti9/create-site,Updating DocTypes for erpnext       : [=====                                   ] 14%
2026-07-09T03:24:21.155Z,smriti9/create-site,Updating DocTypes for erpnext       : [======                                  ] 15%
2026-07-09T03:24:21.155Z,smriti9/create-site,Updating DocTypes for erpnext       : [======                                  ] 15%
2026-07-09T03:24:21.155Z,smriti9/create-site,Updating DocTypes for erpnext       : [======                                  ] 15%
2026-07-09T03:24:21.155Z,smriti9/create-site,Updating DocTypes for erpnext       : [======                                  ] 15%
2026-07-09T03:24:21.155Z,smriti9/create-site,Updating DocTypes for erpnext       : [======                                  ] 15%
2026-07-09T03:24:21.155Z,smriti9/create-site,Updating DocTypes for erpnext       : [======                                  ] 15%
2026-07-09T03:24:21.155Z,smriti9/create-site,Updating DocTypes for erpnext       : [======                                  ] 15%
2026-07-09T03:24:21.155Z,smriti9/create-site,Updating DocTypes for erpnext       : [======                                  ] 15%
2026-07-09T03:24:21.155Z,smriti9/create-site,Updating DocTypes for erpnext       : [======                                  ] 15%
2026-07-09T03:24:21.155Z,smriti9/create-site,Updating DocTypes for erpnext       : [======                                  ] 16%
2026-07-09T03:24:21.155Z,smriti9/create-site,Updating DocTypes for erpnext       : [======                                  ] 16%
2026-07-09T03:24:21.155Z,smriti9/create-site,Updating DocTypes for erpnext       : [======                                  ] 16%
2026-07-09T03:24:21.155Z,smriti9/create-site,Updating DocTypes for erpnext       : [======                                  ] 16%
2026-07-09T03:24:21.155Z,smriti9/create-site,Updating DocTypes for erpnext       : [======                                  ] 16%
2026-07-09T03:24:21.155Z,smriti9/create-site,Updating DocTypes for erpnext       : [======                                  ] 16%
2026-07-09T03:24:21.155Z,smriti9/create-site,Updating DocTypes for erpnext       : [======                                  ] 16%
2026-07-09T03:24:21.155Z,smriti9/create-site,Updating DocTypes for erpnext       : [======                                  ] 16%
2026-07-09T03:24:21.155Z,smriti9/create-site,Updating DocTypes for erpnext       : [======                                  ] 16%
2026-07-09T03:24:21.155Z,smriti9/create-site,Updating DocTypes for erpnext       : [======                                  ] 17%
2026-07-09T03:24:21.155Z,smriti9/create-site,Updating DocTypes for erpnext       : [======                                  ] 17%
2026-07-09T03:24:21.155Z,smriti9/create-site,Updating DocTypes for erpnext       : [======                                  ] 17%
2026-07-09T03:24:21.155Z,smriti9/create-site,Updating DocTypes for erpnext       : [======                                  ] 17%
2026-07-09T03:24:21.155Z,smriti9/create-site,Updating DocTypes for erpnext       : [=======                                 ] 17%
2026-07-09T03:24:21.155Z,smriti9/create-site,Updating DocTypes for erpnext       : [=======                                 ] 17%
2026-07-09T03:24:21.155Z,smriti9/create-site,Updating DocTypes for erpnext       : [=======                                 ] 17%
2026-07-09T03:24:21.155Z,smriti9/create-site,Updating DocTypes for erpnext       : [=======                                 ] 17%
2026-07-09T03:24:21.155Z,smriti9/create-site,Updating DocTypes for erpnext       : [=======                                 ] 17%
2026-07-09T03:24:21.155Z,smriti9/create-site,Updating DocTypes for erpnext       : [=======                                 ] 18%
2026-07-09T03:24:21.155Z,smriti9/create-site,Updating DocTypes for erpnext       : [=======                                 ] 18%
2026-07-09T03:24:21.155Z,smriti9/create-site,Updating DocTypes for erpnext       : [=======                                 ] 18%
2026-07-09T03:24:21.155Z,smriti9/create-site,Updating DocTypes for erpnext       : [=======                                 ] 18%
2026-07-09T03:24:21.155Z,smriti9/create-site,Updating DocTypes for erpnext       : [=======                                 ] 18%
2026-07-09T03:24:21.155Z,smriti9/create-site,Updating DocTypes for erpnext       : [=======                                 ] 18%
2026-07-09T03:24:21.155Z,smriti9/create-site,Updating DocTypes for erpnext       : [=======                                 ] 18%
2026-07-09T03:24:21.155Z,smriti9/create-site,Updating DocTypes for erpnext       : [=======                                 ] 18%
2026-07-09T03:24:21.155Z,smriti9/create-site,Updating DocTypes for erpnext       : [=======                                 ] 18%
2026-07-09T03:24:21.155Z,smriti9/create-site,Updating DocTypes for erpnext       : [=======                                 ] 19%
2026-07-09T03:24:21.155Z,smriti9/create-site,Updating DocTypes for erpnext       : [=======                                 ] 19%
2026-07-09T03:24:21.155Z,smriti9/create-site,Updating DocTypes for erpnext       : [=======                                 ] 19%
2026-07-09T03:24:21.155Z,smriti9/create-site,Updating DocTypes for erpnext       : [=======                                 ] 19%
2026-07-09T03:24:21.155Z,smriti9/create-site,Updating DocTypes for erpnext       : [=======                                 ] 19%
2026-07-09T03:24:21.155Z,smriti9/create-site,Updating DocTypes for erpnext       : [=======                                 ] 19%
2026-07-09T03:24:21.155Z,smriti9/create-site,Updating DocTypes for erpnext       : [=======                                 ] 19%
2026-07-09T03:24:21.155Z,smriti9/create-site,Updating DocTypes for erpnext       : [=======                                 ] 19%
2026-07-09T03:24:21.155Z,smriti9/create-site,Updating DocTypes for erpnext       : [========                                ] 20%
2026-07-09T03:24:21.155Z,smriti9/create-site,Updating DocTypes for erpnext       : [========                                ] 20%
2026-07-09T03:24:21.155Z,smriti9/create-site,Updating DocTypes for erpnext       : [========                                ] 20%
2026-07-09T03:24:21.155Z,smriti9/create-site,Updating DocTypes for erpnext       : [========                                ] 20%
2026-07-09T03:24:21.155Z,smriti9/create-site,Updating DocTypes for erpnext       : [========                                ] 20%
2026-07-09T03:24:21.155Z,smriti9/create-site,Updating DocTypes for erpnext       : [========                                ] 20%
2026-07-09T03:24:21.155Z,smriti9/create-site,Updating DocTypes for erpnext       : [========                                ] 20%
2026-07-09T03:24:21.155Z,smriti9/create-site,Updating DocTypes for erpnext       : [========                                ] 20%
2026-07-09T03:24:21.155Z,smriti9/create-site,Updating DocTypes for erpnext       : [========                                ] 20%
2026-07-09T03:24:21.155Z,smriti9/create-site,Updating DocTypes for erpnext       : [========                                ] 21%
2026-07-09T03:24:21.155Z,smriti9/create-site,Updating DocTypes for erpnext       : [========                                ] 21%
2026-07-09T03:24:21.155Z,smriti9/create-site,Updating DocTypes for erpnext       : [========                                ] 21%
2026-07-09T03:24:21.155Z,smriti9/create-site,Updating DocTypes for erpnext       : [========                                ] 21%
2026-07-09T03:24:21.155Z,smriti9/create-site,Updating DocTypes for erpnext       : [========                                ] 21%
2026-07-09T03:24:21.155Z,smriti9/create-site,Updating DocTypes for erpnext       : [========                                ] 21%
2026-07-09T03:24:21.155Z,smriti9/create-site,Updating DocTypes for erpnext       : [========                                ] 21%
2026-07-09T03:24:21.155Z,smriti9/create-site,Updating DocTypes for erpnext       : [========                   2026-07-09T03:24:21.155423229Z              ] 21%
2026-07-09T03:24:21.155Z,smriti9/create-site,Updating DocTypes for erpnext       : [========                                ] 21%
2026-07-09T03:24:21.155Z,smriti9/create-site,Updating DocTypes for erpnext       : [========                                ] 22%
2026-07-09T03:24:21.155Z,smriti9/create-site,Updating DocTypes for erpnext       : [========                                ] 22%
2026-07-09T03:24:21.155Z,smriti9/create-site,Updating DocTypes for erpnext       : [========                                ] 22%
2026-07-09T03:24:21.155Z,smriti9/create-site,Updating DocTypes for erpnext       : [========                                ] 22%
2026-07-09T03:24:21.155Z,smriti9/create-site,Updating DocTypes for erpnext       : [========                                ] 22%
2026-07-09T03:24:21.155Z,smriti9/create-site,Updating DocTypes for erpnext       : [=========                               ] 22%
2026-07-09T03:24:21.155Z,smriti9/create-site,Updating DocTypes for erpnext       : [=========                               ] 22%
2026-07-09T03:24:21.155Z,smriti9/create-site,Updating DocTypes for erpnext       : [=========                               ] 22%
2026-07-09T03:24:21.155Z,smriti9/create-site,Updating DocTypes for erpnext       : [=========                               ] 22%
2026-07-09T03:24:21.155Z,smriti9/create-site,Updating DocTypes for erpnext       : [=========                               ] 23%
2026-07-09T03:24:21.155Z,smriti9/create-site,Updating DocTypes for erpnext       : [=========                               ] 23%
2026-07-09T03:24:21.155Z,smriti9/create-site,Updating DocTypes for erpnext       : [=========                               ] 23%
2026-07-09T03:24:21.155Z,smriti9/create-site,Updating DocTypes for erpnext       : [=========                               ] 23%
2026-07-09T03:24:21.155Z,smriti9/create-site,Updating DocTypes for erpnext       : [=========                               ] 23%
2026-07-09T03:24:21.155Z,smriti9/create-site,Updating DocTypes for erpnext       : [=========                               ] 23%
2026-07-09T03:24:21.155Z,smriti9/create-site,Updating DocTypes for erpnext       : [=========                               ] 23%
2026-07-09T03:24:21.155Z,smriti9/create-site,Updating DocTypes for erpnext       : [=========                               ] 23%
2026-07-09T03:24:21.155Z,smriti9/create-site,Updating DocTypes for erpnext       : [=========                               ] 23%
2026-07-09T03:24:21.155Z,smriti9/create-site,Updating DocTypes for erpnext       : [=========                               ] 24%
2026-07-09T03:24:21.155Z,smriti9/create-site,Updating DocTypes for erpnext       : [=========                               ] 24%
2026-07-09T03:24:21.155Z,smriti9/create-site,Updating DocTypes for erpnext       : [=========                               ] 24%
2026-07-09T03:24:21.155Z,smriti9/create-site,Updating DocTypes for erpnext       : [=========                               ] 24%
2026-07-09T03:24:21.155Z,smriti9/create-site,Updating DocTypes for erpnext       : [=========                               ] 24%
2026-07-09T03:24:21.155Z,smriti9/create-site,Updating DocTypes for erpnext       : [=========                               ] 24%
2026-07-09T03:24:21.155Z,smriti9/create-site,Updating DocTypes for erpnext       : [=========                               ] 24%
2026-07-09T03:24:21.155Z,smriti9/create-site,Updating DocTypes for erpnext       : [=========                               ] 24%
2026-07-09T03:24:21.155Z,smriti9/create-site,Updating DocTypes for erpnext       : [=========                               ] 24%
2026-07-09T03:24:21.155Z,smriti9/create-site,Updating DocTypes for erpnext       : [==========                              ] 25%
2026-07-09T03:24:21.155Z,smriti9/create-site,Updating DocTypes for erpnext       : [==========                              ] 25%
2026-07-09T03:24:21.155Z,smriti9/create-site,Updating DocTypes for erpnext       : [==========                              ] 25%
2026-07-09T03:24:21.155Z,smriti9/create-site,Updating DocTypes for erpnext       : [==========                              ] 25%
2026-07-09T03:24:21.155Z,smriti9/create-site,Updating DocTypes for erpnext       : [==========                              ] 25%
2026-07-09T03:24:21.155Z,smriti9/create-site,Updating DocTypes for erpnext       : [==========                              ] 25%
2026-07-09T03:24:21.155Z,smriti9/create-site,Updating DocTypes for erpnext       : [==========                              ] 25%
2026-07-09T03:24:21.155Z,smriti9/create-site,Updating DocTypes for erpnext       : [==========                              ] 25%
2026-07-09T03:24:21.155Z,smriti9/create-site,Updating DocTypes for erpnext       : [==========                              ] 25%
2026-07-09T03:24:21.155Z,smriti9/create-site,Updating DocTypes for erpnext       : [==========                              ] 26%
2026-07-09T03:24:21.155Z,smriti9/create-site,Updating DocTypes for erpnext       : [==========                              ] 26%
2026-07-09T03:24:21.155Z,smriti9/create-site,Updating DocTypes for erpnext       : [==========                              ] 26%
2026-07-09T03:24:21.155Z,smriti9/create-site,Updating DocTypes for erpnext       : [==========                              ] 26%
2026-07-09T03:24:21.155Z,smriti9/create-site,Updating DocTypes for erpnext       : [==========                              ] 26%
2026-07-09T03:24:21.155Z,smriti9/create-site,Updating DocTypes for erpnext       : [==========                              ] 26%
2026-07-09T03:24:21.155Z,smriti9/create-site,Updating DocTypes for erpnext       : [==========                              ] 26%
2026-07-09T03:24:21.155Z,smriti9/create-site,Updating DocTypes for erpnext       : [==========                              ] 26%
2026-07-09T03:24:21.155Z,smriti9/create-site,Updating DocTypes for erpnext       : [==========                              ] 26%
2026-07-09T03:24:21.155Z,smriti9/create-site,Updating DocTypes for erpnext       : [==========                              ] 27%
2026-07-09T03:24:21.155Z,smriti9/create-site,Updating DocTypes for erpnext       : [==========                              ] 27%
2026-07-09T03:24:21.155Z,smriti9/create-site,Updating DocTypes for erpnext       : [==========                              ] 27%
2026-07-09T03:24:21.155Z,smriti9/create-site,Updating DocTypes for erpnext       : [==========                              ] 27%
2026-07-09T03:24:21.155Z,smriti9/create-site,Updating DocTypes for erpnext       : [===========                             ] 27%
2026-07-09T03:24:21.155Z,smriti9/create-site,Updating DocTypes for erpnext       : [===========                             ] 27%
2026-07-09T03:24:21.155Z,smriti9/create-site,Updating DocTypes for erpnext       : [===========                             ] 27%
2026-07-09T03:24:21.155Z,smriti9/create-site,Updating DocTypes for erpnext       : [===========                             ] 27%
2026-07-09T03:24:21.155Z,smriti9/create-site,Updating DocTypes for erpnext       : [===========                             ] 27%
2026-07-09T03:24:21.155Z,smriti9/create-site,Updating DocTypes for erpnext       : [===========                             ] 28%
2026-07-09T03:24:21.155Z,smriti9/create-site,Updating DocTypes for erpnext       : [===========                             ] 28%
2026-07-09T03:24:21.155Z,smriti9/create-site,Updating DocTypes for erpnext       : [===========                             ] 28%
2026-07-09T03:24:21.155Z,smriti9/create-site,Updating DocTypes for erpnext       : [===========                             ] 28%
2026-07-09T03:24:21.155Z,smriti9/create-site,Updating DocTypes for erpnext       : [===========                             ] 28%
2026-07-09T03:24:21.155Z,smriti9/create-site,Updating DocTypes for erpnext       : [===========                             ] 28%
2026-07-09T03:24:21.155Z,smriti9/create-site,Updating DocTypes for erpnext       : [===========                             ] 28%
2026-07-09T03:24:21.155Z,smriti9/create-site,Updating DocTypes for erpnext       : [===========                             ] 28%
2026-07-09T03:24:21.155Z,smriti9/create-site,Updating DocTypes for erpnext       : [===========                             ] 28%
2026-07-09T03:24:21.155Z,smriti9/create-site,Updating DocTypes for erpnext       : [===========                             ] 29%
2026-07-09T03:24:21.155Z,smriti9/create-site,Updating DocTypes for erpnext       : [===========                             ] 29%
2026-07-09T03:24:21.155Z,smriti9/create-site,Updating DocTypes for erpnext       : [===========                             ] 29%
2026-07-09T03:24:21.155Z,smriti9/create-site,Updating DocTypes for erpnext       : [===========                             ] 29%
2026-07-09T03:24:21.155Z,smriti9/create-site,Updating DocTypes for erpnext       : [===========                             ] 29%
2026-07-09T03:24:21.155Z,smriti9/create-site,Updating DocTypes for erpnext       : [===========                             ] 29%
2026-07-09T03:24:21.155Z,smriti9/create-site,Updating DocTypes for erpnext       : [===========                             ] 29%
2026-07-09T03:24:21.155Z,smriti9/create-site,Updating DocTypes for erpnext       : [===========                             ] 29%
2026-07-09T03:24:21.155Z,smriti9/create-site,Updating DocTypes for erpnext       : [============                            ] 30%
2026-07-09T03:24:21.155Z,smriti9/create-site,Updating DocTypes for erpnext       : [============                            ] 30%
2026-07-09T03:24:21.155Z,smriti9/create-site,Updating DocTypes for erpnext       : [============                            ] 30%
2026-07-09T03:24:21.155Z,smriti9/create-site,Updating DocTypes for erpnext       : [============                            ] 30%
2026-07-09T03:24:21.155Z,smriti9/create-site,Updating DocTypes for erpnext       : [============                            ] 30%
2026-07-09T03:24:21.155Z,smriti9/create-site,Updating DocTypes for erpnext       : [============                            ] 30%
2026-07-09T03:24:21.155Z,smriti9/create-site,Updating DocTypes for erpnext       : [============                            ] 30%
2026-07-09T03:24:21.155Z,smriti9/create-site,Updating DocTypes for erpnext       : [============                            ] 30%
2026-07-09T03:24:21.155Z,smriti9/create-site,Updating DocTypes for erpnext       : [============                            ] 30%
2026-07-09T03:24:21.155Z,smriti9/create-site,Updating DocTypes for erpnext       : [============                            ] 31%
2026-07-09T03:24:21.155Z,smriti9/create-site,Updating DocTypes for erpnext       : [============                            ] 31%
2026-07-09T03:24:21.155Z,smriti9/create-site,Updating DocTypes for erpnext       : [============                            ] 31%
2026-07-09T03:24:21.155Z,smriti9/create-site,Updating DocTypes for erpnext       : [============                            ] 31%
2026-07-09T03:24:21.155Z,smriti9/create-site,Updating DocTypes for erpnext       : [============                            ] 31%
2026-07-09T03:24:21.155Z,smriti9/create-site,Updating DocTypes for erpnext       : [============                            ] 31%
2026-07-09T03:24:21.155Z,smriti9/create-site,Updating DocTypes for erpnext       : [============                            ] 31%
2026-07-09T03:24:21.155Z,smriti9/create-site,Updating DocTypes for erpnext       : [============                            ] 31%
2026-07-09T03:24:21.155Z,smriti9/create-site,Updating DocTypes for erpnext       : [============                            ] 31%
2026-07-09T03:24:21.155Z,smriti9/create-site,Updating DocTypes for erpnext       : [============                            ] 32%
2026-07-09T03:24:21.155Z,smriti9/create-site,Updating DocTypes for erpnext       : [============                            ] 32%
2026-07-09T03:24:21.155Z,smriti9/create-site,Updating DocTypes for erpnext       : [============                            ] 32%
2026-07-09T03:24:21.155Z,smriti9/create-site,Updating DocTypes for erpnext       : [============                            ] 32%
2026-07-09T03:24:21.155Z,smriti9/create-site,Updating DocTypes for erpnext       : [============                            ] 32%
2026-07-09T03:24:21.155Z,smriti9/create-site,Updating DocTypes for erpnext       : [=============                           ] 32%
2026-07-09T03:24:21.155Z,smriti9/create-site,Updating DocTypes for erpnext       : [=============                           ] 32%
2026-07-09T03:24:21.155Z,smriti9/create-site,Updating DocTypes for erpnext       : [=============                           ] 32%
2026-07-09T03:24:21.155Z,smriti9/create-site,Updating DocTypes for erpnext       : [=============                           ] 32%
2026-07-09T03:24:21.155Z,smriti9/create-site,Updating DocTypes for erpnext       : [=============                           ] 33%
2026-07-09T03:24:21.155Z,smriti9/create-site,Updating DocTypes for erpnext       : [=============                           ] 33%
2026-07-09T03:24:21.155Z,smriti9/create-site,Updating DocTypes for erpnext       : [=============                           ] 33%
2026-07-09T03:24:21.155Z,smriti9/create-site,Updating DocTypes for erpnext       : [=============                           ] 33%
2026-07-09T03:24:21.155Z,smriti9/create-site,Updating DocTypes for erpnext       : [=============                           ] 33%
2026-07-09T03:24:21.155Z,smriti9/create-site,Updating DocTypes for erpnext       : [=============                           ] 33%
2026-07-09T03:24:21.155Z,smriti9/create-site,Updating DocTypes for erpnext       : [=============                           ] 33%
2026-07-09T03:24:21.155Z,smriti9/create-site,Updating DocTypes for erpnext       : [=============                           ] 33%
2026-07-09T03:24:21.155Z,smriti9/create-site,Updating DocTypes for erpnext       : [=============                           ] 33%
2026-07-09T03:24:21.155Z,smriti9/create-site,Updating DocTypes for erpnext       : [=============                           ] 34%
2026-07-09T03:24:21.155Z,smriti9/create-site,Updating DocTypes for erpnext       : [=============                           ] 34%
2026-07-09T03:24:21.155Z,smriti9/create-site,Updating DocTypes for erpnext       : [=============                           ] 34%
2026-07-09T03:24:21.155Z,smriti9/create-site,Updating DocTypes for erpnext       : [=============                           ] 34%
2026-07-09T03:24:21.155Z,smriti9/create-site,Updating DocTypes for erpnext       : [=============                           ] 34%
2026-07-09T03:24:21.155Z,smriti9/create-site,Updating DocTypes for erpnext       : [=============                           ] 34%
2026-07-09T03:24:21.155Z,smriti9/create-site,Updating DocTypes for erpnext       : [=============                           ] 34%
2026-07-09T03:24:21.155Z,smriti9/create-site,Updating DocTypes for erpnext       : [=============                           ] 34%
2026-07-09T03:24:21.155Z,smriti9/create-site,Updating DocTypes for erpnext       : [=============                           ] 34%
2026-07-09T03:24:21.155Z,smriti9/create-site,Updating DocTypes for erpnext       : [==============                          ] 35%
2026-07-09T03:24:21.155Z,smriti9/create-site,Updating DocTypes for erpnext       : [==============                          ] 35%
2026-07-09T03:24:21.155Z,smriti9/create-site,Updating DocTypes for erpnext       : [==============                          ] 35%
2026-07-09T03:24:21.155Z,smriti9/create-site,Updating DocTypes for erpnext       : [==============                          ] 35%
2026-07-09T03:24:21.155Z,smriti9/create-site,Updating DocTypes for erpnext       : [==============                          ] 35%
2026-07-09T03:24:21.155Z,smriti9/create-site,Updating DocTypes for erpnext       : [==============                          ] 35%
2026-07-09T03:24:21.155Z,smriti9/create-site,Updating DocTypes for erpnext       : [==============                          ] 35%
2026-07-09T03:24:21.155Z,smriti9/create-site,Updating DocTypes for erpnext       : [==============                          ] 35%
2026-07-09T03:24:21.155Z,smriti9/create-site,Updating DocTypes for erpnext       : [==============                          ] 35%
2026-07-09T03:24:21.155Z,smriti9/create-site,Updating DocTypes for erpnext       : [==============                          ] 36%
2026-07-09T03:24:21.155Z,smriti9/create-site,Updating DocTypes for erpnext       : [==============                          ] 36%
2026-07-09T03:24:21.155Z,smriti9/create-site,Updating DocTypes for erpnext       : [==============                          ] 36%
2026-07-09T03:24:21.155Z,smriti9/create-site,Updating DocTypes for erpnext       : [==============                          ] 36%
2026-07-09T03:24:21.155Z,smriti9/create-site,Updating DocTypes for erpnext       : [==============                          ] 36%
2026-07-09T03:24:21.155Z,smriti9/create-site,Updating DocTypes for erpnext       : [==============                          ] 36%
2026-07-09T03:24:21.155Z,smriti9/create-site,Updating DocTypes for erpnext       : [==============                          ] 36%
2026-07-09T03:24:21.155Z,smriti9/create-site,Updating DocTypes for erpnext       : [==============                          ] 36%
2026-07-09T03:24:21.155Z,smriti9/create-site,Updating DocTypes for erpnext       : [==============                          ] 36%
2026-07-09T03:24:21.155Z,smriti9/create-site,Updating DocTypes for erpnext       : [==============                          ] 37%
2026-07-09T03:24:21.155Z,smriti9/create-site,Updating DocTypes for erpnext       : [==============                          ] 37%
2026-07-09T03:24:21.155Z,smriti9/create-site,Updating DocTypes for erpnext       : [==============                          ] 37%
2026-07-09T03:24:21.155Z,smriti9/create-site,Updating DocTypes for erpnext       : [==============                          ] 37%
2026-07-09T03:24:21.155Z,smriti9/create-site,Updating DocTypes for erpnext       : [===============                         ] 37%
2026-07-09T03:24:21.155Z,smriti9/create-site,Updating DocTypes for erpnext       : [===============                         ] 37%
2026-07-09T03:24:21.155Z,smriti9/create-site,Updating DocTypes for erpnext       : [===============                         ] 37%
2026-07-09T03:24:21.155Z,smriti9/create-site,Updating DocTypes for erpnext       : [===============                         ] 37%
2026-07-09T03:24:21.155Z,smriti9/create-site,Updating DocTypes for erpnext       : [===============                         ] 37%
2026-07-09T03:24:21.155Z,smriti9/create-site,Updating DocTypes for erpnext       : [===============                         ] 38%
2026-07-09T03:24:21.155Z,smriti9/create-site,Updating DocTypes for erpnext       : [===============                         ] 38%
2026-07-09T03:24:21.155Z,smriti9/create-site,Updating DocTypes for erpnext       : [===============                         ] 38%
2026-07-09T03:24:21.155Z,smriti9/create-site,Updating DocTypes for erpnext       : [===============                         ] 38%
2026-07-09T03:24:21.155Z,smriti9/create-site,Updating DocTypes for erpnext       : [===============                         ] 38%
2026-07-09T03:24:21.155Z,smriti9/create-site,Updating DocTypes for erpnext       : [===============                         ] 38%
2026-07-09T03:24:21.155Z,smriti9/create-site,Updating DocTypes for erpnext       : [===============                         ] 38%
2026-07-09T03:24:21.155Z,smriti9/create-site,Updating DocTypes for erpnext       : [===============                         ] 38%
2026-07-09T03:24:21.155Z,smriti9/create-site,Updating DocTypes for erpnext       : [===============                         ] 38%
2026-07-09T03:24:21.155Z,smriti9/create-site,Updating DocTypes for erpnext       : [===============                         ] 39%
2026-07-09T03:24:21.155Z,smriti9/create-site,Updating DocTypes for erpnext       : [===============                         ] 39%
2026-07-09T03:24:21.155Z,smriti9/create-site,Updating DocTypes for erpnext       : [===============                         ] 39%
2026-07-09T03:24:21.155Z,smriti9/create-site,Updating DocTypes for erpnext       : [===============                         ] 39%
2026-07-09T03:24:21.155Z,smriti9/create-site,Updating DocTypes for erpnext       : [===============                         ] 39%
2026-07-09T03:24:21.155Z,smriti9/create-site,Updating DocTypes for erpnext       : [===============                         ] 39%
2026-07-09T03:24:21.155Z,smriti9/create-site,Updating DocTypes for erpnext       : [===============                         ] 39%
2026-07-09T03:24:21.155Z,smriti9/create-site,Updating DocTypes for erpnext       : [===============                         ] 39%
2026-07-09T03:24:21.155Z,smriti9/create-site,Updating DocTypes for erpnext       : [================                        ] 40%
2026-07-09T03:24:21.155Z,smriti9/create-site,Updating DocTypes for erpnext       : [================                        ] 40%
2026-07-09T03:24:21.155Z,smriti9/create-site,Updating DocTypes for erpnext       : [================                        ] 40%
2026-07-09T03:24:21.155Z,smriti9/create-site,Updating DocTypes for erpnext       : [================                        ] 40%
2026-07-09T03:24:21.155Z,smriti9/create-site,Updating DocTypes for erpnext       : [================                        ] 40%
2026-07-09T03:24:21.155Z,smriti9/create-site,Updating DocTypes for erpnext       : [================                        ] 40%
2026-07-09T03:24:21.155Z,smriti9/create-site,Updating DocTypes for erpnext       : [================                        ] 40%
2026-07-09T03:24:21.155Z,smriti9/create-site,Updating DocTypes for erpnext       : [================                        ] 40%
2026-07-09T03:24:21.155Z,smriti9/create-site,Updating DocTypes for erpnext       : [================                        ] 40%
2026-07-09T03:24:21.155Z,smriti9/create-site,Updating DocTypes for erpnext       : [================                        ] 41%
2026-07-09T03:24:21.155Z,smriti9/create-site,Updating DocTypes for erpnext       : [================                        ] 41%
2026-07-09T03:24:21.155Z,smriti9/create-site,Updating DocTypes for erpnext       : [================                        ] 41%
2026-07-09T03:24:21.155Z,smriti9/create-site,Updating DocTypes for erpnext       : [================                        ] 41%
2026-07-09T03:24:21.155Z,smriti9/create-site,Updating DocTypes for erpnext       : [================                        ] 41%
2026-07-09T03:24:21.155Z,smriti9/create-site,Updating DocTypes for erpnext       : [================                        ] 41%
2026-07-09T03:24:21.155Z,smriti9/create-site,Updating DocTypes for erpnext       : [================                        ] 41%
2026-07-09T03:24:21.155Z,smriti9/create-site,Updating DocTypes for erpnext       : [================                        ] 41%
2026-07-09T03:24:21.155Z,smriti9/create-site,Updating DocTypes for erpnext       : [================                        ] 41%
2026-07-09T03:24:21.155Z,smriti9/create-site,Updating DocTypes for erpnext       : [================                        ] 42%
2026-07-09T03:24:21.155Z,smriti9/create-site,Updating DocTypes for erpnext       : [================                        ] 42%
2026-07-09T03:24:21.155Z,smriti9/create-site,Updating DocTypes for erpnext       : [================                        ] 42%
2026-07-09T03:24:21.155Z,smriti9/create-site,Updating DocTypes for erpnext       : [================                        ] 42%
2026-07-09T03:24:21.155Z,smriti9/create-site,Updating DocTypes for erpnext       : [================                        ] 42%
2026-07-09T03:24:21.155Z,smriti9/create-site,Updating DocTypes for erpnext       : [=================                       ] 42%
2026-07-09T03:24:21.155Z,smriti9/create-site,Updating DocTypes for erpnext       : [=================                       ] 42%
2026-07-09T03:24:21.155Z,smriti9/create-site,Updating DocTypes for erpnext       : [=================                       ] 42%
2026-07-09T03:24:21.155Z,smriti9/create-site,Updating DocTypes for erpnext       : [=================                       ] 42%
2026-07-09T03:24:21.155Z,smriti9/create-site,Updating DocTypes for erpnext       : [=================                       ] 43%
2026-07-09T03:24:21.155Z,smriti9/create-site,Updating DocTypes for erpnext       : [=================                       ] 43%
2026-07-09T03:24:21.155Z,smriti9/create-site,Updating DocTypes for erpnext       : [=================                       ] 43%
2026-07-09T03:24:21.155Z,smriti9/create-site,Updating DocTypes for erpnext       : [=================                       ] 43%
2026-07-09T03:24:21.155Z,smriti9/create-site,Updating DocTypes for erpnext       : [======2026-07-09T03:24:21.155423229Z ===========                       ] 43%
2026-07-09T03:24:21.155Z,smriti9/create-site,Updating DocTypes for erpnext       : [=================                       ] 43%
2026-07-09T03:24:21.155Z,smriti9/create-site,Updating DocTypes for erpnext       : [=================                       ] 43%
2026-07-09T03:24:21.155Z,smriti9/create-site,Updating DocTypes for erpnext       : [=================                       ] 43%
2026-07-09T03:24:21.155Z,smriti9/create-site,Updating DocTypes for erpnext       : [=================                       ] 43%
2026-07-09T03:24:21.155Z,smriti9/create-site,Updating DocTypes for erpnext       : [=================                       ] 44%
2026-07-09T03:24:21.155Z,smriti9/create-site,Updating DocTypes for erpnext       : [=================                       ] 44%
2026-07-09T03:24:21.155Z,smriti9/create-site,Updating DocTypes for erpnext       : [=================                       ] 44%
2026-07-09T03:24:21.155Z,smriti9/create-site,Updating DocTypes for erpnext       : [=================                       ] 44%
2026-07-09T03:24:21.155Z,smriti9/create-site,Updating DocTypes for erpnext       : [=================                       ] 44%
2026-07-09T03:24:21.155Z,smriti9/create-site,Updating DocTypes for erpnext       : [=================                       ] 44%
2026-07-09T03:24:21.155Z,smriti9/create-site,Updating DocTypes for erpnext       : [=================                       ] 44%
2026-07-09T03:24:21.155Z,smriti9/create-site,Updating DocTypes for erpnext       : [=================                       ] 44%
2026-07-09T03:24:21.155Z,smriti9/create-site,Updating DocTypes for erpnext       : [=================                       ] 44%
2026-07-09T03:24:21.155Z,smriti9/create-site,Updating DocTypes for erpnext       : [==================                      ] 45%
2026-07-09T03:24:21.155Z,smriti9/create-site,Updating DocTypes for erpnext       : [==================                      ] 45%
2026-07-09T03:24:21.155Z,smriti9/create-site,Updating DocTypes for erpnext       : [==================                      ] 45%
2026-07-09T03:24:21.155Z,smriti9/create-site,Updating DocTypes for erpnext       : [==================                      ] 45%
2026-07-09T03:24:21.155Z,smriti9/create-site,Updating DocTypes for erpnext       : [==================                      ] 45%
2026-07-09T03:24:21.155Z,smriti9/create-site,Updating DocTypes for erpnext       : [==================                      ] 45%
2026-07-09T03:24:21.155Z,smriti9/create-site,Updating DocTypes for erpnext       : [==================                      ] 45%
2026-07-09T03:24:21.155Z,smriti9/create-site,Updating DocTypes for erpnext       : [==================                      ] 45%
2026-07-09T03:24:21.155Z,smriti9/create-site,Updating DocTypes for erpnext       : [==================                      ] 45%
2026-07-09T03:24:21.155Z,smriti9/create-site,Updating DocTypes for erpnext       : [==================                      ] 46%
2026-07-09T03:24:21.155Z,smriti9/create-site,Updating DocTypes for erpnext       : [==================                      ] 46%
2026-07-09T03:24:21.155Z,smriti9/create-site,Updating DocTypes for erpnext       : [==================                      ] 46%
2026-07-09T03:24:21.155Z,smriti9/create-site,Updating DocTypes for erpnext       : [==================                      ] 46%
2026-07-09T03:24:21.155Z,smriti9/create-site,Updating DocTypes for erpnext       : [==================                      ] 46%
2026-07-09T03:24:21.155Z,smriti9/create-site,Updating DocTypes for erpnext       : [==================                      ] 46%
2026-07-09T03:24:21.155Z,smriti9/create-site,Updating DocTypes for erpnext       : [==================                      ] 46%
2026-07-09T03:24:21.155Z,smriti9/create-site,Updating DocTypes for erpnext       : [==================                      ] 46%
2026-07-09T03:24:21.155Z,smriti9/create-site,Updating DocTypes for erpnext       : [==================                      ] 46%
2026-07-09T03:24:21.155Z,smriti9/create-site,Updating DocTypes for erpnext       : [==================                      ] 47%
2026-07-09T03:24:21.155Z,smriti9/create-site,Updating DocTypes for erpnext       : [==================                      ] 47%
2026-07-09T03:24:21.155Z,smriti9/create-site,Updating DocTypes for erpnext       : [==================                      ] 47%
2026-07-09T03:24:21.155Z,smriti9/create-site,Updating DocTypes for erpnext       : [==================                      ] 47%
2026-07-09T03:24:21.155Z,smriti9/create-site,Updating DocTypes for erpnext       : [===================                     ] 47%
2026-07-09T03:24:21.155Z,smriti9/create-site,Updating DocTypes for erpnext       : [===================                     ] 47%
2026-07-09T03:24:21.155Z,smriti9/create-site,Updating DocTypes for erpnext       : [===================                     ] 47%
2026-07-09T03:24:21.155Z,smriti9/create-site,Updating DocTypes for erpnext       : [===================                     ] 47%
2026-07-09T03:24:21.155Z,smriti9/create-site,Updating DocTypes for erpnext       : [===================                     ] 47%
2026-07-09T03:24:21.155Z,smriti9/create-site,Updating DocTypes for erpnext       : [===================                     ] 48%
2026-07-09T03:24:21.155Z,smriti9/create-site,Updating DocTypes for erpnext       : [===================                     ] 48%
2026-07-09T03:24:21.155Z,smriti9/create-site,Updating DocTypes for erpnext       : [===================                     ] 48%
2026-07-09T03:24:21.155Z,smriti9/create-site,Updating DocTypes for erpnext       : [===================                     ] 48%
2026-07-09T03:24:21.155Z,smriti9/create-site,Updating DocTypes for erpnext       : [===================                     ] 48%
2026-07-09T03:24:21.155Z,smriti9/create-site,Updating DocTypes for erpnext       : [===================                     ] 48%
2026-07-09T03:24:21.155Z,smriti9/create-site,Updating DocTypes for erpnext       : [===================                     ] 48%
2026-07-09T03:24:21.155Z,smriti9/create-site,Updating DocTypes for erpnext       : [===================                     ] 48%
2026-07-09T03:24:21.155Z,smriti9/create-site,Updating DocTypes for erpnext       : [===================                     ] 48%
2026-07-09T03:24:21.155Z,smriti9/create-site,Updating DocTypes for erpnext       : [===================                     ] 49%
2026-07-09T03:24:21.155Z,smriti9/create-site,Updating DocTypes for erpnext       : [===================                     ] 49%
2026-07-09T03:24:21.155Z,smriti9/create-site,Updating DocTypes for erpnext       : [===================                     ] 49%
2026-07-09T03:24:21.155Z,smriti9/create-site,Updating DocTypes for erpnext       : [===================                     ] 49%
2026-07-09T03:24:21.155Z,smriti9/create-site,Updating DocTypes for erpnext       : [===================                     ] 49%
2026-07-09T03:24:21.155Z,smriti9/create-site,Updating DocTypes for erpnext       : [===================                     ] 49%
2026-07-09T03:24:21.155Z,smriti9/create-site,Updating DocTypes for erpnext       : [===================                     ] 49%
2026-07-09T03:24:21.155Z,smriti9/create-site,Updating DocTypes for erpnext       : [===================                     ] 49%
2026-07-09T03:24:21.155Z,smriti9/create-site,Updating DocTypes for erpnext       : [====================                    ] 50%
2026-07-09T03:24:21.155Z,smriti9/create-site,Updating DocTypes for erpnext       : [====================                    ] 50%
2026-07-09T03:24:21.155Z,smriti9/create-site,Updating DocTypes for erpnext       : [====================                    ] 50%
2026-07-09T03:24:21.155Z,smriti9/create-site,Updating DocTypes for erpnext       : [====================                    ] 50%
2026-07-09T03:24:21.155Z,smriti9/create-site,Updating DocTypes for erpnext       : [====================                    ] 50%
2026-07-09T03:24:21.155Z,smriti9/create-site,Updating DocTypes for erpnext       : [====================                    ] 50%
2026-07-09T03:24:21.155Z,smriti9/create-site,Updating DocTypes for erpnext       : [====================                    ] 50%
2026-07-09T03:24:21.155Z,smriti9/create-site,Updating DocTypes for erpnext       : [====================                    ] 50%
2026-07-09T03:24:21.155Z,smriti9/create-site,Updating DocTypes for erpnext       : [====================                    ] 50%
2026-07-09T03:24:21.155Z,smriti9/create-site,Updating DocTypes for erpnext       : [====================                    ] 51%
2026-07-09T03:24:21.155Z,smriti9/create-site,Updating DocTypes for erpnext       : [====================                    ] 51%
2026-07-09T03:24:21.155Z,smriti9/create-site,Updating DocTypes for erpnext       : [====================                    ] 51%
2026-07-09T03:24:21.155Z,smriti9/create-site,Updating DocTypes for erpnext       : [====================                    ] 51%
2026-07-09T03:24:21.155Z,smriti9/create-site,Updating DocTypes for erpnext       : [====================                    ] 51%
2026-07-09T03:24:21.155Z,smriti9/create-site,Updating DocTypes for erpnext       : [====================                    ] 51%
2026-07-09T03:24:21.155Z,smriti9/create-site,Updating DocTypes for erpnext       : [====================                    ] 51%
2026-07-09T03:24:21.155Z,smriti9/create-site,Updating DocTypes for erpnext       : [====================                    ] 51%
2026-07-09T03:24:21.155Z,smriti9/create-site,Updating DocTypes for erpnext       : [====================                    ] 51%
2026-07-09T03:24:21.155Z,smriti9/create-site,Updating DocTypes for erpnext       : [====================                    ] 52%
2026-07-09T03:24:21.155Z,smriti9/create-site,Updating DocTypes for erpnext       : [====================                    ] 52%
2026-07-09T03:24:21.155Z,smriti9/create-site,Updating DocTypes for erpnext       : [====================                    ] 52%
2026-07-09T03:24:21.155Z,smriti9/create-site,Updating DocTypes for erpnext       : [====================                    ] 52%
2026-07-09T03:24:21.155Z,smriti9/create-site,Updating DocTypes for erpnext       : [====================                    ] 52%
2026-07-09T03:24:21.155Z,smriti9/create-site,Updating DocTypes for erpnext       : [=====================                   ] 52%
2026-07-09T03:24:21.155Z,smriti9/create-site,Updating DocTypes for erpnext       : [=====================                   ] 52%
2026-07-09T03:24:21.155Z,smriti9/create-site,Updating DocTypes for erpnext       : [=====================                   ] 52%
2026-07-09T03:24:21.155Z,smriti9/create-site,Updating DocTypes for erpnext       : [=====================                   ] 52%
2026-07-09T03:24:21.155Z,smriti9/create-site,Updating DocTypes for erpnext       : [=====================                   ] 53%
2026-07-09T03:24:21.155Z,smriti9/create-site,Updating DocTypes for erpnext       : [=====================                   ] 53%
2026-07-09T03:24:21.155Z,smriti9/create-site,Updating DocTypes for erpnext       : [=====================                   ] 53%
2026-07-09T03:24:21.155Z,smriti9/create-site,Updating DocTypes for erpnext       : [=====================                   ] 53%
2026-07-09T03:24:21.155Z,smriti9/create-site,Updating DocTypes for erpnext       : [=====================                   ] 53%
2026-07-09T03:24:21.155Z,smriti9/create-site,Updating DocTypes for erpnext       : [=====================                   ] 53%
2026-07-09T03:24:21.155Z,smriti9/create-site,Updating DocTypes for erpnext       : [=====================                   ] 53%
2026-07-09T03:24:21.155Z,smriti9/create-site,Updating DocTypes for erpnext       : [=====================                   ] 53%
2026-07-09T03:24:21.155Z,smriti9/create-site,Updating DocTypes for erpnext       : [=====================                   ] 53%
2026-07-09T03:24:21.155Z,smriti9/create-site,Updating DocTypes for erpnext       : [=====================                   ] 54%
2026-07-09T03:24:21.155Z,smriti9/create-site,Updating DocTypes for erpnext       : [=====================                   ] 54%
2026-07-09T03:24:21.155Z,smriti9/create-site,Updating DocTypes for erpnext       : [=====================                   ] 54%
2026-07-09T03:24:21.155Z,smriti9/create-site,Updating DocTypes for erpnext       : [=====================                   ] 54%
2026-07-09T03:24:21.155Z,smriti9/create-site,Updating DocTypes for erpnext       : [=====================                   ] 54%
2026-07-09T03:24:21.155Z,smriti9/create-site,Updating DocTypes for erpnext       : [=====================                   ] 54%
2026-07-09T03:24:21.155Z,smriti9/create-site,Updating DocTypes for erpnext       : [=====================                   ] 54%
2026-07-09T03:24:21.155Z,smriti9/create-site,Updating DocTypes for erpnext       : [=====================                   ] 54%
2026-07-09T03:24:21.155Z,smriti9/create-site,Updating DocTypes for erpnext       : [=====================                   ] 54%
2026-07-09T03:24:21.155Z,smriti9/create-site,Updating DocTypes for erpnext       : [======================                  ] 55%
2026-07-09T03:24:21.155Z,smriti9/create-site,Updating DocTypes for erpnext       : [======================                  ] 55%
2026-07-09T03:24:21.155Z,smriti9/create-site,Updating DocTypes for erpnext       : [======================                  ] 55%
2026-07-09T03:24:21.155Z,smriti9/create-site,Updating DocTypes for erpnext       : [======================                  ] 55%
2026-07-09T03:24:21.155Z,smriti9/create-site,Updating DocTypes for erpnext       : [======================                  ] 55%
2026-07-09T03:24:21.155Z,smriti9/create-site,Updating DocTypes for erpnext       : [======================                  ] 55%
2026-07-09T03:24:21.155Z,smriti9/create-site,Updating DocTypes for erpnext       : [======================                  ] 55%
2026-07-09T03:24:21.155Z,smriti9/create-site,Updating DocTypes for erpnext       : [======================                  ] 55%
2026-07-09T03:24:21.155Z,smriti9/create-site,Updating DocTypes for erpnext       : [======================                  ] 55%
2026-07-09T03:24:21.155Z,smriti9/create-site,Updating DocTypes for erpnext       : [======================                  ] 56%
2026-07-09T03:24:21.155Z,smriti9/create-site,Updating DocTypes for erpnext       : [======================                  ] 56%
2026-07-09T03:24:21.155Z,smriti9/create-site,Updating DocTypes for erpnext       : [======================                  ] 56%
2026-07-09T03:24:21.155Z,smriti9/create-site,Updating DocTypes for erpnext       : [======================                  ] 56%
2026-07-09T03:24:21.155Z,smriti9/create-site,Updating DocTypes for erpnext       : [======================                  ] 56%
2026-07-09T03:24:21.155Z,smriti9/create-site,Updating DocTypes for erpnext       : [======================                  ] 56%
2026-07-09T03:24:21.155Z,smriti9/create-site,Updating DocTypes for erpnext       : [======================                  ] 56%
2026-07-09T03:24:21.155Z,smriti9/create-site,Updating DocTypes for erpnext       : [======================                  ] 56%
2026-07-09T03:24:21.155Z,smriti9/create-site,Updating DocTypes for erpnext       : [======================                  ] 56%
2026-07-09T03:24:21.155Z,smriti9/create-site,Updating DocTypes for erpnext       : [======================                  ] 57%
2026-07-09T03:24:21.155Z,smriti9/create-site,Updating DocTypes for erpnext       : [======================                  ] 57%
2026-07-09T03:24:21.155Z,smriti9/create-site,Updating DocTypes for erpnext       : [======================                  ] 57%
2026-07-09T03:24:21.155Z,smriti9/create-site,Updating DocTypes for erpnext       : [======================                  ] 57%
2026-07-09T03:24:21.155Z,smriti9/create-site,Updating DocTypes for erpnext       : [=======================                 ] 57%
2026-07-09T03:24:21.155Z,smriti9/create-site,Updating DocTypes for erpnext       : [=======================                 ] 57%
2026-07-09T03:24:21.155Z,smriti9/create-site,Updating DocTypes for erpnext       : [=======================                 ] 57%
2026-07-09T03:24:21.155Z,smriti9/create-site,Updating DocTypes for erpnext       : [=======================                 ] 57%
2026-07-09T03:24:21.155Z,smriti9/create-site,Updating DocTypes for erpnext       : [=======================                 ] 57%
2026-07-09T03:24:21.155Z,smriti9/create-site,Updating DocTypes for erpnext       : [=======================                 ] 58%
2026-07-09T03:24:21.155Z,smriti9/create-site,Updating DocTypes for erpnext       : [=======================                 ] 58%
2026-07-09T03:24:21.155Z,smriti9/create-site,Updating DocTypes for erpnext       : [=======================                 ] 58%
2026-07-09T03:24:21.155Z,smriti9/create-site,Updating DocTypes for erpnext       : [=======================                 ] 58%
2026-07-09T03:24:21.155Z,smriti9/create-site,Updating DocTypes for erpnext       : [=======================                 ] 58%
2026-07-09T03:24:21.155Z,smriti9/create-site,Updating DocTypes for erpnext       : [=======================                 ] 58%
2026-07-09T03:24:21.155Z,smriti9/create-site,Updating DocTypes for erpnext       : [=======================                 ] 58%
2026-07-09T03:24:21.155Z,smriti9/create-site,Updating DocTypes for erpnext       : [=======================                 ] 58%
2026-07-09T03:24:21.155Z,smriti9/create-site,Updating DocTypes for erpnext       : [=======================                 ] 58%
2026-07-09T03:24:21.155Z,smriti9/create-site,Updating DocTypes for erpnext       : [=======================                 ] 59%
2026-07-09T03:24:21.155Z,smriti9/create-site,Updating DocTypes for erpnext       : [=======================                 ] 59%
2026-07-09T03:24:21.155Z,smriti9/create-site,Updating DocTypes for erpnext       : [=======================                 ] 59%
2026-07-09T03:24:21.155Z,smriti9/create-site,Updating DocTypes for erpnext       : [=======================                 ] 59%
2026-07-09T03:24:21.155Z,smriti9/create-site,Updating DocTypes for erpnext       : [=======================                 ] 59%
2026-07-09T03:24:21.155Z,smriti9/create-site,Updating DocTypes for erpnext       : [=======================                 ] 59%
2026-07-09T03:24:21.155Z,smriti9/create-site,Updating DocTypes for erpnext       : [=======================                 ] 59%
2026-07-09T03:24:21.155Z,smriti9/create-site,Updating DocTypes for erpnext       : [=======================                 ] 59%
2026-07-09T03:24:21.155Z,smriti9/create-site,Updating DocTypes for erpnext       : [========================                ] 60%
2026-07-09T03:24:21.155Z,smriti9/create-site,Updating DocTypes for erpnext       : [========================                ] 60%
2026-07-09T03:24:21.155Z,smriti9/create-site,Updating DocTypes for erpnext       : [========================                ] 60%
2026-07-09T03:24:21.155Z,smriti9/create-site,Updating DocTypes for erpnext       : [========================                ] 60%
2026-07-09T03:24:21.155Z,smriti9/create-site,Updating DocTypes for erpnext       : [========================                ] 60%
2026-07-09T03:24:21.155Z,smriti9/create-site,Updating DocTypes for erpnext       : [========================                ] 60%
2026-07-09T03:24:21.155Z,smriti9/create-site,Updating DocTypes for erpnext       : [========================                ] 60%
2026-07-09T03:24:21.155Z,smriti9/create-site,Updating DocTypes for erpnext       : [========================                ] 60%
2026-07-09T03:24:21.155Z,smriti9/create-site,Updating DocTypes for erpnext       : [========================                ] 60%
2026-07-09T03:24:21.155Z,smriti9/create-site,Updating DocTypes for erpnext       : [========================                ] 61%
2026-07-09T03:24:21.155Z,smriti9/create-site,Updating DocTypes for erpnext       : [========================                ] 61%
2026-07-09T03:24:21.155Z,smriti9/create-site,Updating DocTypes for erpnext       : [========================                ] 61%
2026-07-09T03:24:21.155Z,smriti9/create-site,Updating DocTypes for erpnext       : [========================                ] 61%
2026-07-09T03:24:21.155Z,smriti9/create-site,Updating DocTypes for erpnext       : [========================                ] 61%
2026-07-09T03:24:21.155Z,smriti9/create-site,Updating DocTypes for erpnext       : [========================                ] 61%
2026-07-09T03:24:21.155Z,smriti9/create-site,Updating DocTypes for erpnext       : [========================                ] 61%
2026-07-09T03:24:21.155Z,smriti9/create-site,Updating DocTypes for erpnext       : [========================                ] 61%
2026-07-09T03:24:21.155Z,smriti9/create-site,Updating DocTypes for erpnext       : [========================                ] 61%
2026-07-09T03:24:21.155Z,smriti9/create-site,Updating DocTypes for erpnext       : [========================                ] 62%
2026-07-09T03:24:21.155Z,smriti9/create-site,Updating DocTypes for erpnext       : [========================                ] 62%
2026-07-09T03:24:21.155Z,smriti9/create-site,Updating DocTypes for erpnext       : [========================                ] 62%
2026-07-09T03:24:21.155Z,smriti9/create-site,Updating DocTypes for erpnext       : [========================                ] 62%
2026-07-09T03:24:21.155Z,smriti9/create-site,Updating DocTypes for erpnext       : [========================                ] 62%
2026-07-09T03:24:21.155Z,smriti9/create-site,Updating DocTypes for erpnext       : [=========================               ] 62%
2026-07-09T03:24:21.155Z,smriti9/create-site,Updating DocTypes for erpnext       : [=========================               ] 62%
2026-07-09T03:24:21.155Z,smriti9/create-site,Updating DocTypes for erpnext       : [=========================               ] 62%
2026-07-09T03:24:21.155Z,smriti9/create-site,Updating DocTypes for erpnext       : [=========================               ] 62%
2026-07-09T03:24:21.155Z,smriti9/create-site,Updating DocTypes for erpnext       : [=========================               ] 63%
2026-07-09T03:24:21.155Z,smriti9/create-site,Updating DocTypes for erpnext       : [=========================               ] 63%
2026-07-09T03:24:21.155Z,smriti9/create-site,Updating DocTypes for erpnext       : [=========================               ] 63%
2026-07-09T03:24:21.155Z,smriti9/create-site,Updating DocTypes for erpnext       : [=========================               ] 63%
2026-07-09T03:24:21.155Z,smriti9/create-site,Updating DocTypes for erpnext       : [=========================               ] 63%
2026-07-09T03:24:21.155Z,smriti9/create-site,Updating DocTypes for erpnext       : [=========================               ] 63%
2026-07-09T03:24:21.155Z,smriti9/create-site,Updating DocTypes for erpnext       : [=========================               ] 63%
2026-07-09T03:24:21.155Z,smriti9/create-site,Updating DocTypes for erpnext       : [=========================               ] 63%
2026-07-09T03:24:21.155Z,smriti9/create-site,Updating DocTypes for erpnext       : [=========================               ] 63%
2026-07-09T03:24:21.155Z,smriti9/create-site,Updating DocTypes for erpnext       : [=========================               ] 64%
2026-07-09T03:24:21.155Z,smriti9/create-site,Updating DocTypes for erpnext       : [=========================               ] 64%
2026-07-09T03:24:21.155Z,smriti9/create-site,Updating DocTypes for erpnext       : [=========================               ] 64%
2026-07-09T03:24:21.155Z,smriti9/create-site,Updating DocTypes for erpnext       : [=========================               ] 64%
2026-07-09T03:24:21.155Z,smriti9/create-site,Updating DocTypes for erpnext       : [=========================               ] 64%
2026-07-09T03:24:21.155Z,smriti9/create-site,Updating DocTypes for erpnext       : [=========================               ] 64%
2026-07-09T03:24:21.155Z,smriti9/create-site,Updating DocTypes for erpnext       : [=========================               ] 64%
2026-07-09T03:24:21.155Z,smriti9/create-site,Updating DocTypes for erpnext       : [=========================               ] 64%
2026-07-09T03:24:21.155Z,smriti9/create-site,Updating DocTypes for erpnext       : [=========================               ] 64%
2026-07-09T03:24:21.155Z,smriti9/create-site,Updating DocTypes for erpnext       : [==========================              ] 65%
2026-07-09T03:24:21.155Z,smriti9/create-site,Updating DocTypes for er2026-07-09T03:24:21.155423229Z pnext       : [==========================              ] 65%
2026-07-09T03:24:21.155Z,smriti9/create-site,Updating DocTypes for erpnext       : [==========================              ] 65%
2026-07-09T03:24:21.155Z,smriti9/create-site,Updating DocTypes for erpnext       : [==========================              ] 65%
2026-07-09T03:24:21.155Z,smriti9/create-site,Updating DocTypes for erpnext       : [==========================              ] 65%
2026-07-09T03:24:21.155Z,smriti9/create-site,Updating DocTypes for erpnext       : [==========================              ] 65%
2026-07-09T03:24:21.155Z,smriti9/create-site,Updating DocTypes for erpnext       : [==========================              ] 65%
2026-07-09T03:24:21.155Z,smriti9/create-site,Updating DocTypes for erpnext       : [==========================              ] 65%
2026-07-09T03:24:21.155Z,smriti9/create-site,Updating DocTypes for erpnext       : [==========================              ] 65%
2026-07-09T03:24:21.155Z,smriti9/create-site,Updating DocTypes for erpnext       : [==========================              ] 66%
2026-07-09T03:24:21.155Z,smriti9/create-site,Updating DocTypes for erpnext       : [==========================              ] 66%
2026-07-09T03:24:21.155Z,smriti9/create-site,Updating DocTypes for erpnext       : [==========================              ] 66%
2026-07-09T03:24:21.155Z,smriti9/create-site,Updating DocTypes for erpnext       : [==========================              ] 66%
2026-07-09T03:24:21.155Z,smriti9/create-site,Updating DocTypes for erpnext       : [==========================              ] 66%
2026-07-09T03:24:21.155Z,smriti9/create-site,Updating DocTypes for erpnext       : [==========================              ] 66%
2026-07-09T03:24:21.155Z,smriti9/create-site,Updating DocTypes for erpnext       : [==========================              ] 66%
2026-07-09T03:24:21.155Z,smriti9/create-site,Updating DocTypes for erpnext       : [==========================              ] 66%
2026-07-09T03:24:21.155Z,smriti9/create-site,Updating DocTypes for erpnext       : [==========================              ] 66%
2026-07-09T03:24:21.155Z,smriti9/create-site,Updating DocTypes for erpnext       : [==========================              ] 67%
2026-07-09T03:24:21.155Z,smriti9/create-site,Updating DocTypes for erpnext       : [==========================              ] 67%
2026-07-09T03:24:21.155Z,smriti9/create-site,Updating DocTypes for erpnext       : [==========================              ] 67%
2026-07-09T03:24:21.155Z,smriti9/create-site,Updating DocTypes for erpnext       : [==========================              ] 67%
2026-07-09T03:24:21.155Z,smriti9/create-site,Updating DocTypes for erpnext       : [===========================             ] 67%
2026-07-09T03:24:21.155Z,smriti9/create-site,Updating DocTypes for erpnext       : [===========================             ] 67%
2026-07-09T03:24:21.155Z,smriti9/create-site,Updating DocTypes for erpnext       : [===========================             ] 67%
2026-07-09T03:24:21.155Z,smriti9/create-site,Updating DocTypes for erpnext       : [===========================             ] 67%
2026-07-09T03:24:21.155Z,smriti9/create-site,Updating DocTypes for erpnext       : [===========================             ] 67%
2026-07-09T03:24:21.155Z,smriti9/create-site,Updating DocTypes for erpnext       : [===========================             ] 68%
2026-07-09T03:24:21.155Z,smriti9/create-site,Updating DocTypes for erpnext       : [===========================             ] 68%
2026-07-09T03:24:21.155Z,smriti9/create-site,Updating DocTypes for erpnext       : [===========================             ] 68%
2026-07-09T03:24:21.155Z,smriti9/create-site,Updating DocTypes for erpnext       : [===========================             ] 68%
2026-07-09T03:24:21.155Z,smriti9/create-site,Updating DocTypes for erpnext       : [===========================             ] 68%
2026-07-09T03:24:21.155Z,smriti9/create-site,Updating DocTypes for erpnext       : [===========================             ] 68%
2026-07-09T03:24:21.155Z,smriti9/create-site,Updating DocTypes for erpnext       : [===========================             ] 68%
2026-07-09T03:24:21.155Z,smriti9/create-site,Updating DocTypes for erpnext       : [===========================             ] 68%
2026-07-09T03:24:21.155Z,smriti9/create-site,Updating DocTypes for erpnext       : [===========================             ] 68%
2026-07-09T03:24:21.155Z,smriti9/create-site,Updating DocTypes for erpnext       : [===========================             ] 69%
2026-07-09T03:24:21.155Z,smriti9/create-site,Updating DocTypes for erpnext       : [===========================             ] 69%
2026-07-09T03:24:21.155Z,smriti9/create-site,Updating DocTypes for erpnext       : [===========================             ] 69%
2026-07-09T03:24:21.155Z,smriti9/create-site,Updating DocTypes for erpnext       : [===========================             ] 69%
2026-07-09T03:24:21.155Z,smriti9/create-site,Updating DocTypes for erpnext       : [===========================             ] 69%
2026-07-09T03:24:21.155Z,smriti9/create-site,Updating DocTypes for erpnext       : [===========================             ] 69%
2026-07-09T03:24:21.155Z,smriti9/create-site,Updating DocTypes for erpnext       : [===========================             ] 69%
2026-07-09T03:24:21.155Z,smriti9/create-site,Updating DocTypes for erpnext       : [===========================             ] 69%
2026-07-09T03:24:21.155Z,smriti9/create-site,Updating DocTypes for erpnext       : [============================            ] 70%
2026-07-09T03:24:21.155Z,smriti9/create-site,Updating DocTypes for erpnext       : [============================            ] 70%
2026-07-09T03:24:21.155Z,smriti9/create-site,Updating DocTypes for erpnext       : [============================            ] 70%
2026-07-09T03:24:21.155Z,smriti9/create-site,Updating DocTypes for erpnext       : [============================            ] 70%
2026-07-09T03:24:21.155Z,smriti9/create-site,Updating DocTypes for erpnext       : [============================            ] 70%
2026-07-09T03:24:21.155Z,smriti9/create-site,Updating DocTypes for erpnext       : [============================            ] 70%
2026-07-09T03:24:21.155Z,smriti9/create-site,Updating DocTypes for erpnext       : [============================            ] 70%
2026-07-09T03:24:21.155Z,smriti9/create-site,Updating DocTypes for erpnext       : [============================            ] 70%
2026-07-09T03:24:21.155Z,smriti9/create-site,Updating DocTypes for erpnext       : [============================            ] 70%
2026-07-09T03:24:21.155Z,smriti9/create-site,Updating DocTypes for erpnext       : [============================            ] 71%
2026-07-09T03:24:21.155Z,smriti9/create-site,Updating DocTypes for erpnext       : [============================            ] 71%
2026-07-09T03:24:21.155Z,smriti9/create-site,Updating DocTypes for erpnext       : [============================            ] 71%
2026-07-09T03:24:21.155Z,smriti9/create-site,Updating DocTypes for erpnext       : [============================            ] 71%
2026-07-09T03:24:21.155Z,smriti9/create-site,Updating DocTypes for erpnext       : [============================            ] 71%
2026-07-09T03:24:21.155Z,smriti9/create-site,Updating DocTypes for erpnext       : [============================            ] 71%
2026-07-09T03:24:21.155Z,smriti9/create-site,Updating DocTypes for erpnext       : [============================            ] 71%
2026-07-09T03:24:21.155Z,smriti9/create-site,Updating DocTypes for erpnext       : [============================            ] 71%
2026-07-09T03:24:21.155Z,smriti9/create-site,Updating DocTypes for erpnext       : [============================            ] 71%
2026-07-09T03:24:21.155Z,smriti9/create-site,Updating DocTypes for erpnext       : [============================            ] 72%
2026-07-09T03:24:21.155Z,smriti9/create-site,Updating DocTypes for erpnext       : [============================            ] 72%
2026-07-09T03:24:21.155Z,smriti9/create-site,Updating DocTypes for erpnext       : [============================            ] 72%
2026-07-09T03:24:21.155Z,smriti9/create-site,Updating DocTypes for erpnext       : [============================            ] 72%
2026-07-09T03:24:21.155Z,smriti9/create-site,Updating DocTypes for erpnext       : [============================            ] 72%
2026-07-09T03:24:21.155Z,smriti9/create-site,Updating DocTypes for erpnext       : [=============================           ] 72%
2026-07-09T03:24:21.155Z,smriti9/create-site,Updating DocTypes for erpnext       : [=============================           ] 72%
2026-07-09T03:24:21.155Z,smriti9/create-site,Updating DocTypes for erpnext       : [=============================           ] 72%
2026-07-09T03:24:21.155Z,smriti9/create-site,Updating DocTypes for erpnext       : [=============================           ] 72%
2026-07-09T03:24:21.155Z,smriti9/create-site,Updating DocTypes for erpnext       : [=============================           ] 73%
2026-07-09T03:24:21.155Z,smriti9/create-site,Updating DocTypes for erpnext       : [=============================           ] 73%
2026-07-09T03:24:21.155Z,smriti9/create-site,Updating DocTypes for erpnext       : [=============================           ] 73%
2026-07-09T03:24:21.155Z,smriti9/create-site,Updating DocTypes for erpnext       : [=============================           ] 73%
2026-07-09T03:24:21.155Z,smriti9/create-site,Updating DocTypes for erpnext       : [=============================           ] 73%
2026-07-09T03:24:21.155Z,smriti9/create-site,Updating DocTypes for erpnext       : [=============================           ] 73%
2026-07-09T03:24:21.155Z,smriti9/create-site,Updating DocTypes for erpnext       : [=============================           ] 73%
2026-07-09T03:24:21.155Z,smriti9/create-site,Updating DocTypes for erpnext       : [=============================           ] 73%
2026-07-09T03:24:21.155Z,smriti9/create-site,Updating DocTypes for erpnext       : [=============================           ] 73%
2026-07-09T03:24:21.155Z,smriti9/create-site,Updating DocTypes for erpnext       : [=============================           ] 74%
2026-07-09T03:24:21.155Z,smriti9/create-site,Updating DocTypes for erpnext       : [=============================           ] 74%
2026-07-09T03:24:21.155Z,smriti9/create-site,Updating DocTypes for erpnext       : [=============================           ] 74%
2026-07-09T03:24:21.155Z,smriti9/create-site,Updating DocTypes for erpnext       : [=============================           ] 74%
2026-07-09T03:24:21.155Z,smriti9/create-site,Updating DocTypes for erpnext       : [=============================           ] 74%
2026-07-09T03:24:21.155Z,smriti9/create-site,Updating DocTypes for erpnext       : [=============================           ] 74%
2026-07-09T03:24:21.155Z,smriti9/create-site,Updating DocTypes for erpnext       : [=============================           ] 74%
2026-07-09T03:24:21.155Z,smriti9/create-site,Updating DocTypes for erpnext       : [=============================           ] 74%
2026-07-09T03:24:21.155Z,smriti9/create-site,Updating DocTypes for erpnext       : [=============================           ] 74%
2026-07-09T03:24:21.155Z,smriti9/create-site,Updating DocTypes for erpnext       : [==============================          ] 75%
2026-07-09T03:24:21.155Z,smriti9/create-site,Updating DocTypes for erpnext       : [==============================          ] 75%
2026-07-09T03:24:21.155Z,smriti9/create-site,Updating DocTypes for erpnext       : [==============================          ] 75%
2026-07-09T03:24:21.155Z,smriti9/create-site,Updating DocTypes for erpnext       : [==============================          ] 75%
2026-07-09T03:24:21.155Z,smriti9/create-site,Updating DocTypes for erpnext       : [==============================          ] 75%
2026-07-09T03:24:21.155Z,smriti9/create-site,Updating DocTypes for erpnext       : [==============================          ] 75%
2026-07-09T03:24:21.155Z,smriti9/create-site,Updating DocTypes for erpnext       : [==============================          ] 75%
2026-07-09T03:24:21.155Z,smriti9/create-site,Updating DocTypes for erpnext       : [==============================          ] 75%
2026-07-09T03:24:21.155Z,smriti9/create-site,Updating DocTypes for erpnext       : [==============================          ] 75%
2026-07-09T03:24:21.155Z,smriti9/create-site,Updating DocTypes for erpnext       : [==============================          ] 76%
2026-07-09T03:24:21.155Z,smriti9/create-site,Updating DocTypes for erpnext       : [==============================          ] 76%
2026-07-09T03:24:21.155Z,smriti9/create-site,Updating DocTypes for erpnext       : [==============================          ] 76%
2026-07-09T03:24:21.155Z,smriti9/create-site,Updating DocTypes for erpnext       : [==============================          ] 76%
2026-07-09T03:24:21.155Z,smriti9/create-site,Updating DocTypes for erpnext       : [==============================          ] 76%
2026-07-09T03:24:21.155Z,smriti9/create-site,Updating DocTypes for erpnext       : [==============================          ] 76%
2026-07-09T03:24:21.155Z,smriti9/create-site,Updating DocTypes for erpnext       : [==============================          ] 76%
2026-07-09T03:24:21.155Z,smriti9/create-site,Updating DocTypes for erpnext       : [==============================          ] 76%
2026-07-09T03:24:21.155Z,smriti9/create-site,Updating DocTypes for erpnext       : [==============================          ] 76%
2026-07-09T03:24:21.155Z,smriti9/create-site,Updating DocTypes for erpnext       : [==============================          ] 77%
2026-07-09T03:24:21.155Z,smriti9/create-site,Updating DocTypes for erpnext       : [==============================          ] 77%
2026-07-09T03:24:21.155Z,smriti9/create-site,Updating DocTypes for erpnext       : [==============================          ] 77%
2026-07-09T03:24:21.155Z,smriti9/create-site,Updating DocTypes for erpnext       : [==============================          ] 77%
2026-07-09T03:24:21.155Z,smriti9/create-site,Updating DocTypes for erpnext       : [===============================         ] 77%
2026-07-09T03:24:21.155Z,smriti9/create-site,Updating DocTypes for erpnext       : [===============================         ] 77%
2026-07-09T03:24:21.155Z,smriti9/create-site,Updating DocTypes for erpnext       : [===============================         ] 77%
2026-07-09T03:24:21.155Z,smriti9/create-site,Updating DocTypes for erpnext       : [===============================         ] 77%
2026-07-09T03:24:21.155Z,smriti9/create-site,Updating DocTypes for erpnext       : [===============================         ] 77%
2026-07-09T03:24:21.155Z,smriti9/create-site,Updating DocTypes for erpnext       : [===============================         ] 78%
2026-07-09T03:24:21.155Z,smriti9/create-site,Updating DocTypes for erpnext       : [===============================         ] 78%
2026-07-09T03:24:21.155Z,smriti9/create-site,Updating DocTypes for erpnext       : [===============================         ] 78%
2026-07-09T03:24:21.155Z,smriti9/create-site,Updating DocTypes for erpnext       : [===============================         ] 78%
2026-07-09T03:24:21.155Z,smriti9/create-site,Updating DocTypes for erpnext       : [===============================         ] 78%
2026-07-09T03:24:21.155Z,smriti9/create-site,Updating DocTypes for erpnext       : [===============================         ] 78%
2026-07-09T03:24:21.155Z,smriti9/create-site,Updating DocTypes for erpnext       : [===============================         ] 78%
2026-07-09T03:24:21.155Z,smriti9/create-site,Updating DocTypes for erpnext       : [===============================         ] 78%
2026-07-09T03:24:21.155Z,smriti9/create-site,Updating DocTypes for erpnext       : [===============================         ] 78%
2026-07-09T03:24:21.155Z,smriti9/create-site,Updating DocTypes for erpnext       : [===============================         ] 79%
2026-07-09T03:24:21.155Z,smriti9/create-site,Updating DocTypes for erpnext       : [===============================         ] 79%
2026-07-09T03:24:21.155Z,smriti9/create-site,Updating DocTypes for erpnext       : [===============================         ] 79%
2026-07-09T03:24:21.155Z,smriti9/create-site,Updating DocTypes for erpnext       : [===============================         ] 79%
2026-07-09T03:24:21.155Z,smriti9/create-site,Updating DocTypes for erpnext       : [===============================         ] 79%
2026-07-09T03:24:21.155Z,smriti9/create-site,Updating DocTypes for erpnext       : [===============================         ] 79%
2026-07-09T03:24:21.155Z,smriti9/create-site,Updating DocTypes for erpnext       : [===============================         ] 79%
2026-07-09T03:24:21.155Z,smriti9/create-site,Updating DocTypes for erpnext       : [===============================         ] 79%
2026-07-09T03:24:21.155Z,smriti9/create-site,Updating DocTypes for erpnext       : [================================        ] 80%
2026-07-09T03:24:21.155Z,smriti9/create-site,Updating DocTypes for erpnext       : [================================        ] 80%
2026-07-09T03:24:21.155Z,smriti9/create-site,Updating DocTypes for erpnext       : [================================        ] 80%
2026-07-09T03:24:21.155Z,smriti9/create-site,Updating DocTypes for erpnext       : [================================        ] 80%
2026-07-09T03:24:21.155Z,smriti9/create-site,Updating DocTypes for erpnext       : [================================        ] 80%
2026-07-09T03:24:21.155Z,smriti9/create-site,Updating DocTypes for erpnext       : [================================        ] 80%
2026-07-09T03:24:21.155Z,smriti9/create-site,Updating DocTypes for erpnext       : [================================        ] 80%
2026-07-09T03:24:21.155Z,smriti9/create-site,Updating DocTypes for erpnext       : [================================        ] 80%
2026-07-09T03:24:21.155Z,smriti9/create-site,Updating DocTypes for erpnext       : [================================        ] 80%
2026-07-09T03:24:21.155Z,smriti9/create-site,Updating DocTypes for erpnext       : [================================        ] 81%
2026-07-09T03:24:21.155Z,smriti9/create-site,Updating DocTypes for erpnext       : [================================        ] 81%
2026-07-09T03:24:21.155Z,smriti9/create-site,Updating DocTypes for erpnext       : [================================        ] 81%
2026-07-09T03:24:21.155Z,smriti9/create-site,Updating DocTypes for erpnext       : [================================        ] 81%
2026-07-09T03:24:21.155Z,smriti9/create-site,Updating DocTypes for erpnext       : [================================        ] 81%
2026-07-09T03:24:21.155Z,smriti9/create-site,Updating DocTypes for erpnext       : [================================        ] 81%
2026-07-09T03:24:21.155Z,smriti9/create-site,Updating DocTypes for erpnext       : [================================        ] 81%
2026-07-09T03:24:21.155Z,smriti9/create-site,Updating DocTypes for erpnext       : [================================        ] 81%
2026-07-09T03:24:21.155Z,smriti9/create-site,Updating DocTypes for erpnext       : [================================        ] 81%
2026-07-09T03:24:21.155Z,smriti9/create-site,Updating DocTypes for erpnext       : [================================        ] 82%
2026-07-09T03:24:21.155Z,smriti9/create-site,Updating DocTypes for erpnext       : [================================        ] 82%
2026-07-09T03:24:21.155Z,smriti9/create-site,Updating DocTypes for erpnext       : [================================        ] 82%
2026-07-09T03:24:21.155Z,smriti9/create-site,Updating DocTypes for erpnext       : [================================        ] 82%
2026-07-09T03:24:21.155Z,smriti9/create-site,Updating DocTypes for erpnext       : [================================        ] 82%
2026-07-09T03:24:21.155Z,smriti9/create-site,Updating DocTypes for erpnext       : [=================================       ] 82%
2026-07-09T03:24:21.155Z,smriti9/create-site,Updating DocTypes for erpnext       : [=================================       ] 82%
2026-07-09T03:24:21.155Z,smriti9/create-site,Updating DocTypes for erpnext       : [=================================       ] 82%
2026-07-09T03:24:21.155Z,smriti9/create-site,Updating DocTypes for erpnext       : [=================================       ] 82%
2026-07-09T03:24:21.155Z,smriti9/create-site,Updating DocTypes for erpnext       : [=================================       ] 83%
2026-07-09T03:24:21.155Z,smriti9/create-site,Updating DocTypes for erpnext       : [=================================       ] 83%
2026-07-09T03:24:21.155Z,smriti9/create-site,Updating DocTypes for erpnext       : [=================================       ] 83%
2026-07-09T03:24:21.155Z,smriti9/create-site,Updating DocTypes for erpnext       : [=================================       ] 83%
2026-07-09T03:24:21.155Z,smriti9/create-site,Updating DocTypes for erpnext       : [=================================       ] 83%
2026-07-09T03:24:21.155Z,smriti9/create-site,Updating DocTypes for erpnext       : [=================================       ] 83%
2026-07-09T03:24:21.155Z,smriti9/create-site,Updating DocTypes for erpnext       : [=================================       ] 83%
2026-07-09T03:24:21.155Z,smriti9/create-site,Updating DocTypes for erpnext       : [=================================       ] 83%
2026-07-09T03:24:21.155Z,smriti9/create-site,Updating DocTypes for erpnext       : [=================================       ] 83%
2026-07-09T03:24:21.155Z,smriti9/create-site,Updating DocTypes for erpnext       : [=================================       ] 84%
2026-07-09T03:24:21.155Z,smriti9/create-site,Updating DocTypes for erpnext       : [=================================       ] 84%
2026-07-09T03:24:21.155Z,smriti9/create-site,Updating DocTypes for erpnext       : [=================================       ] 84%
2026-07-09T03:24:21.155Z,smriti9/create-site,Updating DocTypes for erpnext       : [=================================       ] 84%
2026-07-09T03:24:21.155Z,smriti9/create-site,Updating DocTypes for erpnext       : [=================================       ] 84%
2026-07-09T03:24:21.155Z,smriti9/create-site,Updating DocTypes for erpnext       : [=================================       ] 84%
2026-07-09T03:24:21.155Z,smriti9/create-site,Updating DocTypes for erpnext       : [=================================       ] 84%
2026-07-09T03:24:21.155Z,smriti9/create-site,Updating DocTypes for erpnext       : [=================================       ] 84%
2026-07-09T03:24:21.155Z,smriti9/create-site,Updating DocTypes for erpnext       : [=================================       ] 84%
2026-07-09T03:24:21.155Z,smriti9/create-site,Updating DocTypes for erpnext       : [==================================      ] 85%
2026-07-09T03:24:21.155Z,smriti9/create-site,Updating DocTypes for erpnext       : [==================================      ] 85%
2026-07-09T03:24:21.155Z,smriti9/create-site,Updating DocTypes for erpnext       : [==================================      ] 85%
2026-07-09T03:24:21.155Z,smriti9/create-site,Updating DocTypes for erpnext       : [==================================      ] 85%
2026-07-09T03:24:21.155Z,smriti9/create-site,Updating DocTypes for erpnext       : [==================================      ] 85%
2026-07-09T03:24:21.155Z,smriti9/create-site,Updating DocTypes for erpnext       : [==================================      ] 85%
2026-07-09T03:24:21.155Z,smriti9/create-site,Updating DocTypes for erpnext       : [==================================      ] 85%
2026-07-09T03:24:21.155Z,smriti9/create-site,Updating DocTypes for erpnext       : [==================================      ] 85%
2026-07-09T03:24:21.155Z,smriti9/create-site,Updating DocTypes for erpnext       : [==================================      ] 85%
2026-07-09T03:24:21.155Z,smriti9/create-site,Updating DocTypes for erpnext       : [==================================      ] 86%
2026-07-09T03:24:21.155Z,smriti9/create-site,Updating DocTypes for erpnext       : [==================================      ] 86%
2026-07-09T03:24:21.155Z,smriti9/create-site,Updating DocTypes for erpnext       : [==================================      ] 86%
2026-07-09T03:24:21.155Z,smriti9/create-site,Updating DocTypes for erpnext       : [==================================      ] 86%
2026-07-09T03:24:21.155Z,smriti9/create-site,Updating DocTypes for erpnext       : [==================================      ] 86%
2026-07-09T03:24:21.155Z,smriti9/create-site,Updating DocTypes for erpnext       : [==================================      ] 86%
2026-07-09T03:24:21.155Z,smriti9/create-site,Updating DocTypes for erpnext       : [==================================      ] 86%
2026-07-09T03:24:21.155Z,smriti9/create-site,Upd2026-07-09T03:24:21.155423229Z ating DocTypes for erpnext       : [==================================      ] 86%
2026-07-09T03:24:21.155Z,smriti9/create-site,Updating DocTypes for erpnext       : [==================================      ] 86%
2026-07-09T03:24:21.155Z,smriti9/create-site,Updating DocTypes for erpnext       : [==================================      ] 87%
2026-07-09T03:24:21.155Z,smriti9/create-site,Updating DocTypes for erpnext       : [==================================      ] 87%
2026-07-09T03:24:21.155Z,smriti9/create-site,Updating DocTypes for erpnext       : [==================================      ] 87%
2026-07-09T03:24:21.155Z,smriti9/create-site,Updating DocTypes for erpnext       : [==================================      ] 87%
2026-07-09T03:24:21.155Z,smriti9/create-site,Updating DocTypes for erpnext       : [===================================     ] 87%
2026-07-09T03:24:21.155Z,smriti9/create-site,Updating DocTypes for erpnext       : [===================================     ] 87%
2026-07-09T03:24:21.155Z,smriti9/create-site,Updating DocTypes for erpnext       : [===================================     ] 87%
2026-07-09T03:24:21.155Z,smriti9/create-site,Updating DocTypes for erpnext       : [===================================     ] 87%
2026-07-09T03:24:21.155Z,smriti9/create-site,Updating DocTypes for erpnext       : [===================================     ] 87%
2026-07-09T03:24:21.155Z,smriti9/create-site,Updating DocTypes for erpnext       : [===================================     ] 88%
2026-07-09T03:24:21.155Z,smriti9/create-site,Updating DocTypes for erpnext       : [===================================     ] 88%
2026-07-09T03:24:21.155Z,smriti9/create-site,Updating DocTypes for erpnext       : [===================================     ] 88%
2026-07-09T03:24:21.155Z,smriti9/create-site,Updating DocTypes for erpnext       : [===================================     ] 88%
2026-07-09T03:24:21.155Z,smriti9/create-site,Updating DocTypes for erpnext       : [===================================     ] 88%
2026-07-09T03:24:21.155Z,smriti9/create-site,Updating DocTypes for erpnext       : [===================================     ] 88%
2026-07-09T03:24:21.155Z,smriti9/create-site,Updating DocTypes for erpnext       : [===================================     ] 88%
2026-07-09T03:24:21.155Z,smriti9/create-site,Updating DocTypes for erpnext       : [===================================     ] 88%
2026-07-09T03:24:21.155Z,smriti9/create-site,Updating DocTypes for erpnext       : [===================================     ] 88%
2026-07-09T03:24:21.155Z,smriti9/create-site,Updating DocTypes for erpnext       : [===================================     ] 89%
2026-07-09T03:24:21.155Z,smriti9/create-site,Updating DocTypes for erpnext       : [===================================     ] 89%
2026-07-09T03:24:21.155Z,smriti9/create-site,Updating DocTypes for erpnext       : [===================================     ] 89%
2026-07-09T03:24:21.155Z,smriti9/create-site,Updating DocTypes for erpnext       : [===================================     ] 89%
2026-07-09T03:24:21.155Z,smriti9/create-site,Updating DocTypes for erpnext       : [===================================     ] 89%
2026-07-09T03:24:21.155Z,smriti9/create-site,Updating DocTypes for erpnext       : [===================================     ] 89%
2026-07-09T03:24:21.155Z,smriti9/create-site,Updating DocTypes for erpnext       : [===================================     ] 89%
2026-07-09T03:24:21.155Z,smriti9/create-site,Updating DocTypes for erpnext       : [===================================     ] 89%
2026-07-09T03:24:21.155Z,smriti9/create-site,Updating DocTypes for erpnext       : [====================================    ] 90%
2026-07-09T03:24:21.155Z,smriti9/create-site,Updating DocTypes for erpnext       : [====================================    ] 90%
2026-07-09T03:24:21.155Z,smriti9/create-site,Updating DocTypes for erpnext       : [====================================    ] 90%
2026-07-09T03:24:21.155Z,smriti9/create-site,Updating DocTypes for erpnext       : [====================================    ] 90%
2026-07-09T03:24:21.155Z,smriti9/create-site,Updating DocTypes for erpnext       : [====================================    ] 90%
2026-07-09T03:24:21.155Z,smriti9/create-site,Updating DocTypes for erpnext       : [====================================    ] 90%
2026-07-09T03:24:21.155Z,smriti9/create-site,Updating DocTypes for erpnext       : [====================================    ] 90%
2026-07-09T03:24:21.155Z,smriti9/create-site,Updating DocTypes for erpnext       : [====================================    ] 90%
2026-07-09T03:24:21.155Z,smriti9/create-site,Updating DocTypes for erpnext       : [====================================    ] 90%
2026-07-09T03:24:21.155Z,smriti9/create-site,Updating DocTypes for erpnext       : [====================================    ] 91%
2026-07-09T03:24:21.155Z,smriti9/create-site,Updating DocTypes for erpnext       : [====================================    ] 91%
2026-07-09T03:24:21.155Z,smriti9/create-site,Updating DocTypes for erpnext       : [====================================    ] 91%
2026-07-09T03:24:21.155Z,smriti9/create-site,Updating DocTypes for erpnext       : [====================================    ] 91%
2026-07-09T03:24:21.155Z,smriti9/create-site,Updating DocTypes for erpnext       : [====================================    ] 91%
2026-07-09T03:24:21.155Z,smriti9/create-site,Updating DocTypes for erpnext       : [====================================    ] 91%
2026-07-09T03:24:21.155Z,smriti9/create-site,Updating DocTypes for erpnext       : [====================================    ] 91%
2026-07-09T03:24:21.155Z,smriti9/create-site,Updating DocTypes for erpnext       : [====================================    ] 91%
2026-07-09T03:24:21.155Z,smriti9/create-site,Updating DocTypes for erpnext       : [====================================    ] 91%
2026-07-09T03:24:21.155Z,smriti9/create-site,Updating DocTypes for erpnext       : [====================================    ] 92%
2026-07-09T03:24:21.155Z,smriti9/create-site,Updating DocTypes for erpnext       : [====================================    ] 92%
2026-07-09T03:24:21.155Z,smriti9/create-site,Updating DocTypes for erpnext       : [====================================    ] 92%
2026-07-09T03:24:21.155Z,smriti9/create-site,Updating DocTypes for erpnext       : [====================================    ] 92%
2026-07-09T03:24:21.155Z,smriti9/create-site,Updating DocTypes for erpnext       : [====================================    ] 92%
2026-07-09T03:24:21.155Z,smriti9/create-site,Updating DocTypes for erpnext       : [=====================================   ] 92%
2026-07-09T03:24:21.155Z,smriti9/create-site,Updating DocTypes for erpnext       : [=====================================   ] 92%
2026-07-09T03:24:21.155Z,smriti9/create-site,Updating DocTypes for erpnext       : [=====================================   ] 92%
2026-07-09T03:24:21.155Z,smriti9/create-site,Updating DocTypes for erpnext       : [=====================================   ] 92%
2026-07-09T03:24:21.155Z,smriti9/create-site,Updating DocTypes for erpnext       : [=====================================   ] 93%
2026-07-09T03:24:21.155Z,smriti9/create-site,Updating DocTypes for erpnext       : [=====================================   ] 93%
2026-07-09T03:24:21.155Z,smriti9/create-site,Updating DocTypes for erpnext       : [=====================================   ] 93%
2026-07-09T03:24:21.155Z,smriti9/create-site,Updating DocTypes for erpnext       : [=====================================   ] 93%
2026-07-09T03:24:21.155Z,smriti9/create-site,Updating DocTypes for erpnext       : [=====================================   ] 93%
2026-07-09T03:24:21.155Z,smriti9/create-site,Updating DocTypes for erpnext       : [=====================================   ] 93%
2026-07-09T03:24:21.155Z,smriti9/create-site,Updating DocTypes for erpnext       : [=====================================   ] 93%
2026-07-09T03:24:21.155Z,smriti9/create-site,Updating DocTypes for erpnext       : [=====================================   ] 93%
2026-07-09T03:24:21.155Z,smriti9/create-site,Updating DocTypes for erpnext       : [=====================================   ] 93%
2026-07-09T03:24:21.155Z,smriti9/create-site,Updating DocTypes for erpnext       : [=====================================   ] 94%
2026-07-09T03:24:21.155Z,smriti9/create-site,Updating DocTypes for erpnext       : [=====================================   ] 94%
2026-07-09T03:24:21.155Z,smriti9/create-site,Updating DocTypes for erpnext       : [=====================================   ] 94%
2026-07-09T03:24:21.155Z,smriti9/create-site,Updating DocTypes for erpnext       : [=====================================   ] 94%
2026-07-09T03:24:21.155Z,smriti9/create-site,Updating DocTypes for erpnext       : [=====================================   ] 94%
2026-07-09T03:24:21.155Z,smriti9/create-site,Updating DocTypes for erpnext       : [=====================================   ] 94%
2026-07-09T03:24:21.155Z,smriti9/create-site,Updating DocTypes for erpnext       : [=====================================   ] 94%
2026-07-09T03:24:21.155Z,smriti9/create-site,Updating DocTypes for erpnext       : [=====================================   ] 94%
2026-07-09T03:24:21.155Z,smriti9/create-site,Updating DocTypes for erpnext       : [=====================================   ] 94%
2026-07-09T03:24:21.155Z,smriti9/create-site,Updating DocTypes for erpnext       : [======================================  ] 95%
2026-07-09T03:24:21.155Z,smriti9/create-site,Updating DocTypes for erpnext       : [======================================  ] 95%
2026-07-09T03:24:21.155Z,smriti9/create-site,Updating DocTypes for erpnext       : [======================================  ] 95%
2026-07-09T03:24:21.155Z,smriti9/create-site,Updating DocTypes for erpnext       : [======================================  ] 95%
2026-07-09T03:24:21.155Z,smriti9/create-site,Updating DocTypes for erpnext       : [======================================  ] 95%
2026-07-09T03:24:21.155Z,smriti9/create-site,Updating DocTypes for erpnext       : [======================================  ] 95%
2026-07-09T03:24:21.155Z,smriti9/create-site,Updating DocTypes for erpnext       : [======================================  ] 95%
2026-07-09T03:24:21.155Z,smriti9/create-site,Updating DocTypes for erpnext       : [======================================  ] 95%
2026-07-09T03:24:21.155Z,smriti9/create-site,Updating DocTypes for erpnext       : [======================================  ] 95%
2026-07-09T03:24:21.155Z,smriti9/create-site,Updating DocTypes for erpnext       : [======================================  ] 96%
2026-07-09T03:24:21.155Z,smriti9/create-site,Updating DocTypes for erpnext       : [======================================  ] 96%
2026-07-09T03:24:21.155Z,smriti9/create-site,Updating DocTypes for erpnext       : [======================================  ] 96%
2026-07-09T03:24:21.155Z,smriti9/create-site,Updating DocTypes for erpnext       : [======================================  ] 96%
2026-07-09T03:24:21.155Z,smriti9/create-site,Updating DocTypes for erpnext       : [======================================  ] 96%
2026-07-09T03:24:21.155Z,smriti9/create-site,Updating DocTypes for erpnext       : [======================================  ] 96%
2026-07-09T03:24:21.155Z,smriti9/create-site,Updating DocTypes for erpnext       : [======================================  ] 96%
2026-07-09T03:24:21.155Z,smriti9/create-site,Updating DocTypes for erpnext       : [======================================  ] 96%
2026-07-09T03:24:21.155Z,smriti9/create-site,Updating DocTypes for erpnext       : [======================================  ] 96%
2026-07-09T03:24:21.155Z,smriti9/create-site,Updating DocTypes for erpnext       : [======================================  ] 97%
2026-07-09T03:24:21.155Z,smriti9/create-site,Updating DocTypes for erpnext       : [======================================  ] 97%
2026-07-09T03:24:21.155Z,smriti9/create-site,Updating DocTypes for erpnext       : [======================================  ] 97%
2026-07-09T03:24:21.155Z,smriti9/create-site,Updating DocTypes for erpnext       : [======================================  ] 97%
2026-07-09T03:24:21.155Z,smriti9/create-site,Updating DocTypes for erpnext       : [======================================= ] 97%
2026-07-09T03:24:21.155Z,smriti9/create-site,Updating DocTypes for erpnext       : [======================================= ] 97%
2026-07-09T03:24:21.155Z,smriti9/create-site,Updating DocTypes for erpnext       : [======================================= ] 97%
2026-07-09T03:24:21.155Z,smriti9/create-site,Updating DocTypes for erpnext       : [======================================= ] 97%
2026-07-09T03:24:21.155Z,smriti9/create-site,Updating DocTypes for erpnext       : [======================================= ] 97%
2026-07-09T03:24:21.155Z,smriti9/create-site,Updating DocTypes for erpnext       : [======================================= ] 98%
2026-07-09T03:24:21.155Z,smriti9/create-site,Updating DocTypes for erpnext       : [======================================= ] 98%
2026-07-09T03:24:21.155Z,smriti9/create-site,Updating DocTypes for erpnext       : [======================================= ] 98%
2026-07-09T03:24:21.155Z,smriti9/create-site,Updating DocTypes for erpnext       : [======================================= ] 98%
2026-07-09T03:24:21.155Z,smriti9/create-site,Updating DocTypes for erpnext       : [======================================= ] 98%
2026-07-09T03:24:21.155Z,smriti9/create-site,Updating DocTypes for erpnext       : [======================================= ] 98%
2026-07-09T03:24:21.155Z,smriti9/create-site,Updating DocTypes for erpnext       : [======================================= ] 98%
2026-07-09T03:24:21.155Z,smriti9/create-site,Updating DocTypes for erpnext       : [======================================= ] 98%
2026-07-09T03:24:21.155Z,smriti9/create-site,Updating DocTypes for erpnext       : [======================================= ] 98%
2026-07-09T03:24:21.155Z,smriti9/create-site,Updating DocTypes for erpnext       : [======================================= ] 99%
2026-07-09T03:24:21.155Z,smriti9/create-site,Updating DocTypes for erpnext       : [======================================= ] 99%
2026-07-09T03:24:21.155Z,smriti9/create-site,Updating DocTypes for erpnext       : [======================================= ] 99%
2026-07-09T03:24:21.155Z,smriti9/create-site,Updating DocTypes for erpnext       : [======================================= ] 99%
2026-07-09T03:24:21.155Z,smriti9/create-site,Updating DocTypes for erpnext       : [======================================= ] 99%
2026-07-09T03:24:21.155Z,smriti9/create-site,Updating DocTypes for erpnext       : [======================================= ] 99%
2026-07-09T03:24:21.155Z,smriti9/create-site,Updating DocTypes for erpnext       : [======================================= ] 99%
2026-07-09T03:24:21.155Z,smriti9/create-site,Updating DocTypes for erpnext       : [======================================= ] 99%
2026-07-09T03:24:21.155Z,smriti9/create-site,Updating DocTypes for erpnext       : [========================================] 100%
2026-07-09T03:24:24.093Z,smriti9/create-site,
2026-07-09T03:24:24.093Z,smriti9/create-site,Updating DocTypes for india_compliance: [                                        ] 1%
2026-07-09T03:24:24.093Z,smriti9/create-site,Updating DocTypes for india_compliance: [=                                       ] 3%
2026-07-09T03:24:24.093Z,smriti9/create-site,Updating DocTypes for india_compliance: [==                                      ] 5%
2026-07-09T03:24:24.093Z,smriti9/create-site,Updating DocTypes for india_compliance: [==                                      ] 6%
2026-07-09T03:24:24.093Z,smriti9/create-site,Updating DocTypes for india_compliance: [===                                     ] 8%
2026-07-09T03:24:24.093Z,smriti9/create-site,Updating DocTypes for india_compliance: [====                                    ] 10%
2026-07-09T03:24:24.093Z,smriti9/create-site,Updating DocTypes for india_compliance: [====                                    ] 11%
2026-07-09T03:24:24.093Z,smriti9/create-site,Updating DocTypes for india_compliance: [=====                                   ] 13%
2026-07-09T03:24:24.093Z,smriti9/create-site,Updating DocTypes for india_compliance: [======                                  ] 15%
2026-07-09T03:24:24.093Z,smriti9/create-site,Updating DocTypes for india_compliance: [======                                  ] 16%
2026-07-09T03:24:24.093Z,smriti9/create-site,Updating DocTypes for india_compliance: [=======                                 ] 18%
2026-07-09T03:24:24.093Z,smriti9/create-site,Updating DocTypes for india_compliance: [========                                ] 20%
2026-07-09T03:24:24.093Z,smriti9/create-site,Updating DocTypes for india_compliance: [========                                ] 21%
2026-07-09T03:24:24.093Z,smriti9/create-site,Updating DocTypes for india_compliance: [=========                               ] 23%
2026-07-09T03:24:24.093Z,smriti9/create-site,Updating DocTypes for india_compliance: [==========                              ] 25%
2026-07-09T03:24:24.093Z,smriti9/create-site,Updating DocTypes for india_compliance: [==========                              ] 26%
2026-07-09T03:24:24.093Z,smriti9/create-site,Updating DocTypes for india_compliance: [===========                             ] 28%
2026-07-09T03:24:24.093Z,smriti9/create-site,Updating DocTypes for india_compliance: [============                            ] 30%
2026-07-09T03:24:24.093Z,smriti9/create-site,Updating DocTypes for india_compliance: [============                            ] 31%
2026-07-09T03:24:24.093Z,smriti9/create-site,Updating DocTypes for india_compliance: [=============                           ] 33%
2026-07-09T03:24:24.093Z,smriti9/create-site,Updating DocTypes for india_compliance: [==============                          ] 35%
2026-07-09T03:24:24.093Z,smriti9/create-site,Updating DocTypes for india_compliance: [==============                          ] 36%
2026-07-09T03:24:24.093Z,smriti9/create-site,Updating DocTypes for india_compliance: [===============                         ] 38%
2026-07-09T03:24:24.093Z,smriti9/create-site,Updating DocTypes for india_compliance: [================                        ] 40%
2026-07-09T03:24:24.093Z,smriti9/create-site,Updating DocTypes for india_compliance: [================                        ] 41%
2026-07-09T03:24:24.093Z,smriti9/create-site,Updating DocTypes for india_compliance: [=================                       ] 43%
2026-07-09T03:24:24.093Z,smriti9/create-site,Updating DocTypes for india_compliance: [==================                      ] 45%
2026-07-09T03:24:24.093Z,smriti9/create-site,Updating DocTypes for india_compliance: [==================                      ] 46%
2026-07-09T03:24:24.093Z,smriti9/create-site,Updating DocTypes for india_compliance: [===================                     ] 48%
2026-07-09T03:24:24.093Z,smriti9/create-site,Updating DocTypes for india_compliance: [====================                    ] 50%
2026-07-09T03:24:24.093Z,smriti9/create-site,Updating DocTypes for india_compliance: [====================                    ] 51%
2026-07-09T03:24:24.093Z,smriti9/create-site,Updating DocTypes for india_compliance: [=====================                   ] 53%
2026-07-09T03:24:24.093Z,smriti9/create-site,Updating DocTypes for india_compliance: [======================                  ] 55%
2026-07-09T03:24:24.093Z,smriti9/create-site,Updating DocTypes for india_compliance: [======================                  ] 56%
2026-07-09T03:24:24.093Z,smriti9/create-site,Updating DocTypes for india_compliance: [=======================                 ] 58%
2026-07-09T03:24:24.093Z,smriti9/create-site,Updating DocTypes for india_compliance: [========================                ] 60%
2026-07-09T03:24:24.093Z,smriti9/create-site,Updating DocTypes for india_compliance: [========================                ] 61%
2026-07-09T03:24:24.093Z,smriti9/create-site,Updating DocTypes for india_compliance: [=========================               ] 63%
2026-07-09T03:24:24.093Z,smriti9/create-site,Updating DocTypes for india_compliance: [==========================              ] 65%
2026-07-09T03:24:24.093Z,smriti9/create-site,Updating DocTypes for india_compliance: [==========================              ] 66%
2026-07-09T03:24:24.093Z,smriti9/create-site,Updating DocTypes for india_compliance: [===========================             ] 68%
2026-07-09T03:24:24.093Z,smriti9/create-site,Updating DocTypes for india_compliance: [============================            ] 70%
2026-07-09T03:24:24.093Z,smriti9/create-site,Updating DocTypes for india_compliance: [============================            ] 71%
2026-07-09T03:24:24.093Z,smriti9/create-site,Updating DocTypes for india_compliance: [=============================           ] 73%
2026-07-09T03:24:24.093Z,smriti9/create-site,Updating DocTypes for india_compliance: [==============================          ] 75%
2026-07-09T03:24:24.093Z,smriti9/create-site,Updating DocTypes for india_compliance: [==============================          ] 76%
2026-07-09T03:24:24.093Z,smriti9/create-site,Updating DocTypes for india_compliance: [===============================         ] 78%
2026-07-09T03:24:24.093Z,smriti9/create-site,Updating DocTypes for india_compliance: [================================        ] 80%
2026-07-09T03:24:24.093Z,smriti9/create-site,Updating DocTypes for india_compliance: [================================        ] 81%
2026-07-09T03:24:24.093Z,smriti9/create-site,Updating DocTypes for india_compliance: [=================================       ] 83%
2026-07-09T03:24:24.093Z,smriti9/create-site,Updating DocTypes for india_compliance: [==================================      ] 85%
2026-07-09T03:24:24.093Z,smriti9/create-site,Updating DocTypes for india_compliance: [==================================      ] 86%
2026-07-09T03:24:24.093Z,smriti9/create-site,Updating DocTypes for india_compliance: [===================================     ] 88%
2026-07-09T03:24:24.093Z,smriti9/create-site,Updating DocTypes for india_compliance: [====================================    ] 90%
2026-07-09T03:24:24.093Z,smriti9/create-site,Updating DocTypes for india_compliance: [====================================    ] 91%
2026-07-09T03:24:24.093Z,smriti9/create-site,Updating DocTypes for india_compliance: [=====================================   ] 93%
2026-07-09T03:24:24.093Z,smriti9/create-site,Updating DocTypes for india_compliance: [======================================  ] 95%
2026-07-09T03:24:24.093Z,smriti9/create-site,Updating DocTypes for india_compliance: [======================================  ] 96%
2026-07-09T03:24:24.093Z,smriti9/create-site,Updating DocTypes for india_compliance: [======================================= ] 98%
2026-07-09T03:24:24.093Z,smriti9/create-site,Updating DocTypes for india_compliance: [========================================] 100%
2026-07-09T03:24:26.514Z,smriti9/redis-cache,1:M 09 Jul 2026 03:24:26.514 * 100 changes in 300 seconds. Saving...
2026-07-09T03:24:26.515Z,smriti9/redis-cache,1:M 09 Jul 2026 03:24:26.515 * Background saving started by pid 17
2026-07-09T03:24:26.521Z,smriti9/redis-cache,17:C 09 Jul 2026 03:24:26.520 * DB saved on disk
2026-07-09T03:24:26.521Z,smriti9/redis-cache,17:C 09 Jul 2026 03:24:26.521 * RDB: 0 MB of memory used by copy-on-write
2026-07-09T03:24:26.615Z,smriti9/redis-cache,1:M 09 Jul 2026 03:24:26.615 * Background saving terminated with success
2026-07-09T03:25:12.395Z,smriti9/create-site,
2026-07-09T03:25:12.395Z,smriti9/create-site,Updating DocTypes for smriti_retail_os: [                                        ] 0%
2026-07-09T03:25:12.395Z,smriti9/create-site,Updating DocTypes for smriti_retail_os: [                                        ] 1%
2026-07-09T03:25:12.395Z,smriti9/create-site,Updating DocTypes for smriti_retail_os: [                                        ] 2%
2026-07-09T03:25:12.395Z,smriti9/create-site,Updating DocTypes for smriti_retail_os: [=                                       ] 2%
2026-07-09T03:25:12.395Z,smriti9/create-site,Updating DocTypes for smriti_retail_os: [=                                       ] 3%
2026-07-09T03:25:12.395Z,smriti9/create-site,Updating DocTypes for smriti_retail_os: [=                                       ] 4%
2026-07-09T03:25:12.395Z,smriti9/create-site,Updating DocTypes for smriti_retail_os: [==                                      ] 5%
2026-07-09T03:25:12.395Z,smriti9/create-site,Updating DocTypes for smriti_retail_os: [==                                      ] 5%
2026-07-09T03:25:12.395Z,smriti9/create-site,Updating DocTypes for smriti_retail_os: [==                                      ] 6%
2026-07-09T03:25:12.395Z,smriti9/create-site,Updating DocTypes for smriti_retail_os: [==                                      ] 7%
2026-07-09T03:25:12.395Z,smriti9/create-site,Updating DocTypes for smriti_retail_os: [===                                     ] 8%
2026-07-09T03:25:12.395Z,smriti9/create-site,Updating DocTypes for smriti_retail_os: [===                                     ] 8%
2026-07-09T03:25:12.395Z,smriti9/create-site,Updating DocTypes for smriti_retail_os: [===                                     ] 9%
2026-07-09T03:25:12.395Z,smriti9/create-site,Updating DocTypes for smriti_retail_os: [====                                    ] 10%
2026-07-09T03:25:12.395Z,smriti9/create-site,Updating DocTypes for smriti_retail_os: [====                                    ] 11%
2026-07-09T03:25:12.395Z,smriti9/create-site,Updating DocTypes for smriti_retail_os: [====                                    ] 11%
2026-07-09T03:25:12.395Z,smriti9/create-site,Updating DocTypes for smriti_retail_os: [=====                                   ] 12%
2026-07-09T03:25:12.395Z,smriti9/create-site,Updating DocTypes for smriti_retail_os: [=====                                   ] 13%
2026-07-09T03:25:12.395Z,smriti9/create-site,Updating DocTypes for smriti_retail_os: [=====                                   ] 13%
2026-07-09T03:25:12.395Z,smriti9/create-site,Updating DocTypes for smriti_retail_os: [=====                                   ] 14%
2026-07-09T03:25:12.395Z,smriti9/create-site,Updating DocTypes for smriti_retail_os: [======                                  ] 15%
2026-07-09T03:25:12.395Z,smriti9/create-site,Updating DocTypes for smriti_retail_os: [======                                  ] 16%
2026-07-09T03:25:12.395Z,smriti9/create-site,Updating DocTypes for smriti_retail_os: [======                                  ] 16%
2026-07-09T03:25:12.395Z,smriti9/create-site,Updating DocTypes for smriti_retail_os: [=======                                 ] 17%
2026-07-09T03:25:12.395Z,smriti9/create-site,Updating DocTypes for smriti_retail_os: [=======                                 ] 18%
2026-07-09T03:25:12.395Z,smriti9/create-site,Updating DocTypes for smriti_retail_os: [=======                                 ] 19%
2026-07-09T03:25:12.395Z,smriti9/create-site,Updating DocTypes for smriti_retail_os: [=======                                 ] 19%
2026-07-09T03:25:12.395Z,smriti9/create-site,Updating DocTypes for smriti_retail_os: [========                                ] 20%
2026-07-09T03:25:12.395Z,smriti9/create-site,Updating DocTypes for smriti_retail_os: [========                                ] 21%
2026-07-09T03:25:12.395Z,smriti9/create-site,Updating DocTypes for smriti_retail_os: [========                                ] 22%
2026-07-09T03:25:12.395Z,smriti9/create-site,Updating DocTypes for smriti_retail_os: [=========                               ] 22%
2026-07-09T03:25:12.395Z,smriti9/create-site,Updating DocTypes for smriti_retail_os: [=========                               ] 23%
2026-07-09T03:25:12.395Z,smriti9/create-site,Updating DocTypes for smriti_retail_os: [=========                               ] 24%
2026-07-09T03:25:12.395Z,smriti9/create-site,Updating DocTypes for smriti_retail_os: [==========                              ] 25%
2026-07-09T03:25:12.395Z,smriti9/create-site,Updating DocTypes for smriti_retail_os: [==========                              ] 25%
2026-07-09T03:25:12.395Z,smriti9/create-site,Updating DocTypes for smriti_retail_os: [==========                              ] 26%
2026-07-09T03:25:12.395Z,smriti9/create-site,Updating DocTypes for smriti_retail_os: [==========                              ] 27%
2026-07-09T03:25:12.395Z,smriti9/create-site,Updating DocTypes for smriti_retail_os: [===========                             ] 27%
2026-07-09T03:25:12.395Z,smriti9/create-site,Updating DocTypes for smriti_retail_os: [===========                             ] 28%
2026-07-09T03:25:12.395Z,smriti9/create-site,Updating DocTypes for smriti_retail_os: [===========                             ] 29%
2026-07-09T03:25:12.395Z,smriti9/create-site,Updating DocTypes for smriti_retail_os: [============                            ] 30%
2026-07-09T03:25:12.395Z,smriti9/create-site,Updating DocTypes for smriti_retail_os: [============                            ] 30%
2026-07-09T03:25:12.395Z,smriti9/create-site,Updating DocTypes for smriti_retail_os: [============                            ] 31%
2026-07-09T03:25:12.395Z,smriti9/create-site,Updating DocTypes for smriti_retail_os: [============                            ] 32%
2026-07-09T03:25:12.395Z,smriti9/create-site,Updating DocTypes for smriti_retail_os: [=============                           ] 33%
2026-07-09T03:25:12.395Z,smriti9/create-site,Updating DocTypes for smriti_retail_os: [=============                           ] 33%
2026-07-09T03:25:12.395Z,smriti9/create-site,Updating DocTypes for smriti_retail_os: [=============                           ] 34%
2026-07-09T03:25:12.395Z,smriti9/create-site,Updating DocTypes for smriti_retail_os: [==============                          ] 35%
2026-07-09T03:25:12.395Z,smriti9/create-site,Updating DocTypes for smriti_retail_os: [==============                          ] 36%
2026-07-09T03:25:12.395Z,smriti9/create-site,Updating DocTypes for smriti_retail_os: [==============                          ] 36%
2026-07-09T03:25:12.395Z,smriti9/create-site,Updating DocTypes for smriti_retail_os: [===============                         ] 37%
2026-07-09T03:25:12.395Z,smriti9/create-site,Updating DocTypes for smriti_retail_os: [===============                         ] 38%
2026-07-09T03:25:12.395Z,smriti9/create-site,Updating DocTypes for smriti_retail_os: [===============                         ] 38%
2026-07-09T03:25:12.395Z,smriti9/create-site,Updating DocTypes for smriti_retail_os: [===============                         ] 39%
2026-07-09T03:25:12.395Z,smriti9/create-site,Updating DocTypes for smriti_retail_os: [================                        ] 40%
2026-07-09T03:25:12.395Z,smriti9/create-site,Updating DocTypes for smriti_retail_os: [================                        ] 41%
2026-07-09T03:25:12.395Z,smriti9/create-site,Updating DocTypes for smriti_retail_os: [================                        ] 41%
2026-07-09T03:25:12.395Z,smriti9/create-site,Updating DocTypes for smriti_retail_os: [=================                       ] 42%
2026-07-09T03:25:12.395Z,smriti9/create-site,Updating DocTypes for smriti_retail_os: [=================                       ] 43%
2026-07-09T03:25:12.395Z,smriti9/create-site,Updating DocTypes for smriti_retail_os: [=================                       ] 44%
2026-07-09T03:25:12.395Z,smriti9/create-site,Updating DocTypes for smriti_retail_os: [=================                       ] 44%
2026-07-09T03:25:12.395Z,smriti9/create-site,Updating DocTypes for smriti_retail_os: [==================                      ] 45%
2026-07-09T03:25:12.395Z,smriti9/create-site,Updating DocTypes for smriti_retail_os: [==================                      ] 46%
2026-07-09T03:25:12.395Z,smriti9/create-site,Updating DocTypes for smriti_retail_os: [==================                      ] 47%
2026-07-09T03:25:12.395Z,smriti9/create-site,Updating DocTypes for smriti_retail_os: [===================                     ] 47%
2026-07-09T03:25:12.395Z,smriti9/create-site,Updating DocTypes for smriti_retail_os: [===================                     ] 48%
2026-07-09T03:25:12.395Z,smriti9/create-site,Updating DocTypes for smriti_retail_os: [===================                     ] 49%
2026-07-09T03:25:12.395Z,smriti9/create-site,Updating DocTypes for smriti_retail_os: [====================                    ] 50%
2026-07-09T03:25:12.395Z,smriti9/create-site,Updating DocTypes for smriti_retail_os: [====================                    ] 50%
2026-07-09T03:25:12.395Z,smriti9/create-site,Updating DocTypes for smriti_retail_os: [====================                    ] 51%
2026-07-09T03:25:12.395Z,smriti9/create-site,Updating DocTypes for smriti_retail_os: [====================                    ] 52%
2026-07-09T03:25:12.395Z,smriti9/create-site,Updating DocTypes for smriti_retail_os: [=====================                   ] 52%
2026-07-09T03:25:12.395Z,smriti9/create-site,Updating DocTypes for smriti_retail_os: [=====================                   ] 53%
2026-07-09T03:25:12.395Z,smriti9/create-site,Updating DocTypes for smriti_retail_os: [=====================                   ] 54%
2026-07-09T03:25:12.395Z,smriti9/create-site,Updating DocTypes for smriti_retail_os: [======================                  ] 55%
2026-07-09T03:25:12.395Z,smriti9/create-site,Updating DocTypes for smriti_retail_os: [======================                  ] 55%
2026-07-09T03:25:12.395Z,smriti9/create-site,Updating DocTypes for smriti_retail_os: [======================                  ] 56%
2026-07-09T03:25:12.395Z,smriti9/create-site,Updating DocTypes for smriti_retail_os: [======================                  ] 57%
2026-07-09T03:25:12.395Z,smriti9/create-site,Updating DocTypes for smriti_retail_os: [=======================                 ] 58%
2026-07-09T03:25:12.395Z,smriti9/create-site,Updating DocTypes for smriti_retail_os: [=======================                 ] 58%
2026-07-09T03:25:12.395Z,smriti9/create-site,Updating DocTypes for smriti_retail_os: [=======================                 ] 59%
2026-07-09T03:25:12.395Z,smriti9/create-site,Updating DocTypes for smriti_retail_os: [========================                ] 60%
2026-07-09T03:25:12.395Z,smriti9/create-site,Updating DocTypes for smriti_retail_os: [========================                ] 61%
2026-07-09T03:25:12.395Z,smriti9/create-site,Updating DocTypes for smriti_retail_os: [========================                ] 61%
2026-07-09T03:25:12.395Z,smriti9/create-site,Updating DocTypes for smriti_retail_os: [=========================               ] 62%
2026-07-09T03:25:12.395Z,smriti9/create-site,Updating DocTypes for smriti_retail_os: [=========================               ] 63%
2026-07-09T03:25:12.395Z,smriti9/create-site,Updating DocTypes for smriti_retail_os: [=========================               ] 63%
2026-07-09T03:25:12.395Z,smriti9/create-site,Updating DocTypes for smriti_retail_os: [=========================               ] 64%
2026-07-09T03:25:12.395Z,smriti9/create-site,Updating DocTypes for smriti_retail_os: [==========================              ] 65%
2026-07-09T03:25:12.395Z,smriti9/create-site,Updating DocTypes for smriti_retail_os: [==========================              ] 66%
2026-07-09T03:25:12.395Z,smriti9/create-site,Updating DocTypes for smriti_retail_os: [==========================              ] 66%
2026-07-09T03:25:12.395Z,smriti9/create-site,Updating DocTypes for smriti_retail_os: [===========================             ] 67%
2026-07-09T03:25:12.395Z,smriti9/create-site,Updating DocTypes for smriti_retail_os: [===========================             ] 68%
2026-07-09T03:25:12.395Z,smriti9/create-site,Updating DocTypes for smriti_retail_os: [===========================             ] 69%
2026-07-09T03:25:12.395Z,smriti9/create-site,Updating DocTypes for smriti_retail_os: [===========================             ] 69%
2026-07-09T03:25:12.395Z,smriti9/create-site,Updating DocTypes for smriti_retail_os: [============================            ] 70%
2026-07-09T03:25:12.395Z,smriti9/create-site,Updating DocTypes for smriti_retail_os: [============================            ] 71%
2026-07-09T03:25:12.395Z,smriti9/create-site,Updating DocTypes for smriti_retail_os: [============================            ] 72%
2026-07-09T03:25:12.395Z,smriti9/create-site,Updating DocTypes for smriti_retail_os: [=============================           ] 72%
2026-07-09T03:25:12.395Z,smriti9/create-site,Updating DocTypes for smriti_retail_os: [=============================           ] 73%
2026-07-09T03:25:12.395Z,smriti9/create-site,Updating DocTypes for smriti_retail_os: [=============================           ] 74%
2026-07-09T03:25:12.395Z,smriti9/create-site,Updating DocTypes for smriti_retail_os: [==============================          ] 75%
2026-07-09T03:25:12.395Z,smriti9/create-site,Updating DocTypes for smriti_retail_os: [==============================          ] 75%
2026-07-09T03:25:12.395Z,smriti9/create-site,Updating DocTypes for smriti_retail_os: [==============================          ] 76%
2026-07-09T03:25:12.395Z,smriti9/create-site,Updating DocTypes for smriti_retail_os: [==============================          ] 77%
2026-07-09T03:25:12.395Z,smriti9/create-site,Updating DocTypes for smriti_retail_os: [===============================         ] 77%
2026-07-09T03:25:12.395Z,smriti9/create-site,Updating DocTypes for smriti_retail_os: [===============================         ] 78%
2026-07-09T03:25:12.395Z,smriti9/create-site,Updating DocTypes for smriti_retail_os: [===============================         ] 79%
2026-07-09T03:25:12.395Z,smriti9/create-site,Updating DocTypes for smriti_retail_os: [================================        ] 80%
2026-07-09T03:25:12.395Z,smriti9/create-site,Updating DocTypes for smriti_retail_os: [================================        ] 80%
2026-07-09T03:25:12.395Z,smriti9/create-site,Updating DocTypes for smriti_retail_os: [================================        ] 81%
2026-07-09T03:25:12.395Z,smriti9/create-site,Updating DocTypes for smriti_retail_os: [================================        ] 82%
2026-07-09T03:25:12.395Z,smriti9/create-site,Updating DocTypes for smriti_retail_os: [=================================       ] 83%
2026-07-09T03:25:12.395Z,smriti9/create-site,Updating DocTypes for smriti_retail_os: [=================================       ] 83%
2026-07-09T03:25:12.395Z,smriti9/create-site,Updating DocTypes for smriti_retail_os: [=================================       ] 84%
2026-07-09T03:25:12.395Z,smriti9/create-site,Updating DocTypes for smriti_retail_os: [==================================      ] 85%
2026-07-09T03:25:12.395Z,smriti9/create-site,Updating DocTypes for smriti_retail_os: [==================================      ] 86%
2026-07-09T03:25:12.395Z,smriti9/create-site,Updating DocTypes for smriti_retail_os: [==================================      ] 86%
2026-07-09T03:25:12.395Z,smriti9/create-site,Updating DocTypes for smriti_retail_os: [===================================     ] 87%
2026-07-09T03:25:12.395Z,smriti9/create-site,Updating DocTypes for smriti_retail_os: [===================================     ] 88%
2026-07-09T03:25:12.395Z,smriti9/create-site,Updating DocTypes for smriti_retail_os: [===================================     ] 88%
2026-07-09T03:25:12.395Z,smriti9/create-site,Updating DocTypes for smriti_retail_os: [===================================     ] 89%
2026-07-09T03:25:12.395Z,smriti9/create-site,Updating DocTypes for smriti_retail_os: [====================================    ] 90%
2026-07-09T03:25:12.395Z,smriti9/create-site,Updating DocTypes for smriti_retail_os: [====================================    ] 91%
2026-07-09T03:25:12.395Z,smriti9/create-site,Updating DocTypes for smriti_retail_os: [====================================    ] 91%
2026-07-09T03:25:12.395Z,smriti9/create-site,Updating DocTypes for smriti_retail_os: [=====================================   ] 92%
2026-07-09T03:25:12.395Z,smriti9/create-site,Updating DocTypes for smriti_retail_os: [=====================================   ] 93%
2026-07-09T03:25:12.395Z,smriti9/create-site,Updating DocTypes for smriti_retail_os: [=====================================   ] 94%
2026-07-09T03:25:12.395Z,smriti9/create-site,Updating DocTypes for smriti_retail_os: [=====================================   ] 94%
2026-07-09T03:25:12.395Z,smriti9/create-site,Updating DocTypes for smriti_retail_os: [======================================  ] 95%
2026-07-09T03:25:12.395Z,smriti9/create-site,Updating DocTypes for smriti_retail_os: [======================================  ] 96%
2026-07-09T03:25:12.395Z,smriti9/create-site,Updating DocTypes for smriti_retail_os: [======================================  ] 97%
2026-07-09T03:25:12.395Z,smriti9/create-site,Updating DocTypes for smriti_retail_os: [======================================= ] 97%
2026-07-09T03:25:12.395Z,smriti9/create-site,Updating DocTypes for smriti_retail_os: [======================================= ] 98%
2026-07-09T03:25:12.395Z,smriti9/create-site,Updating DocTypes for smriti_retail_os: [======================================= ] 99%
2026-07-09T03:25:12.395Z,smriti9/create-site,Updating DocTypes for smriti_retail_os: [========================================] 100%
2026-07-09T03:25:12.395Z,smriti9/create-site,Executing smriti_retail_os.patches.v1_2_3.purge_stale_mop_and_gst_rows in smriti_retail (_02734b626d19e18d)
2026-07-09T03:25:12.395Z,smriti9/create-site,
2026-07-09T03:25:12.395Z,smriti9/create-site,	Removes orphan rows from Mode of Payment Account and GST Account child
2026-07-09T03:25:12.395Z,smriti9/create-site,	tables where the referenced Company no longer exists.
2026-07-09T03:25:12.395Z,smriti9/create-site,	Safe to run multiple times (idempotent).
2026-07-09T03:25:12.395Z,smriti9/create-site,
2026-07-09T03:25:12.395Z,smriti9/create-site,Failed to execute patch
2026-07-09T03:25:12.395Z,smriti9/create-site,Traceback with variables (most recent call last):
2026-07-09T03:25:12.395Z,smriti9/create-site,"  File ""apps/frappe/frappe/modules/patch_handler.py"", line 62, in run_patch"
2026-07-09T03:25:12.395Z,smriti9/create-site,    if not run_single(patchmodule=patch):
2026-07-09T03:25:12.395Z,smriti9/create-site,      patch = 'smriti_retail_os.patches.v1_2_3.purge_stale_mop_and_gst_rows'
2026-07-09T03:25:12.395Z,smriti9/create-site,      skip_failing = True
2026-07-09T03:25:12.395Z,smriti9/create-site,"  File ""apps/frappe/frappe/modules/patch_handler.py"", line 152, in run_single"
2026-07-09T03:25:12.395Z,smriti9/create-site,"    return execute_patch(patchmodule, method, methodargs)"
2026-07-09T03:25:12.395Z,smriti9/create-site,      patchmodule = 'smriti_retail_os.patches.v1_2_3.purge_stale_mop_and_gst_rows'
2026-07-09T03:25:12.395Z,smriti9/create-site,      method = None
2026-07-09T03:25:12.396Z,smriti9/create-site,      methodargs = None
2026-07-09T03:25:12.396Z,smriti9/create-site,      force = False
2026-07-09T03:25:12.396Z,smriti9/create-site,"      conf = frappe.utils.local.LocalProxy{'allow_cors_origin': 'http://localhost:8080', 'db_host': 'db', 'db_port': 3306, 'redis_cache': 'redis://redis-cache:6379', 'redis_queue': 'redis://redis-queue:6379', 'redis_socketio': 'redis://redis-queue:6379', 'socketio_port': 9000, 'db_name': '_02734b626d19e18d', 'db_password': 'kazEcvTnXUmSSNCE', 'db_type': 'mariadb', 'db_user': '_02734b626d19e18d', 'db_socket': None, 'developer_mode': 0}"
2026-07-09T03:25:12.396Z,smriti9/create-site,"  File ""apps/frappe/frappe/modules/patch_handler.py"", line 188, in execute_patch"
2026-07-09T03:25:12.396Z,smriti9/create-site,    _patch()
2026-07-09T03:25:12.396Z,smriti9/create-site,      patchmodule = 'smriti_retail_os.patches.v1_2_3.purge_stale_mop_and_gst_rows'
2026-07-09T03:25:12.396Z,smriti9/create-site,      method = None
2026-07-09T03:25:12.396Z,smriti9/create-site,      methodargs = None
2026-07-09T03:25:12.396Z,smriti9/create-site,      has_patch_file = True
2026-07-09T03:25:12.396Z,smriti9/create-site,      patch = 'smriti_retail_os.patches.v1_2_3.purge_stale_mop_and_gst_rows.execute'
2026-07-09T03:25:12.396Z,smriti9/create-site,      docstring = '
2026-07-09T03:25:12.396Z,smriti9/create-site,      
2026-07-09T03:25:12.396Z,smriti9/create-site,      	Removes orphan rows from Mode of Payment Account and GST Account child
2026-07-09T03:25:12.396Z,smriti9/create-site,      	tables where the referenced Company no longer exists.
2026-07-09T03:25:12.396Z,smriti9/create-site,      	Safe to run multiple times (idempotent).
2026-07-09T03:25:12.396Z,smriti9/create-site,      '
2026-07-09T03:25:12.396Z,smriti9/create-site,      _patch = <function execute at 0x7c62ec10f530>
2026-07-09T03:25:12.396Z,smriti9/create-site,      start_time = 1150.831743266
2026-07-09T03:25:12.396Z,smriti9/create-site,"  File ""apps/smriti_retail_os/smriti_retail_os/patches/v1_2_3/purge_stale_mop_and_gst_rows.py"", line 36, in execute"
2026-07-09T03:25:12.396Z,smriti9/create-site,    mop_deleted = _purge_table(
2026-07-09T03:25:12.396Z,smriti9/create-site,"  File ""apps/smriti_retail_os/smriti_retail_os/patches/v1_2_3/purge_stale_mop_and_gst_rows.py"", line 65, in _purge_table"
2026-07-09T03:25:12.396Z,smriti9/create-site,    stale = smriti.db.sql(
2026-07-09T03:25:12.396Z,smriti9/create-site,      table = 'tabMode of Payment Account'
2026-07-09T03:25:12.396Z,smriti9/create-site,      company_col = 'company'
2026-07-09T03:25:12.396Z,smriti9/create-site,      label = 'Mode of Payment Account'
2026-07-09T03:25:12.396Z,smriti9/create-site,"  File ""apps/smriti_retail_os/smriti_retail_os/core/platform/db.py"", line 180, in sql"
2026-07-09T03:25:12.396Z,smriti9/create-site,"    return smriti.db.sql(query, values or {}, as_dict=as_dict)"
2026-07-09T03:25:12.396Z,smriti9/create-site,      query = '
2026-07-09T03:25:12.396Z,smriti9/create-site,              SELECT t.name
2026-07-09T03:25:12.396Z,smriti9/create-site,              FROM `tabMode of Payment Account` t
2026-07-09T03:25:12.396Z,smriti9/create-site,              LEFT JOIN `tabCompany` c ON c.name = t.`company`
2026-07-09T03:25:12.396Z,smriti9/create-site,              WHERE c.name IS NULL
2026-07-09T03:25:12.396Z,smriti9/create-site,                AND t.`company` IS NOT NULL
2026-07-09T03:25:12.396Z,smriti9/create-site,                AND t.`company` != ''
2026-07-09T03:25:12.396Z,smriti9/create-site,              '
2026-07-09T03:25:12.396Z,smriti9/create-site,      values = None
2026-07-09T03:25:12.396Z,smriti9/create-site,      as_dict = True
2026-07-09T03:25:12.396Z,smriti9/create-site,      frappe = <module 'frappe' from 'apps/frappe/frappe/__init__.py'>
2026-07-09T03:25:12.396Z,smriti9/create-site,builtins.NameError: name 'smriti' is not defined
2026-07-09T03:25:12.396Z,smriti9/create-site,
2026-07-09T03:25:12.396Z,smriti9/create-site,Executing smriti_retail_os.patches.mark_setup_complete in smriti_retail (_02734b626d19e18d)
2026-07-09T03:25:12.396Z,smriti9/create-site,
2026-07-09T03:25:12.396Z,smriti9/create-site,	Mark ERPNext/Frappe Setup Wizard as complete.
2026-07-09T03:25:12.396Z,smriti9/create-site,	Prevents wizard appearing on fresh or reset sites.
2026-07-09T03:25:12.396Z,smriti9/create-site,
2026-07-09T03:25:12.396Z,smriti9/create-site,✅ System Settings.setup_complete = 1
2026-07-09T03:25:12.396Z,smriti9/create-site,⚠ tabSingles patch skipped: name 'smriti' is not defined
2026-07-09T03:25:12.396Z,smriti9/create-site,Failed to execute patch
2026-07-09T03:25:12.396Z,smriti9/create-site,Traceback with variables (most recent call last):
2026-07-09T03:25:12.396Z,smriti9/create-site,"  File ""apps/frappe/frappe/modules/patch_handler.py"", line 62, in run_patch"
2026-07-09T03:25:12.396Z,smriti9/create-site,    if not run_single(patchmodule=patch):
2026-07-09T03:25:12.396Z,smriti9/create-site,      patch = 'smriti_retail_os.patches.mark_setup_complete'
2026-07-09T03:25:12.396Z,smriti9/create-site,      skip_failing = True
2026-07-09T03:25:12.396Z,smriti9/create-site,"  File ""apps/frappe/frappe/modules/patch_handler.py"", line 152, in run_single"
2026-07-09T03:25:12.396Z,smriti9/create-site,"    return execute_patch(patchmodule, method, methodargs)"
2026-07-09T03:25:12.396Z,smriti9/create-site,      patchmodule = 'smriti_retail_os.patches.mark_setup_complete'
2026-07-09T03:25:12.396Z,smriti9/create-site,      method = None
2026-07-09T03:25:12.396Z,smriti9/create-site,      methodargs = None
2026-07-09T03:25:12.396Z,smriti9/create-site,      force = False
2026-07-09T03:25:12.396Z,smriti9/create-site,"      conf = frappe.utils.local.LocalProxy{'allow_cors_origin': 'http://localhost:8080', 'db_host': 'db', 'db_port': 3306, 'redis_cache': 'redis://redis-cache:6379', 'redis_queue': 'redis://redis-queue:6379', 'redis_socketio': 'redis://redis-queue:6379', 'socketio_port': 9000, 'db_name': '_02734b626d19e18d', 'db_password': 'kazEcvTnXUmSSNCE', 'db_type': 'mariadb', 'db_user': '_02734b626d19e18d', 'db_socket': None, 'developer_mode': 0}"
2026-07-09T03:25:12.396Z,smriti9/create-site,"  File ""apps/frappe/frappe/modules/patch_handler.py"", line 188, in execute_patch"
2026-07-09T03:25:12.396Z,smriti9/create-site,    _patch()
2026-07-09T03:25:12.396Z,smriti9/create-site,      patchmodule = 'smriti_retail_os.patches.mark_setup_complete'
2026-07-09T03:25:12.396Z,smriti9/create-site,      method = None
2026-07-09T03:25:12.396Z,smriti9/create-site,      methodargs = None
2026-07-09T03:25:12.396Z,smriti9/create-site,      has_patch_file = True
2026-07-09T03:25:12.396Z,smriti9/create-site,      patch = 'smriti_retail_os.patches.mark_setup_complete.execute'
2026-07-09T03:25:12.396Z,smriti9/create-site,      docstring = '
2026-07-09T03:25:12.396Z,smriti9/create-site,      
2026-07-09T03:25:12.396Z,smriti9/create-site,      	Mark ERPNext/Frappe Setup Wizard as complete.
2026-07-09T03:25:12.396Z,smriti9/create-site,      	Prevents wizard appearing on fresh or reset sites.
2026-07-09T03:25:12.396Z,smriti9/create-site,      '
2026-07-09T03:25:12.396Z,smriti9/create-site,      _patch = <function execute at 0x7c62ec10fd70>
2026-07-09T03:25:12.396Z,smriti9/create-site,      start_time = 1150.969576112
2026-07-09T03:25:12.396Z,smriti9/create-site,"  File ""apps/smriti_retail_os/smriti_retail_os/patches/mark_setup_complete.py"", line 43, in execute"
2026-07-09T03:25:12.396Z,smriti9/create-site,    smriti.db.commit()
2026-07-09T03:25:12.396Z,smriti9/create-site,"  File ""apps/smriti_retail_os/smriti_retail_os/core/platform/db.py"", line 189, in commit"
2026-07-09T03:25:12.396Z,smriti9/create-site,    smriti.db.commit()
2026-07-09T03:25:12.396Z,smriti9/create-site,      frappe = <module 'frappe' from 'apps/frappe/frappe/__init__.py'>
2026-07-09T03:25:12.396Z,smriti9/create-site,builtins.NameError: name 'smriti' is not defined
2026-07-09T03:25:12.396Z,smriti9/create-site,
2026-07-09T03:25:12.396Z,smriti9/create-site,Executing smriti_retail_os.patches.add_smriti_feature_flag in smriti_retail (_02734b626d19e18d)
2026-07-09T03:25:12.396Z,smriti9/create-site,
2026-07-09T03:25:12.396Z,smriti9/create-site,	Add custom_smriti_frontend_enabled field to System Settings.
2026-07-09T03:25:12.396Z,smriti9/create-site,	Allows instant disable of SMRITI frontend if production breaks.
2026-07-09T03:25:12.396Z,smriti9/create-site,	Default: 1 (enabled).
2026-07-09T03:25:12.396Z,smriti9/create-site,
2026-07-09T03:25:12.396Z,smriti9/create-site,Failed to execute patch
2026-07-09T03:25:12.396Z,smriti9/create-site,Traceback with variables (most recent call last):
2026-07-09T03:25:12.396Z,smriti9/create-site,"  File ""apps/frappe/frappe/modules/patch_handler.py"", line 62, in run_patch"
2026-07-09T03:25:12.396Z,smriti9/create-site,    if not run_single(patchmodule=patch):
2026-07-09T03:25:12.396Z,smriti9/create-site,      patch = 'smriti_retail_os.patches.add_smriti_feature_flag'
2026-07-09T03:25:12.396Z,smriti9/create-site,      skip_failing = True
2026-07-09T03:25:12.396Z,smriti9/create-site,"  File ""apps/frappe/frappe/modules/patch_handler.py"", line 152, in run_single"
2026-07-09T03:25:12.396Z,smriti9/create-site,"    return execute_patch(patchmodule, method, methodargs)"
2026-07-09T03:25:12.396Z,smriti9/create-site,      patchmodule = 'smriti_retail_os.patches.add_smriti_feature_flag'
2026-07-09T03:25:12.396Z,smriti9/create-site,      method = None
2026-07-09T03:25:12.396Z,smriti9/create-site,      methodargs = None
2026-07-09T03:25:12.396Z,smriti9/create-site,      force = False
2026-07-09T03:25:12.396Z,smriti9/create-site,"      conf = frappe.utils.local.LocalProxy{'allow_cors_origin': 'http://localhost:8080', 'db_host': 'db', 'db_port': 3306, 'redis_cache': 'redis://redis-cache:6379', 'redis_queue': 'redis://redis-queue:6379', 'redis_socketio': 'redis://redis-queue:6379', 'socketio_port': 9000, 'db_name': '_02734b626d19e18d', 'db_password': 'kazEcvTnXUmSSNCE', 'db_type': 'mariadb', 'db_user': '_02734b626d19e18d', 'db_socket': None, 'developer_mode': 0}"
2026-07-09T03:25:12.396Z,smriti9/create-site,"  File ""apps/frappe/frappe/modules/patch_handler.py"", line 188, in execute_patch"
2026-07-09T03:25:12.396Z,smriti9/create-site,    _patch()
2026-07-09T03:25:12.396Z,smriti9/create-site,      patchmodule = 'smriti_retail_os.patches.add_smriti_feature_flag'
2026-07-09T03:25:12.396Z,smriti9/create-site,      method = None
2026-07-09T03:25:12.396Z,smriti9/create-site,      methodargs = None
2026-07-09T03:25:12.396Z,smriti9/create-site,      has_patch_file = True
2026-07-09T03:25:12.396Z,smriti9/create-site,      patch = 'smriti_retail_os.patches.add_smriti_feature_flag.execute'
2026-07-09T03:25:12.396Z,smriti9/create-site,      docstring = '
2026-07-09T03:25:12.396Z,smriti9/create-site,      
2026-07-09T03:25:12.396Z,smriti9/create-site,      	Add custom_smriti_frontend_enabled field to System Settings.
2026-07-09T03:25:12.396Z,smriti9/create-site,      	Allows instant disable of SMRITI frontend if production breaks.
2026-07-09T03:25:12.396Z,smriti9/create-site,      	Default: 1 (enabled).
2026-07-09T03:25:12.396Z,smriti9/create-site,      '
2026-07-09T03:25:12.396Z,smriti9/create-site,      _patch = <function execute at 0x7c62ec10fe20>
2026-07-09T03:25:12.396Z,smriti9/create-site,      start_time = 1151.009220559
2026-07-09T03:25:12.396Z,smriti9/create-site,"  File ""apps/smriti_retail_os/smriti_retail_os/patches/add_smriti_feature_flag.py"", line 40, in execute"
2026-07-09T03:25:12.396Z,smriti9/create-site,    smriti.db.commit()
2026-07-09T03:25:12.396Z,smriti9/create-site,      create_custom_fields = <function create_custom_fields at 0x7c62ee30a140>
2026-07-09T03:25:12.396Z,smriti9/create-site,"  File ""apps/smriti_retail_os/smriti_retail_os/core/platform/db.py"", line 189, in commit"
2026-07-09T03:25:12.396Z,smriti9/create-site,    smriti.db.commit()
2026-07-09T03:25:12.396Z,smriti9/create-site,      frappe = <module 'frappe' from 'apps/frappe/frappe/__init__.py'>
2026-07-09T03:25:12.396Z,smriti9/create-site,builtins.NameError: name 'smriti' is not defined
2026-07-09T03:25:12.396Z,smriti9/create-site,
2026-07-09T03:25:12.396Z,smriti9/create-site,Executing smriti_retail_os.patches.seed_default_terms in smriti_retail (_02734b626d19e18d)
2026-07-09T03:25:12.396Z,smriti9/create-site,
2026-07-09T03:25:12.396Z,smriti9/create-site,	Migration patch to seed 20 default SMRITI Business Dictionary terms.
2026-07-09T03:25:12.396Z,smriti9/create-site,	Uses a 2-phase approach to avoid forward-reference LinkValidationErrors.
2026-07-09T03:25:12.396Z,smriti9/create-site,
2026-07-09T03:25:12.396Z,smriti9/create-site,Phase 1: Seeding 52 SMRITI Business Dictionary terms...
2026-07-09T03:25:12.396Z,smriti9/create-site,Failed to execute patch
2026-07-09T03:25:12.396Z,smriti9/create-site,Traceback with variables (most recent call last):
2026-07-09T03:25:12.396Z,smriti9/create-site,"  File ""apps/frappe/frappe/modules/patch_handler.py"", line 62, in run_patch"
2026-07-09T03:25:12.396Z,smriti9/create-site,    if not run_single(patchmodule=patch):
2026-07-09T03:25:12.396Z,smriti9/create-site,      patch = 'smriti_retail_os.patches.seed_default_terms'
2026-07-09T03:25:12.396Z,smriti9/create-site,      skip_failing = True
2026-07-09T03:25:12.396Z,smriti9/create-site,"  File ""apps/frappe/frappe/modules/patch_handler.py"", line 152, in run_single"
2026-07-09T03:25:12.396Z,smriti9/create-site,"    return execute_patch(patchmodule, method, methodargs)"
2026-07-09T03:25:12.396Z,smriti9/create-site,      patchmodule = 'smriti_retail_os.patches.seed_default_terms'
2026-07-09T03:25:12.396Z,smriti9/create-site,      method = None
2026-07-09T03:25:12.396Z,smriti9/create-site,      methodargs = None
2026-07-09T03:25:12.396Z,smriti9/create-site,      force = False
2026-07-09T03:25:12.396Z,smriti9/create-site,"      conf = frappe.utils.local.LocalProxy{'allow_cors_origin': 'http://localhost:8080', 'db_host': 'db', 'db_port': 3306, 'redis_cache': 'redis://redis-cache:6379', 'redis_queue': 'redis://redis-queue:6379', 'redis_socketio': 'redis://redis-queue:6379', 'socketio_port': 9000, 'db_name': '_02734b626d19e18d', 'db_password': 'kazEcvTnXUmSSNCE', 'db_type': 'mariadb', 'db_user': '_02734b626d19e18d', 'db_socket': None, 'developer_mode': 0}"
2026-07-09T03:25:12.396Z,smriti9/create-site,"  File ""apps/frappe/frappe/modules/patch_handler.py"", line 188, in execute_patch"
2026-07-09T03:25:12.396Z,smriti9/create-site,    _patch()
2026-07-09T03:25:12.396Z,smriti9/create-site,      patchmodule = 'smriti_retail_os.patches.seed_default_terms'
2026-07-09T03:25:12.396Z,smriti9/create-site,      method = None
2026-07-09T03:25:12.396Z,smriti9/create-site,      methodargs = None
2026-07-09T03:25:12.396Z,smriti9/create-site,      has_patch_file = True
2026-07-09T03:25:12.396Z,smriti9/create-site,      patch = 'smriti_retail_os.patches.seed_default_terms.execute'
2026-07-09T03:25:12.396Z,smriti9/create-site,      docstring = '
2026-07-09T03:25:12.396Z,smriti9/create-site,      
2026-07-09T03:25:12.396Z,smriti9/create-site,      	Migration patch to seed 20 default SMRITI Business Dictionary terms.
2026-07-09T03:25:12.396Z,smriti9/create-site,      	Uses a 2-phase approach to avoid forward-reference LinkValidationErrors.
2026-07-09T03:25:12.396Z,smriti9/create-site,      '
2026-07-09T03:25:12.396Z,smriti9/create-site,      _patch = <function execute at 0x7c62e7370a90>
2026-07-09T03:25:12.396Z,smriti9/create-site,      start_time = 1151.362048932
2026-07-09T03:25:12.396Z,smriti9/create-site,"  File ""apps/smriti_retail_os/smriti_retail_os/patches/seed_default_terms.py"", line 1209, in execute"
2026-07-09T03:25:12.396Z,smriti9/create-site,"    exists_name = smriti.db.exists(""SMRITI Business Term"", {""term_id"": t[""term_id""], ""term_version"": t[""dictionary_version""]})"
2026-07-09T03:25:12.396Z,smriti9/create-site,"      default_terms = [{'term_id': 'PSA', 'term_name': 'Party Stock Account', 'term_category': 'Distribution', 'definition': 'Party Stock Account maintains the ledger balances and visibility tracking of stock held by channel partners.', 'hinglish_definition': 'Distributors ya channel partners ke stock balances aur Inventory Visibility Layer calculations ko track karne wala internal ledger master.', 'term_aliases': ['PSA', 'Stock Account', 'Channel Account'], 'manual_reference': 'Volume 3 > Distribution Operations', 'training_reference': 'TRN-DIST-PSA', 'related_formulas': [], 'related_terms': ['PSV', 'Party Stock Ledger'], 'faq': [{'q': 'Does PSA replace ERPNext warehouses?', 'a': 'No, it reads ERPNext master ..._key': 'closing_balance', 'projection_path': 'GL Entry.credit', 'entity_type': 'GL Entry', 'data_type': 'Currency', 'measure_or_dimension': 'Measure', 'is_groupable': 0, 'is_filterable': 0, 'is_reportable': 1, 'default_aggregation': 'Sum', 'approval_status': 'Approved', 'dictionary_version': '1.0'}]"
2026-07-09T03:25:12.396Z,smriti9/create-site,"      reporting_terms = [{'term_id': 'item_code', 'term_name': 'Item Code', 'term_category': 'Sales', 'definition': 'Unique alphanumeric code of the item variant.', 'hinglish_definition': 'Item variant ka unique code identifier.', 'term_aliases': ['item_code', 'sku'], 'manual_reference': 'Volume 3 > Products', 'training_reference': 'TRN-INV-ITEM', 'related_formulas': [], 'related_terms': [], 'faq': [], 'common_mistakes': [], 'dictionary_key': 'item_code', 'projection_path': 'POS Invoice Item.item_code', 'entity_type': 'POS Invoice Item', 'data_type': 'Link', 'measure_or_dimension': 'Dimension', 'is_groupable': 1, 'is_filterable': 1, 'is_reportable': 1, 'default_aggregation': 'None', 'approval_status': 'Approved'..._key': 'closing_balance', 'projection_path': 'GL Entry.credit', 'entity_type': 'GL Entry', 'data_type': 'Currency', 'measure_or_dimension': 'Measure', 'is_groupable': 0, 'is_filterable': 0, 'is_reportable': 1, 'default_aggregation': 'Sum', 'approval_status': 'Approved', 'dictionary_version': '1.0'}]"
2026-07-09T03:25:12.396Z,smriti9/create-site,"      t = {'term_id': 'PSA', 'term_name': 'Party Stock Account', 'term_category': 'Distribution', 'definition': 'Party Stock Account maintains the ledger balances and visibility tracking of stock held by channel partners.', 'hinglish_definition': 'Distributors ya channel partners ke stock balances aur Inventory Visibility Layer calculations ko track karne wala internal ledger master.', 'term_aliases': ['PSA', 'Stock Account', 'Channel Account'], 'manual_reference': 'Volume 3 > Distribution Operations', 'training_reference': 'TRN-DIST-PSA', 'related_formulas': [], 'related_terms': ['PSV', 'Party Stock Ledger'], 'faq': [{'q': 'Does PSA replace ERPNext warehouses?', 'a': 'No, it reads ERPNext master data...ext General Ledger.'}], 'dictionary_key': 'psa', 'projection_path': '', 'entity_type': '', 'data_type': 'String', 'measure_or_dimension': 'Dimension', 'is_groupable': 0, 'is_filterable': 0, 'is_reportable': 0, 'default_aggregation': 'None', 'approval_status': 'Approved', 'dictionary_version': '1.0'}"
2026-07-09T03:25:12.396Z,smriti9/create-site,"  File ""apps/smriti_retail_os/smriti_retail_os/core/platform/db.py"", line 135, in exists"
2026-07-09T03:25:12.396Z,smriti9/create-site,"    return bool(smriti.db.exists(resolve(model_name), filters))"
2026-07-09T03:25:12.396Z,smriti9/create-site,      model_name = 'SMRITI Business Term'
2026-07-09T03:25:12.396Z,smriti9/create-site,"      filters = {'term_id': 'PSA', 'term_version': '1.0'}"
2026-07-09T03:25:12.396Z,smriti9/create-site,      frappe = <module 'frappe' from 'apps/frappe/frappe/__init__.py'>
2026-07-09T03:25:12.396Z,smriti9/create-site,builtins.NameError: name 'smriti' is not defined
2026-07-09T03:25:12.396Z,smriti9/create-site,
2026-07-09T03:25:12.396Z,smriti9/create-site,Executing smriti_retail_os.patches.seed_knowledge_kpi in smriti_retail (_02734b626d19e18d)
2026-07-09T03:25:12.396Z,smriti9/create-site,Failed to execute patch
2026-07-09T03:25:12.396Z,smriti9/create-site,Traceback with variables (most recent call last):
2026-07-09T03:25:12.396Z,smriti9/create-site,"  File ""apps/frappe/frappe/modules/patch_handler.py"", line 62, in run_patch"
2026-07-09T03:25:12.396Z,smriti9/create-site,    if not run_single(patchmodule=patch):
2026-07-09T03:25:12.396Z,smriti9/create-site,      patch = 'smriti_retail_os.patches.seed_knowledge_kpi'
2026-07-09T03:25:12.396Z,smriti9/create-site,      skip_failing = True
2026-07-09T03:25:12.396Z,smriti9/create-site,"  File ""apps/frappe/frappe/modules/patch_handler.py"", line 152, in run_single"
2026-07-09T03:25:12.396Z,smriti9/create-site,"    return execute_patch(patchmodule, method, methodargs)"
2026-07-09T03:25:12.396Z,smriti9/create-site,      patchmodule = 'smriti_retail_os.patches.seed_knowledge_kpi'
2026-07-09T03:25:12.396Z,smriti9/create-site,      method = None
2026-07-09T03:25:12.396Z,smriti9/create-site,      methodargs = None
2026-07-09T03:25:12.396Z,smriti9/create-site,      force = False
2026-07-09T03:25:12.396Z,smriti9/create-site,"      conf = frappe.utils.local.LocalProxy{'allow_cors_origin': 'http://localhost:8080', 'db_host': 'db', 'db_port': 3306, 'redis_cache': 'redis://redis-cache:6379', 'redis_queue': 'redis://redis-queue:6379', 'redis_socketio': 'redis://redis-queue:6379', 'socketio_port': 9000, 'db_name': '_02734b626d19e18d', 'db_password': 'kazEcvTnXUmSSNCE', 'db_type': 'mariadb', 'db_user': '_02734b626d19e18d', 'db_socket': None, 'developer_mode': 0}"
2026-07-09T03:25:12.396Z,smriti9/create-site,"  File ""apps/frappe/frappe/modules/patch_handler.py"", line 188, in execute_patch"
2026-07-09T03:25:12.396Z,smriti9/create-site,    _patch()
2026-07-09T03:25:12.396Z,smriti9/create-site,      patchmodule = 'smriti_retail_os.patches.seed_knowledge_kpi'
2026-07-09T03:25:12.396Z,smriti9/create-site,      method = None
2026-07-09T03:25:12.396Z,smriti9/create-site,      methodargs = None
2026-07-09T03:25:12.396Z,smriti9/create-site,      has_patch_file = True
2026-07-09T03:25:12.396Z,smriti9/create-site,      patch = 'smriti_retail_os.patches.seed_knowledge_kpi.execute'
2026-07-09T03:25:12.396Z,smriti9/create-site,      docstring = ''
2026-07-09T03:25:12.396Z,smriti9/create-site,      _patch = <function execute at 0x7c62e7371a60>
2026-07-09T03:25:12.396Z,smriti9/create-site,      start_time = 1151.404557305
2026-07-09T03:25:12.396Z,smriti9/create-site,"  File ""apps/smriti_retail_os/smriti_retail_os/patches/seed_knowledge_kpi.py"", line 58, in execute"
2026-07-09T03:25:12.396Z,smriti9/create-site,    doc_name = smriti.db.get(
2026-07-09T03:25:12.396Z,smriti9/create-site,"      f = {'formula_id': 'GOV-001', 'formula_name': 'Knowledge Coverage %', 'formula_version': '1.0.0', 'formula_category': 'Governance', 'status': 'Approved', 'is_active': 1, 'effective_date': '2026-06-19', 'implementation_reference': 'services/knowledge_service.py::calculate_knowledge_coverage', 'dependent_features': '[""Knowledge Center"", ""Business Dictionary"", ""Explain Engine""]', 'formula_expression': 'knowledge_coverage_percent = (complete_terms / total_active_terms) * 100', 'formula_language': 'documentation', 'variables_and_inputs': '{""complete_terms"": ""Number of active terms containing definition + FAQ + manual ref + training ref"", ""total_active_terms"": ""Total count of active glossary terms""}',...."", ""bands"": [{""min"": 0, ""max"": 50, ""label"": ""Critical""}, {""min"": 50, ""max"": 80, ""label"": ""Monitor""}, {""min"": 80, ""max"": 100, ""label"": ""Healthy""}], ""actions"": [""Complete missing FAQs or references in the Business Dictionary"", ""Ensure all new terms have standard fields filled out before approval""]}'}"
2026-07-09T03:25:12.396Z,smriti9/create-site,"  File ""apps/smriti_retail_os/smriti_retail_os/core/platform/db.py"", line 47, in get"
2026-07-09T03:25:12.396Z,smriti9/create-site,"    return smriti.db.get(resolve(model_name), name, fields, as_dict=as_dict)"
2026-07-09T03:25:12.396Z,smriti9/create-site,      model_name = 'SMRITI Formula Definition'
2026-07-09T03:25:12.396Z,smriti9/create-site,"      name = {'formula_id': 'GOV-001', 'formula_version': '1.0.0'}"
2026-07-09T03:25:12.396Z,smriti9/create-site,      fields = 'name'
2026-07-09T03:25:12.396Z,smriti9/create-site,      as_dict = True
2026-07-09T03:25:12.396Z,smriti9/create-site,      frappe = <module 'frappe' from 'apps/frappe/frappe/__init__.py'>
2026-07-09T03:25:12.396Z,smriti9/create-site,builtins.NameError: name 'smriti' is not defined
2026-07-09T03:25:12.396Z,smriti9/create-site,
2026-07-09T03:25:12.396Z,smriti9/create-site,Executing smriti_retail_os.patches.add_psv_ledger_active_table_composite_index in smriti_retail (_02734b626d19e18d)
2026-07-09T03:25:12.396Z,smriti9/create-site,Failed to execute patch
2026-07-09T03:25:12.396Z,smriti9/create-site,Traceback with variables (most recent call last):
2026-07-09T03:25:12.396Z,smriti9/create-site,"  File ""apps/frappe/frappe/modules/patch_handler.py"", line 62, in run_patch"
2026-07-09T03:25:12.396Z,smriti9/create-site,    if not run_single(patchmodule=patch):
2026-07-09T03:25:12.396Z,smriti9/create-site,      patch = 'smriti_retail_os.patches.add_psv_ledger_active_table_composite_index'
2026-07-09T03:25:12.396Z,smriti9/create-site,      skip_failing = True
2026-07-09T03:25:12.396Z,smriti9/create-site,"  File ""apps/frappe/frappe/modules/patch_handler.py"", line 152, in run_single"
2026-07-09T03:25:12.396Z,smriti9/create-site,"    return execute_patch(patchmodule, method, methodargs)"
2026-07-09T03:25:12.396Z,smriti9/create-site,      patchmodule = 'smriti_retail_os.patches.add_psv_ledger_active_table_composite_index'
2026-07-09T03:25:12.396Z,smriti9/create-site,      method = None
2026-07-09T03:25:12.396Z,smriti9/create-site,      methodargs = None
2026-07-09T03:25:12.396Z,smriti9/create-site,      force = False
2026-07-09T03:25:12.396Z,smriti9/create-site,"      conf = frappe.utils.local.LocalProxy{'allow_cors_origin': 'http://localhost:8080', 'db_host': 'db', 'db_port': 3306, 'redis_cache': 'redis://redis-cache:6379', 'redis_queue': 'redis://redis-queue:6379', 'redis_socketio': 'redis://redis-queue:6379', 'socketio_port': 9000, 'db_name': '_02734b626d19e18d', 'db_password': 'kazEcvTnXUmSSNCE', 'db_type': 'mariadb', 'db_user': '_02734b626d19e18d', 'db_socket': None, 'developer_mode': 0}"
2026-07-09T03:25:12.396Z,smriti9/create-site,"  File ""apps/frappe/frappe/modules/patch_handler.py"", line 188, in execute_patch"
2026-07-09T03:25:12.396Z,smriti9/create-site,    _patch()
2026-07-09T03:25:12.396Z,smriti9/create-site,      patchmodule = 'smriti_retail_os.patches.add_psv_ledger_active_table_composite_index'
2026-07-09T03:25:12.396Z,smriti9/create-site,      method = None
2026-07-09T03:25:12.396Z,smriti9/create-site,      methodargs = None
2026-07-09T03:25:12.396Z,smriti9/create-site,      has_patch_file = True
2026-07-09T03:25:12.396Z,smriti9/create-site,      patch = 'smriti_retail_os.patches.add_psv_ledger_active_table_composite_index.execute'
2026-07-09T03:25:12.396Z,smriti9/create-site,      docstring = ''
2026-07-09T03:25:12.396Z,smriti9/create-site,      _patch = <function execute at 0x7c62e7371e80>
2026-07-09T03:25:12.396Z,smriti9/create-site,      start_time = 1151.454719556
2026-07-09T03:25:12.396Z,smriti9/create-site,"  File ""apps/smriti_retail_os/smriti_retail_os/patches/add_psv_ledger_active_table_composite_index.py"", line 27, in execute"
2026-07-09T03:25:12.396Z,smriti9/create-site,    existing = smriti.db.sql(
2026-07-09T03:25:12.396Z,smriti9/create-site,      doctype_name = 'PSV Ledger Entry'
2026-07-09T03:25:12.396Z,smriti9/create-site,      table_name = 'tabPSV Ledger Entry'
2026-07-09T03:25:12.396Z,smriti9/create-site,      index_name = 'smriti_psv_ledger_company_cp_variant'
2026-07-09T03:25:12.396Z,smriti9/create-site,"  File ""apps/smriti_retail_os/smriti_retail_os/core/platform/db.py"", line 180, in sql"
2026-07-09T03:25:12.396Z,smriti9/create-site,"    return smriti.db.sql(query, values or {}, as_dict=as_dict)"
2026-07-09T03:25:12.396Z,smriti9/create-site,      query = '
2026-07-09T03:25:12.396Z,smriti9/create-site,              SELECT COUNT(*) 
2026-07-09T03:25:12.396Z,smriti9/create-site,              FROM information_schema.statistics
2026-07-09T03:25:12.396Z,smriti9/create-site,              WHERE table_schema = DATABASE()
2026-07-09T03:25:12.396Z,smriti9/create-site,                AND table_name = %s
2026-07-09T03:25:12.396Z,smriti9/create-site,                AND index_name = %s
2026-07-09T03:25:12.396Z,smriti9/create-site,              '
2026-07-09T03:25:12.396Z,smriti9/create-site,"      values = ('tabPSV Ledger Entry', 'smriti_psv_ledger_company_cp_variant')"
2026-07-09T03:25:12.396Z,smriti9/create-site,      as_dict = True
2026-07-09T03:25:12.396Z,smriti9/create-site,      frappe = <module 'frappe' from 'apps/frappe/frappe/__init__.py'>
2026-07-09T03:25:12.396Z,smriti9/create-site,builtins.NameError: name 'smriti' is not defined
2026-07-09T03:25:12.396Z,smriti9/create-site,
2026-07-09T03:25:12.396Z,smriti9/create-site,Executing smriti_retail_os.patches.seed_printability_formula in smriti_retail (_02734b626d19e18d)
2026-07-09T03:25:12.396Z,smriti9/create-site,Failed to execute patch
2026-07-09T03:25:12.396Z,smriti9/create-site,Traceback with variables (most recent call last):
2026-07-09T03:25:12.396Z,smriti9/create-site,"  File ""apps/frappe/frappe/modules/patch_handler.py"", line 62, in run_patch"
2026-07-09T03:25:12.396Z,smriti9/create-site,    if not run_single(patchmodule=patch):
2026-07-09T03:25:12.396Z,smriti9/create-site,      patch = 'smriti_retail_os.patches.seed_printability_formula'
2026-07-09T03:25:12.396Z,smriti9/create-site,      skip_failing = True
2026-07-09T03:25:12.396Z,smriti9/create-site,"  File ""apps/frappe/frappe/modules/patch_handler.py"", line 152, in run_single"
2026-07-09T03:25:12.396Z,smriti9/create-site,"    return execute_patch(patchmodule, method, methodargs)"
2026-07-09T03:25:12.396Z,smriti9/create-site,      patchmodule = 'smriti_retail_os.patches.seed_printability_formula'
2026-07-09T03:25:12.396Z,smriti9/create-site,      method = None
2026-07-09T03:25:12.396Z,smriti9/create-site,      methodargs = None
2026-07-09T03:25:12.396Z,smriti9/create-site,      force = False
2026-07-09T03:25:12.396Z,smriti9/create-site,"      conf = frappe.utils.local.LocalProxy{'allow_cors_origin': 'http://localhost:8080', 'db_host': 'db', 'db_port': 3306, 'redis_cache': 'redis://redis-cache:6379', 'redis_queue': 'redis://redis-queue:6379', 'redis_socketio': 'redis://redis-queue:6379', 'socketio_port': 9000, 'db_name': '_02734b626d19e18d', 'db_password': 'kazEcvTnXUmSSNCE', 'db_type': 'mariadb', 'db_user': '_02734b626d19e18d', 'db_socket': None, 'developer_mode': 0}"
2026-07-09T03:25:12.396Z,smriti9/create-site,"  File ""apps/frappe/frappe/modules/patch_handler.py"", line 188, in execute_patch"
2026-07-09T03:25:12.396Z,smriti9/create-site,    _patch()
2026-07-09T03:25:12.396Z,smriti9/create-site,      patchmodule = 'smriti_retail_os.patches.seed_printability_formula'
2026-07-09T03:25:12.396Z,smriti9/create-site,      method = None
2026-07-09T03:25:12.396Z,smriti9/create-site,      methodargs = None
2026-07-09T03:25:12.396Z,smriti9/create-site,      has_patch_file = True
2026-07-09T03:25:12.396Z,smriti9/create-site,      patch = 'smriti_retail_os.patches.seed_printability_formula.execute'
2026-07-09T03:25:12.396Z,smriti9/create-site,      docstring = ''
2026-07-09T03:25:12.396Z,smriti9/create-site,      _patch = <function execute at 0x7c62e7372140>
2026-07-09T03:25:12.396Z,smriti9/create-site,      start_time = 1151.497187104
2026-07-09T03:25:12.396Z,smriti9/create-site,"  File ""apps/smriti_retail_os/smriti_retail_os/patches/seed_printability_formula.py"", line 66, in execute"
2026-07-09T03:25:12.396Z,smriti9/create-site,    doc_name = smriti.db.get(
2026-07-09T03:25:12.396Z,smriti9/create-site,"      formula = {'formula_id': 'SMRITI-PRN-SCORE-01', 'formula_name': 'Printability Score Engine', 'formula_version': '1.0.0', 'formula_category': 'Audit', 'status': 'Approved', 'is_active': 1, 'effective_date': '2026-06-20', 'implementation_reference': 'barcode_api.py::calculate_printability_score', 'dependent_features': '[""Barcode Studio"", ""Label Customization""]', 'formula_expression': 'printability_score = margin_safety_score + quiet_zone_score + text_overflow_score + density_compliance_score + collision_score', 'formula_language': 'documentation', 'variables_and_inputs': '{""margin_safety_score"": ""Score based on elements remaining inside safe margins (max 25)"", ""quiet_zone_score"": ""Score based on barcode...Quiet Zone = 25/25, Text Overflow = 10/20, Density = 12/15, Collision = 10/15 => Total = 82."", ""weights"": {""margin"": 25, ""quiet_zone"": 25, ""overflow"": 20, ""density"": 15, ""collision"": 15}, ""grade_bands"": {""A+"": [95, 100], ""A"": [90, 94], ""B"": [80, 89], ""C"": [70, 79], ""F"": [0, 69]}, ""version"": ""1.0""}'}"
2026-07-09T03:25:12.396Z,smriti9/create-site,"  File ""apps/smriti_retail_os/smriti_retail_os/core/platform/db.py"", line 47, in get"
2026-07-09T03:25:12.396Z,smriti9/create-site,"    return smriti.db.get(resolve(model_name), name, fields, as_dict=as_dict)"
2026-07-09T03:25:12.396Z,smriti9/create-site,      model_name = 'SMRITI Formula Definition'
2026-07-09T03:25:12.396Z,smriti9/create-site,"      name = {'formula_id': 'SMRITI-PRN-SCORE-01', 'formula_version': '1.0.0'}"
2026-07-09T03:25:12.396Z,smriti9/create-site,      fields = 'name'
2026-07-09T03:25:12.396Z,smriti9/create-site,      as_dict = True
2026-07-09T03:25:12.396Z,smriti9/create-site,      frappe = <module 'frappe' from 'apps/frappe/frappe/__init__.py'>
2026-07-09T03:25:12.396Z,smriti9/create-site,builtins.NameError: name 'smriti' is not defined
2026-07-09T03:25:12.396Z,smriti9/create-site,
2026-07-09T03:25:12.396Z,smriti9/create-site,Executing smriti_retail_os.patches.seed_telemetry_meta in smriti_retail (_02734b626d19e18d)
2026-07-09T03:25:12.396Z,smriti9/create-site,Failed to execute patch
2026-07-09T03:25:12.396Z,smriti9/create-site,Traceback with variables (most recent call last):
2026-07-09T03:25:12.396Z,smriti9/create-site,"  File ""apps/frappe/frappe/modules/patch_handler.py"", line 62, in run_patch"
2026-07-09T03:25:12.396Z,smriti9/create-site,    if not run_single(patchmodule=patch):
2026-07-09T03:25:12.396Z,smriti9/create-site,      patch = 'smriti_retail_os.patches.seed_telemetry_meta'
2026-07-09T03:25:12.396Z,smriti9/create-site,      skip_failing = True
2026-07-09T03:25:12.396Z,smriti9/create-site,"  File ""apps/frappe/frappe/modules/patch_handler.py"", line 152, in run_single"
2026-07-09T03:25:12.396Z,smriti9/create-site,"    return execute_patch(patchmodule, method, methodargs)"
2026-07-09T03:25:12.396Z,smriti9/create-site,      patchmodule = 'smriti_retail_os.patches.seed_telemetry_meta'
2026-07-09T03:25:12.396Z,smriti9/create-site,      method = None
2026-07-09T03:25:12.396Z,smriti9/create-site,      methodargs = None
2026-07-09T03:25:12.396Z,smriti9/create-site,      force = False
2026-07-09T03:25:12.396Z,smriti9/create-site,"      conf = frappe.utils.local.LocalProxy{'allow_cors_origin': 'http://localhost:8080', 'db_host': 'db', 'db_port': 3306, 'redis_cache': 'redis://redis-cache:6379', 'redis_queue': 'redis://redis-queue:6379', 'redis_socketio': 'redis://redis-queue:6379', 'socketio_port': 9000, 'db_name': '_02734b626d19e18d', 'db_password': 'kazEcvTnXUmSSNCE', 'db_type': 'mariadb', 'db_user': '_02734b626d19e18d', 'db_socket': None, 'developer_mode': 0}"
2026-07-09T03:25:12.396Z,smriti9/create-site,"  File ""apps/frappe/frappe/modules/patch_handler.py"", line 188, in execute_patch"
2026-07-09T03:25:12.396Z,smriti9/create-site,    _patch()
2026-07-09T03:25:12.396Z,smriti9/create-site,      patchmodule = 'smriti_retail_os.patches.seed_telemetry_meta'
2026-07-09T03:25:12.396Z,smriti9/create-site,      method = None
2026-07-09T03:25:12.396Z,smriti9/create-site,      methodargs = None
2026-07-09T03:25:12.396Z,smriti9/create-site,      has_patch_file = True
2026-07-09T03:25:12.396Z,smriti9/create-site,      patch = 'smriti_retail_os.patches.seed_telemetry_meta.execute'
2026-07-09T03:25:12.396Z,smriti9/create-site,      docstring = ''
2026-07-09T03:25:12.396Z,smriti9/create-site,      _patch = <function execute at 0x7c62e73722a0>
2026-07-09T03:25:12.396Z,smriti9/create-site,      start_time = 1151.536819448
2026-07-09T03:25:12.396Z,smriti9/create-site,"  File ""apps/smriti_retail_os/smriti_retail_os/patches/seed_telemetry_meta.py"", line 38, in execute"
2026-07-09T03:25:12.396Z,smriti9/create-site,"    if not smriti.db.exists(""SMRITI Telemetry Event Definition"", ev[""name""]):"
2026-07-09T03:25:12.396Z,smriti9/create-site,"      events = [{'name': 'SCAN-EVT-001', 'event_name': 'Barcode Scan Success', 'description': 'Barcode successfully decoded on the first attempt (Scan attempts = 1, Success = 1).'}, {'name': 'SCAN-EVT-002', 'event_name': 'Barcode Scan Retry', 'description': 'Barcode successfully decoded after multiple attempts (Scan attempts > 1, Success = 1).'}, {'name': 'SCAN-EVT-003', 'event_name': 'Barcode Scan Failure', 'description': 'Barcode failed to decode or scanning was bypassed by manual keyboard entry (Success = 0).'}]"
2026-07-09T03:25:12.396Z,smriti9/create-site,"      ev = {'name': 'SCAN-EVT-001', 'event_name': 'Barcode Scan Success', 'description': 'Barcode successfully decoded on the first attempt (Scan attempts = 1, Success = 1).'}"
2026-07-09T03:25:12.396Z,smriti9/create-site,"  File ""apps/smriti_retail_os/smriti_retail_os/core/platform/db.py"", line 135, in exists"
2026-07-09T03:25:12.396Z,smriti9/create-site,"    return bool(smriti.db.exists(resolve(model_name), filters))"
2026-07-09T03:25:12.396Z,smriti9/create-site,      model_name = 'SMRITI Telemetry Event Definition'
2026-07-09T03:25:12.396Z,smriti9/create-site,      filters = 'SCAN-EVT-001'
2026-07-09T03:25:12.396Z,smriti9/create-site,      frappe = <module 'frappe' from 'apps/frappe/frappe/__init__.py'>
2026-07-09T03:25:12.396Z,smriti9/create-site,builtins.NameError: name 'smriti' is not defined
2026-07-09T03:25:12.396Z,smriti9/create-site,
2026-07-09T03:25:12.396Z,smriti9/create-site,Executing smriti_retail_os.patches.seed_intelligence_formulas in smriti_retail (_02734b626d19e18d)
2026-07-09T03:25:12.396Z,smriti9/create-site,Failed to execute patch
2026-07-09T03:25:12.396Z,smriti9/create-site,Traceback with variables (most recent call last):
2026-07-09T03:25:12.396Z,smriti9/create-site,"  File ""apps/frappe/frappe/modules/patch_handler.py"", line 62, in run_patch"
2026-07-09T03:25:12.396Z,smriti9/create-site,    if not run_single(patchmodule=patch):
2026-07-09T03:25:12.396Z,smriti9/create-site,      patch = 'smriti_retail_os.patches.seed_intelligence_formulas'
2026-07-09T03:25:12.396Z,smriti9/create-site,      skip_failing = True
2026-07-09T03:25:12.396Z,smriti9/create-site,"  File ""apps/frappe/frappe/modules/patch_handler.py"", line 152, in run_single"
2026-07-09T03:25:12.396Z,smriti9/create-site,"    return execute_patch(patchmodule, method, methodargs)"
2026-07-09T03:25:12.396Z,smriti9/create-site,      patchmodule = 'smriti_retail_os.patches.seed_intelligence_formulas'
2026-07-09T03:25:12.396Z,smriti9/create-site,      method = None
2026-07-09T03:25:12.396Z,smriti9/create-site,      methodargs = None
2026-07-09T03:25:12.396Z,smriti9/create-site,      force = False
2026-07-09T03:25:12.396Z,smriti9/create-site,"      conf = frappe.utils.local.LocalProxy{'allow_cors_origin': 'http://localhost:8080', 'db_host': 'db', 'db_port': 3306, 'redis_cache': 'redis://redis-cache:6379', 'redis_queue': 'redis://redis-queue:6379', 'redis_socketio': 'redis://redis-queue:6379', 'socketio_port': 9000, 'db_name': '_02734b626d19e18d', 'db_password': 'kazEcvTnXUmSSNCE', 'db_type': 'mariadb', 'db_user': '_02734b626d19e18d', 'db_socket': None, 'developer_mode': 0}"
2026-07-09T03:25:12.396Z,smriti9/create-site,"  File ""apps/frappe/frappe/modules/patch_handler.py"", line 188, in execute_patch"
2026-07-09T03:25:12.396Z,smriti9/create-site,    _patch()
2026-07-09T03:25:12.396Z,smriti9/create-site,      patchmodule = 'smriti_retail_os.patches.seed_intelligence_formulas'
2026-07-09T03:25:12.396Z,smriti9/create-site,      method = None
2026-07-09T03:25:12.396Z,smriti9/create-site,      methodargs = None
2026-07-09T03:25:12.396Z,smriti9/create-site,      has_patch_file = True
2026-07-09T03:25:12.396Z,smriti9/create-site,      patch = 'smriti_retail_os.patches.seed_intelligence_formulas.execute'
2026-07-09T03:25:12.396Z,smriti9/create-site,      docstring = ''
2026-07-09T03:25:12.396Z,smriti9/create-site,      _patch = <function execute at 0x7c62e73724b0>
2026-07-09T03:25:12.396Z,smriti9/create-site,      start_time = 1151.572591473
2026-07-09T03:25:12.396Z,smriti9/create-site,"  File ""apps/smriti_retail_os/smriti_retail_os/patches/seed_intelligence_formulas.py"", line 133, in execute"
2026-07-09T03:25:12.396Z,smriti9/create-site,    doc_name = smriti.db.get(
2026-07-09T03:25:12.396Z,smriti9/create-site,"      formulas = [{'formula_id': 'TST-CHURN', 'formula_name': 'Churn Risk Score', 'formula_version': '1.0.0', 'formula_category': 'Sales Analytics', 'status': 'Approved', 'is_active': 1, 'effective_date': '2026-06-22', 'formula_expression': '(days_since_last_visit - visit_frequency_days) / visit_frequency_days * 100', 'formula_language': 'python', 'variables_and_inputs': '{""days_since_last_visit"": ""Days elapsed since the customer's last checkout visit"", ""visit_frequency_days"": ""Average visit interval (cycle) in days""}', 'data_sources': 'tabSMRITI Customer Graph', 'business_owner': 'Jawahar R. Mallah', 'technical_owner': 'AITDL Core Team', 'business_meaning': 'Measures the likelihood of a customer churning...."", ""bands"": [{""min"": 0, ""max"": 30, ""label"": ""Low Response""}, {""min"": 30, ""max"": 70, ""label"": ""Moderate""}, {""min"": 70, ""max"": 100, ""label"": ""High""}], ""actions"": [""Include in standard marketing lists for Low"", ""Target for special events for Moderate"", ""Send personalized luxury previews for High""]}'}]"
2026-07-09T03:25:12.396Z,smriti9/create-site,"      f = {'formula_id': 'TST-CHURN', 'formula_name': 'Churn Risk Score', 'formula_version': '1.0.0', 'formula_category': 'Sales Analytics', 'status': 'Approved', 'is_active': 1, 'effective_date': '2026-06-22', 'formula_expression': '(days_since_last_visit - visit_frequency_days) / visit_frequency_days * 100', 'formula_language': 'python', 'variables_and_inputs': '{""days_since_last_visit"": ""Days elapsed since the customer\'s last checkout visit"", ""visit_frequency_days"": ""Average visit interval (cycle) in days""}', 'data_sources': 'tabSMRITI Customer Graph', 'business_owner': 'Jawahar R. Mallah', 'technical_owner': 'AITDL Core Team', 'business_meaning': 'Measures the likelihood of a customer churning ba...5-30)/30 * 100 = 50% Churn Risk."", ""bands"": [{""min"": 0, ""max"": 40, ""label"": ""Healthy""}, {""min"": 40, ""max"": 70, ""label"": ""Warning""}, {""min"": 70, ""max"": 100, ""label"": ""Critical""}], ""actions"": [""No action needed for Healthy"", ""Send check-in greeting for Warning"", ""Send discount coupon for Critical""]}'}"
2026-07-09T03:25:12.396Z,smriti9/create-site,"  File ""apps/smriti_retail_os/smriti_retail_os/core/platform/db.py"", line 47, in get"
2026-07-09T03:25:12.396Z,smriti9/create-site,"    return smriti.db.get(resolve(model_name), name, fields, as_dict=as_dict)"
2026-07-09T03:25:12.396Z,smriti9/create-site,      model_name = 'SMRITI Formula Definition'
2026-07-09T03:25:12.396Z,smriti9/create-site,"      name = {'formula_id': 'TST-CHURN', 'formula_version': '1.0.0'}"
2026-07-09T03:25:12.396Z,smriti9/create-site,      fields = 'name'
2026-07-09T03:25:12.396Z,smriti9/create-site,      as_dict = True
2026-07-09T03:25:12.396Z,smriti9/create-site,      frappe = <module 'frappe' from 'apps/frappe/frappe/__init__.py'>
2026-07-09T03:25:12.396Z,smriti9/create-site,builtins.NameError: name 'smriti' is not defined
2026-07-09T03:25:12.396Z,smriti9/create-site,
2026-07-09T03:25:12.396Z,smriti9/create-site,Executing smriti_retail_os.patches.seed_intelligence_terms in smriti_retail (_02734b626d19e18d)
2026-07-09T03:25:12.396Z,smriti9/create-site,
2026-07-09T03:25:12.396Z,smriti9/create-site,	Migration patch to seed 5 new SMRITI Business Dictionary terms for Customer Intelligence.
2026-07-09T03:25:12.396Z,smriti9/create-site,	Uses a 2-phase approach to avoid forward-reference LinkValidationErrors.
2026-07-09T03:25:12.396Z,smriti9/create-site,
2026-07-09T03:25:12.396Z,smriti9/create-site,Phase 1: Seeding 5 SMRITI Business Dictionary intelligence terms...
2026-07-09T03:25:12.396Z,smriti9/create-site,Failed to execute patch
2026-07-09T03:25:12.396Z,smriti9/create-site,Traceback with variables (most recent call last):
2026-07-09T03:25:12.396Z,smriti9/create-site,"  File ""apps/frappe/frappe/modules/patch_handler.py"", line 62, in run_patch"
2026-07-09T03:25:12.396Z,smriti9/create-site,    if not run_single(patchmodule=patch):
2026-07-09T03:25:12.396Z,smriti9/create-site,      patch = 'smriti_retail_os.patches.seed_intelligence_terms'
2026-07-09T03:25:12.397Z,smriti9/create-site,      skip_failing = True
2026-07-09T03:25:12.397Z,smriti9/create-site,"  File ""apps/frappe/frappe/modules/patch_handler.py"", line 152, in run_single"
2026-07-09T03:25:12.397Z,smriti9/create-site,"    return execute_patch(patchmodule, method, methodargs)"
2026-07-09T03:25:12.397Z,smriti9/create-site,      patchmodule = 'smriti_retail_os.patches.seed_intelligence_terms'
2026-07-09T03:25:12.397Z,smriti9/create-site,      method = None
2026-07-09T03:25:12.397Z,smriti9/create-site,      methodargs = None
2026-07-09T03:25:12.397Z,smriti9/create-site,      force = False
2026-07-09T03:25:12.397Z,smriti9/create-site,"      conf = frappe.utils.local.LocalProxy{'allow_cors_origin': 'http://localhost:8080', 'db_host': 'db', 'db_port': 3306, 'redis_cache': 'redis://redis-cache:6379', 'redis_queue': 'redis://redis-queue:6379', 'redis_socketio': 'redis://redis-queue:6379', 'socketio_port': 9000, 'db_name': '_02734b626d19e18d', 'db_password': 'kazEcvTnXUmSSNCE', 'db_type': 'mariadb', 'db_user': '_02734b626d19e18d', 'db_socket': None, 'developer_mode': 0}"
2026-07-09T03:25:12.397Z,smriti9/create-site,"  File ""apps/frappe/frappe/modules/patch_handler.py"", line 188, in execute_patch"
2026-07-09T03:25:12.397Z,smriti9/create-site,    _patch()
2026-07-09T03:25:12.397Z,smriti9/create-site,      patchmodule = 'smriti_retail_os.patches.seed_intelligence_terms'
2026-07-09T03:25:12.397Z,smriti9/create-site,      method = None
2026-07-09T03:25:12.397Z,smriti9/create-site,      methodargs = None
2026-07-09T03:25:12.397Z,smriti9/create-site,      has_patch_file = True
2026-07-09T03:25:12.397Z,smriti9/create-site,      patch = 'smriti_retail_os.patches.seed_intelligence_terms.execute'
2026-07-09T03:25:12.397Z,smriti9/create-site,      docstring = '
2026-07-09T03:25:12.397Z,smriti9/create-site,      
2026-07-09T03:25:12.397Z,smriti9/create-site,      	Migration patch to seed 5 new SMRITI Business Dictionary terms for Customer Intelligence.
2026-07-09T03:25:12.397Z,smriti9/create-site,      	Uses a 2-phase approach to avoid forward-reference LinkValidationErrors.
2026-07-09T03:25:12.397Z,smriti9/create-site,      '
2026-07-09T03:25:12.397Z,smriti9/create-site,      _patch = <function execute at 0x7c62e7372b90>
2026-07-09T03:25:12.397Z,smriti9/create-site,      start_time = 1151.621370414
2026-07-09T03:25:12.397Z,smriti9/create-site,"  File ""apps/smriti_retail_os/smriti_retail_os/patches/seed_intelligence_terms.py"", line 146, in execute"
2026-07-09T03:25:12.397Z,smriti9/create-site,"    exists_name = smriti.db.exists(""SMRITI Business Term"", {""term_id"": t[""term_id""], ""term_version"": t[""dictionary_version""]})"
2026-07-09T03:25:12.397Z,smriti9/create-site,"      intelligence_terms = [{'term_id': 'CIG', 'term_name': 'Customer Intelligence Graph', 'term_category': 'Customer', 'definition': 'The Customer Intelligence Graph aggregates party metrics including checkout timelines, purchase histories, product sizing, and promotional responses to generate predictive scores.', 'hinglish_definition': 'Customer ke profile information, checkout history, sizing categories, aur campaign engagement activity ko consolidate karke calculations and predictions run karne wala advanced database engine.', 'term_aliases': ['CIG', 'Customer Intelligence Graph', 'Intelligence Graph'], 'manual_reference': 'Volume 2 > Manager Guide', 'training_reference': 'TRN-CIG-001', 'related_formulas': [], ...man checkout decisions.', 'dictionary_key': '', 'projection_path': '', 'entity_type': '', 'data_type': 'String', 'measure_or_dimension': 'Dimension', 'is_groupable': 0, 'is_filterable': 0, 'is_reportable': 0, 'default_aggregation': 'None', 'approval_status': 'Approved', 'dictionary_version': '1.0'}]"
2026-07-09T03:25:12.397Z,smriti9/create-site,"      t = {'term_id': 'CIG', 'term_name': 'Customer Intelligence Graph', 'term_category': 'Customer', 'definition': 'The Customer Intelligence Graph aggregates party metrics including checkout timelines, purchase histories, product sizing, and promotional responses to generate predictive scores.', 'hinglish_definition': 'Customer ke profile information, checkout history, sizing categories, aur campaign engagement activity ko consolidate karke calculations and predictions run karne wala advanced database engine.', 'term_aliases': ['CIG', 'Customer Intelligence Graph', 'Intelligence Graph'], 'manual_reference': 'Volume 2 > Manager Guide', 'training_reference': 'TRN-CIG-001', 'related_formulas': [], 'rel...er profiles dynamically.', 'dictionary_key': '', 'projection_path': '', 'entity_type': '', 'data_type': 'String', 'measure_or_dimension': 'Dimension', 'is_groupable': 0, 'is_filterable': 0, 'is_reportable': 0, 'default_aggregation': 'None', 'approval_status': 'Approved', 'dictionary_version': '1.0'}"
2026-07-09T03:25:12.397Z,smriti9/create-site,"  File ""apps/smriti_retail_os/smriti_retail_os/core/platform/db.py"", line 135, in exists"
2026-07-09T03:25:12.397Z,smriti9/create-site,"    return bool(smriti.db.exists(resolve(model_name), filters))"
2026-07-09T03:25:12.397Z,smriti9/create-site,      model_name = 'SMRITI Business Term'
2026-07-09T03:25:12.397Z,smriti9/create-site,"      filters = {'term_id': 'CIG', 'term_version': '1.0'}"
2026-07-09T03:25:12.397Z,smriti9/create-site,      frappe = <module 'frappe' from 'apps/frappe/frappe/__init__.py'>
2026-07-09T03:25:12.397Z,smriti9/create-site,builtins.NameError: name 'smriti' is not defined
2026-07-09T03:25:12.397Z,smriti9/create-site,
2026-07-09T03:25:12.397Z,smriti9/create-site,Executing smriti_retail_os.patches.seed_purchase_report_templates in smriti_retail (_02734b626d19e18d)
2026-07-09T03:25:12.397Z,smriti9/create-site,	Idempotent seed: upserts 6 Purchase Report Templates.
2026-07-09T03:25:12.397Z,smriti9/create-site,Failed to execute patch
2026-07-09T03:25:12.397Z,smriti9/create-site,Traceback with variables (most recent call last):
2026-07-09T03:25:12.397Z,smriti9/create-site,"  File ""apps/frappe/frappe/modules/patch_handler.py"", line 62, in run_patch"
2026-07-09T03:25:12.397Z,smriti9/create-site,    if not run_single(patchmodule=patch):
2026-07-09T03:25:12.397Z,smriti9/create-site,      patch = 'smriti_retail_os.patches.seed_purchase_report_templates'
2026-07-09T03:25:12.397Z,smriti9/create-site,      skip_failing = True
2026-07-09T03:25:12.397Z,smriti9/create-site,"  File ""apps/frappe/frappe/modules/patch_handler.py"", line 152, in run_single"
2026-07-09T03:25:12.397Z,smriti9/create-site,"    return execute_patch(patchmodule, method, methodargs)"
2026-07-09T03:25:12.397Z,smriti9/create-site,      patchmodule = 'smriti_retail_os.patches.seed_purchase_report_templates'
2026-07-09T03:25:12.397Z,smriti9/create-site,      method = None
2026-07-09T03:25:12.397Z,smriti9/create-site,      methodargs = None
2026-07-09T03:25:12.397Z,smriti9/create-site,      force = False
2026-07-09T03:25:12.397Z,smriti9/create-site,"      conf = frappe.utils.local.LocalProxy{'allow_cors_origin': 'http://localhost:8080', 'db_host': 'db', 'db_port': 3306, 'redis_cache': 'redis://redis-cache:6379', 'redis_queue': 'redis://redis-queue:6379', 'redis_socketio': 'redis://redis-queue:6379', 'socketio_port': 9000, 'db_name': '_02734b626d19e18d', 'db_password': 'kazEcvTnXUmSSNCE', 'db_type': 'mariadb', 'db_user': '_02734b626d19e18d', 'db_socket': None, 'developer_mode': 0}"
2026-07-09T03:25:12.397Z,smriti9/create-site,"  File ""apps/frappe/frappe/modules/patch_handler.py"", line 188, in execute_patch"
2026-07-09T03:25:12.397Z,smriti9/create-site,    _patch()
2026-07-09T03:25:12.397Z,smriti9/create-site,      patchmodule = 'smriti_retail_os.patches.seed_purchase_report_templates'
2026-07-09T03:25:12.397Z,smriti9/create-site,      method = None
2026-07-09T03:25:12.397Z,smriti9/create-site,      methodargs = None
2026-07-09T03:25:12.397Z,smriti9/create-site,      has_patch_file = True
2026-07-09T03:25:12.397Z,smriti9/create-site,      patch = 'smriti_retail_os.patches.seed_purchase_report_templates.execute'
2026-07-09T03:25:12.397Z,smriti9/create-site,      docstring = '
2026-07-09T03:25:12.397Z,smriti9/create-site,      	Idempotent seed: upserts 6 Purchase Report Templates.'
2026-07-09T03:25:12.397Z,smriti9/create-site,      _patch = <function execute at 0x7c62e7372e50>
2026-07-09T03:25:12.397Z,smriti9/create-site,      start_time = 1151.668460874
2026-07-09T03:25:12.397Z,smriti9/create-site,"  File ""apps/smriti_retail_os/smriti_retail_os/patches/seed_purchase_report_templates.py"", line 199, in execute"
2026-07-09T03:25:12.397Z,smriti9/create-site,"    if smriti.db.exists(""SMRITI Report Template"", report_key):"
2026-07-09T03:25:12.397Z,smriti9/create-site,"      tmpl = {'report_key': 'purchase_order_summary', 'report_name': 'SMRITI Purchase Order Summary', 'report_category': 'Purchase', 'is_public': 1, 'cache_minutes': 5, 'schema_version': '1.0', 'company_restricted': 0, 'branch_restricted': 0, 'columns_json': '[{""fieldname"": ""po_number"", ""label"": ""PO Number"", ""fieldtype"": ""Data"", ""width"": 160}, {""fieldname"": ""posting_date"", ""label"": ""Date"", ""fieldtype"": ""Date"", ""width"": 110}, {""fieldname"": ""supplier"", ""label"": ""Supplier"", ""fieldtype"": ""Data"", ""width"": 130}, {""fieldname"": ""supplier_name"", ""label"": ""Supplier Name"", ""fieldtype"": ""Data"", ""width"": 180}, {""fieldname"": ""status"", ""label"": ""Status"", ""fieldtype"": ""Data"", ""width"": 100}, {""fieldname"": ""project"", ""lab...Receive and Bill\\nTo Bill\\nTo Receive\\nCompleted\\nCancelled\\nClosed"", ""default"": """"}, {""fieldname"": ""project"", ""label"": ""Project"", ""fieldtype"": ""Link"", ""options"": ""Project"", ""default"": """"}, {""fieldname"": ""company"", ""label"": ""Company"", ""fieldtype"": ""Link"", ""options"": ""Company"", ""default"": """"}]'}"
2026-07-09T03:25:12.397Z,smriti9/create-site,      report_key = ********
2026-07-09T03:25:12.397Z,smriti9/create-site,"  File ""apps/smriti_retail_os/smriti_retail_os/core/platform/db.py"", line 135, in exists"
2026-07-09T03:25:12.397Z,smriti9/create-site,"    return bool(smriti.db.exists(resolve(model_name), filters))"
2026-07-09T03:25:12.397Z,smriti9/create-site,      model_name = 'SMRITI Report Template'
2026-07-09T03:25:12.397Z,smriti9/create-site,      filters = 'purchase_order_summary'
2026-07-09T03:25:12.397Z,smriti9/create-site,      frappe = <module 'frappe' from 'apps/frappe/frappe/__init__.py'>
2026-07-09T03:25:12.397Z,smriti9/create-site,builtins.NameError: name 'smriti' is not defined
2026-07-09T03:25:12.397Z,smriti9/create-site,
2026-07-09T03:25:12.397Z,smriti9/create-site,Executing smriti_retail_os.patches.install_srle_layout_prefs_field in smriti_retail (_02734b626d19e18d)
2026-07-09T03:25:12.397Z,smriti9/create-site,Failed to execute patch
2026-07-09T03:25:12.397Z,smriti9/create-site,Traceback with variables (most recent call last):
2026-07-09T03:25:12.397Z,smriti9/create-site,"  File ""apps/frappe/frappe/modules/patch_handler.py"", line 62, in run_patch"
2026-07-09T03:25:12.397Z,smriti9/create-site,    if not run_single(patchmodule=patch):
2026-07-09T03:25:12.397Z,smriti9/create-site,      patch = 'smriti_retail_os.patches.install_srle_layout_prefs_field'
2026-07-09T03:25:12.397Z,smriti9/create-site,      skip_failing = True
2026-07-09T03:25:12.397Z,smriti9/create-site,"  File ""apps/frappe/frappe/modules/patch_handler.py"", line 152, in run_single"
2026-07-09T03:25:12.397Z,smriti9/create-site,"    return execute_patch(patchmodule, method, methodargs)"
2026-07-09T03:25:12.397Z,smriti9/create-site,      patchmodule = 'smriti_retail_os.patches.install_srle_layout_prefs_field'
2026-07-09T03:25:12.397Z,smriti9/create-site,      method = None
2026-07-09T03:25:12.397Z,smriti9/create-site,      methodargs = None
2026-07-09T03:25:12.397Z,smriti9/create-site,      force = False
2026-07-09T03:25:12.397Z,smriti9/create-site,"      conf = frappe.utils.local.LocalProxy{'allow_cors_origin': 'http://localhost:8080', 'db_host': 'db', 'db_port': 3306, 'redis_cache': 'redis://redis-cache:6379', 'redis_queue': 'redis://redis-queue:6379', 'redis_socketio': 'redis://redis-queue:6379', 'socketio_port': 9000, 'db_name': '_02734b626d19e18d', 'db_password': 'kazEcvTnXUmSSNCE', 'db_type': 'mariadb', 'db_user': '_02734b626d19e18d', 'db_socket': None, 'developer_mode': 0}"
2026-07-09T03:25:12.397Z,smriti9/create-site,"  File ""apps/frappe/frappe/modules/patch_handler.py"", line 188, in execute_patch"
2026-07-09T03:25:12.397Z,smriti9/create-site,    _patch()
2026-07-09T03:25:12.397Z,smriti9/create-site,      patchmodule = 'smriti_retail_os.patches.install_srle_layout_prefs_field'
2026-07-09T03:25:12.397Z,smriti9/create-site,      method = None
2026-07-09T03:25:12.397Z,smriti9/create-site,      methodargs = None
2026-07-09T03:25:12.397Z,smriti9/create-site,      has_patch_file = True
2026-07-09T03:25:12.397Z,smriti9/create-site,      patch = 'smriti_retail_os.patches.install_srle_layout_prefs_field.execute'
2026-07-09T03:25:12.397Z,smriti9/create-site,      docstring = ''
2026-07-09T03:25:12.397Z,smriti9/create-site,      _patch = <function execute at 0x7c62e7218460>
2026-07-09T03:25:12.397Z,smriti9/create-site,      start_time = 1151.704524142
2026-07-09T03:25:12.397Z,smriti9/create-site,"  File ""apps/smriti_retail_os/smriti_retail_os/patches/install_srle_layout_prefs_field.py"", line 21, in execute"
2026-07-09T03:25:12.397Z,smriti9/create-site,"    if smriti.db.exists(""Custom Field"", field_name):"
2026-07-09T03:25:12.397Z,smriti9/create-site,      field_name = 'User-smriti_layout_prefs'
2026-07-09T03:25:12.397Z,smriti9/create-site,"  File ""apps/smriti_retail_os/smriti_retail_os/core/platform/db.py"", line 135, in exists"
2026-07-09T03:25:12.397Z,smriti9/create-site,"    return bool(smriti.db.exists(resolve(model_name), filters))"
2026-07-09T03:25:12.397Z,smriti9/create-site,      model_name = 'Custom Field'
2026-07-09T03:25:12.397Z,smriti9/create-site,      filters = 'User-smriti_layout_prefs'
2026-07-09T03:25:12.397Z,smriti9/create-site,      frappe = <module 'frappe' from 'apps/frappe/frappe/__init__.py'>
2026-07-09T03:25:12.397Z,smriti9/create-site,builtins.NameError: name 'smriti' is not defined
2026-07-09T03:25:12.397Z,smriti9/create-site,
2026-07-09T03:25:12.397Z,smriti9/create-site,Executing smriti_retail_os.patches.add_tds_and_threshold_fields in smriti_retail (_02734b626d19e18d)
2026-07-09T03:25:12.397Z,smriti9/create-site,Failed to execute patch
2026-07-09T03:25:12.397Z,smriti9/create-site,Traceback with variables (most recent call last):
2026-07-09T03:25:12.397Z,smriti9/create-site,"  File ""apps/frappe/frappe/modules/patch_handler.py"", line 62, in run_patch"
2026-07-09T03:25:12.397Z,smriti9/create-site,    if not run_single(patchmodule=patch):
2026-07-09T03:25:12.397Z,smriti9/create-site,      patch = 'smriti_retail_os.patches.add_tds_and_threshold_fields'
2026-07-09T03:25:12.397Z,smriti9/create-site,      skip_failing = True
2026-07-09T03:25:12.397Z,smriti9/create-site,"  File ""apps/frappe/frappe/modules/patch_handler.py"", line 152, in run_single"
2026-07-09T03:25:12.397Z,smriti9/create-site,"    return execute_patch(patchmodule, method, methodargs)"
2026-07-09T03:25:12.397Z,smriti9/create-site,      patchmodule = 'smriti_retail_os.patches.add_tds_and_threshold_fields'
2026-07-09T03:25:12.397Z,smriti9/create-site,      method = None
2026-07-09T03:25:12.397Z,smriti9/create-site,      methodargs = None
2026-07-09T03:25:12.397Z,smriti9/create-site,      force = False
2026-07-09T03:25:12.397Z,smriti9/create-site,"      conf = frappe.utils.local.LocalProxy{'allow_cors_origin': 'http://localhost:8080', 'db_host': 'db', 'db_port': 3306, 'redis_cache': 'redis://redis-cache:6379', 'redis_queue': 'redis://redis-queue:6379', 'redis_socketio': 'redis://redis-queue:6379', 'socketio_port': 9000, 'db_name': '_02734b626d19e18d', 'db_password': 'kazEcvTnXUmSSNCE', 'db_type': 'mariadb', 'db_user': '_02734b626d19e18d', 'db_socket': None, 'developer_mode': 0}"
2026-07-09T03:25:12.397Z,smriti9/create-site,"  File ""apps/frappe/frappe/modules/patch_handler.py"", line 188, in execute_patch"
2026-07-09T03:25:12.397Z,smriti9/create-site,    _patch()
2026-07-09T03:25:12.397Z,smriti9/create-site,      patchmodule = 'smriti_retail_os.patches.add_tds_and_threshold_fields'
2026-07-09T03:25:12.397Z,smriti9/create-site,      method = None
2026-07-09T03:25:12.397Z,smriti9/create-site,      methodargs = None
2026-07-09T03:25:12.397Z,smriti9/create-site,      has_patch_file = True
2026-07-09T03:25:12.397Z,smriti9/create-site,      patch = 'smriti_retail_os.patches.add_tds_and_threshold_fields.execute'
2026-07-09T03:25:12.397Z,smriti9/create-site,      docstring = ''
2026-07-09T03:25:12.397Z,smriti9/create-site,      _patch = <function execute at 0x7c62e72185c0>
2026-07-09T03:25:12.397Z,smriti9/create-site,      start_time = 1151.74148794
2026-07-09T03:25:12.397Z,smriti9/create-site,"  File ""apps/smriti_retail_os/smriti_retail_os/patches/add_tds_and_threshold_fields.py"", line 27, in execute"
2026-07-09T03:25:12.397Z,smriti9/create-site,"    tables = [r[0] for r in smriti.db.sql(""SHOW TABLES LIKE %s"", (table,))]"
2026-07-09T03:25:12.397Z,smriti9/create-site,      table = 'tabSMRITI Supplier'
2026-07-09T03:25:12.397Z,smriti9/create-site,"  File ""apps/smriti_retail_os/smriti_retail_os/core/platform/db.py"", line 180, in sql"
2026-07-09T03:25:12.397Z,smriti9/create-site,"    return smriti.db.sql(query, values or {}, as_dict=as_dict)"
2026-07-09T03:25:12.397Z,smriti9/create-site,      query = 'SHOW TABLES LIKE %s'
2026-07-09T03:25:12.397Z,smriti9/create-site,      values = ('tabSMRITI Supplier')
2026-07-09T03:25:12.397Z,smriti9/create-site,      as_dict = True
2026-07-09T03:25:12.397Z,smriti9/create-site,      frappe = <module 'frappe' from 'apps/frappe/frappe/__init__.py'>
2026-07-09T03:25:12.397Z,smriti9/create-site,builtins.NameError: name 'smriti' is not defined
2026-07-09T03:25:12.397Z,smriti9/create-site,
2026-07-09T03:25:12.397Z,smriti9/create-site,Syncing jobs...
2026-07-09T03:25:12.397Z,smriti9/create-site,Syncing fixtures...
2026-07-09T03:25:12.397Z,smriti9/create-site,Syncing dashboards...
2026-07-09T03:25:12.397Z,smriti9/create-site,Updating Dashboard for frappe
2026-07-09T03:25:12.397Z,smriti9/create-site,Updating Dashboard for erpnext
2026-07-09T03:25:12.397Z,smriti9/create-site,Updating Dashboard for india_compliance
2026-07-09T03:25:12.397Z,smriti9/create-site,Updating Dashboard for smriti_retail_os
2026-07-09T03:25:12.397Z,smriti9/create-site,Syncing customizations...
2026-07-09T03:25:12.397Z,smriti9/create-site,Updating customizations for Address
2026-07-09T03:25:12.397Z,smriti9/create-site,Updating customizations for Contact
2026-07-09T03:25:12.397Z,smriti9/create-site,Syncing languages...
2026-07-09T03:25:12.397Z,smriti9/create-site,Flushing deferred inserts...
2026-07-09T03:25:12.397Z,smriti9/create-site,Removing orphan doctypes...
2026-07-09T03:25:23.449Z,smriti9/create-site,
2026-07-09T03:25:23.449Z,smriti9/create-site,Command: Sleep | Time: 14s | State: N/A
2026-07-09T03:25:23.449Z,smriti9/create-site,Command: Sleep | Time: 24s | State: N/ARemoving orphan Workspaces
2026-07-09T03:25:23.449Z,smriti9/create-site,Removing orphan Dashboards
2026-07-09T03:25:23.449Z,smriti9/create-site,Removing orphan Pages
2026-07-09T03:25:23.449Z,smriti9/create-site,Removing orphan Reports
2026-07-09T03:25:23.449Z,smriti9/create-site,Removing orphan Notifications
2026-07-09T03:25:23.449Z,smriti9/create-site,Removing orphan Workspace Sidebars
2026-07-09T03:25:23.449Z,smriti9/create-site,Removing orphan Desktop Icons
2026-07-09T03:25:23.449Z,smriti9/create-site,Syncing portal menu...
2026-07-09T03:25:23.449Z,smriti9/create-site,Updating installed applications...
2026-07-09T03:25:23.449Z,smriti9/create-site,Executing `after_migrate` hooks...
2026-07-09T03:25:23.449Z,smriti9/create-site,
2026-07-09T03:25:23.449Z,smriti9/create-site,Queued rebuilding of search index for smriti_retail
2026-07-09T03:25:23.449Z,smriti9/create-site,
2026-07-09T03:25:23.449Z,smriti9/create-site,Traceback (most recent call last):
2026-07-09T03:25:23.449Z,smriti9/create-site,"  File ""/home/frappe/frappe-bench/apps/frappe/frappe/utils/bench_helper.py"", line 48, in invoke"
2026-07-09T03:25:23.449Z,smriti9/create-site,    return super().invoke(ctx)
2026-07-09T03:25:23.449Z,smriti9/create-site,           ~~~~~~~~~~~~~~^^^^^
2026-07-09T03:25:23.449Z,smriti9/create-site,"  File ""/home/frappe/frappe-bench/env/lib/python3.14/site-packages/click/core.py"", line 1902, in invoke"
2026-07-09T03:25:23.449Z,smriti9/create-site,    return _process_result(sub_ctx.command.invoke(sub_ctx))
2026-07-09T03:25:23.449Z,smriti9/create-site,                           ~~~~~~~~~~~~~~~~~~~~~~^^^^^^^^^
2026-07-09T03:25:23.449Z,smriti9/create-site,"  File ""/home/frappe/frappe-bench/env/lib/python3.14/site-packages/click/core.py"", line 1298, in invoke"
2026-07-09T03:25:23.449Z,smriti9/create-site,"    return ctx.invoke(self.callback, **ctx.params)"
2026-07-09T03:25:23.449Z,smriti9/create-site,           ~~~~~~~~~~^^^^^^^^^^^^^^^^^^^^^^^^^^^^^
2026-07-09T03:25:23.449Z,smriti9/create-site,"  File ""/home/frappe/frappe-bench/env/lib/python3.14/site-packages/click/core.py"", line 853, in invoke"
2026-07-09T03:25:23.449Z,smriti9/create-site,"    return callback(*args, **kwargs)"
2026-07-09T03:25:23.449Z,smriti9/create-site,"  File ""/home/frappe/frappe-bench/env/lib/python3.14/site-packages/click/decorators.py"", line 34, in new_func"
2026-07-09T03:25:23.449Z,smriti9/create-site,"    return f(get_current_context(), *args, **kwargs)"
2026-07-09T03:25:23.449Z,smriti9/create-site,"  File ""/home/frappe/frappe-bench/apps/frappe/frappe/commands/__init__.py"", line 28, in _func"
2026-07-09T03:25:23.449Z,smriti9/create-site,"    ret = f(ctx.obj, *args, **kwargs)"
2026-07-09T03:25:23.449Z,smriti9/create-site,"  File ""/home/frappe/frappe-bench/apps/frappe/frappe/commands/site.py"", line 722, in migrate"
2026-07-09T03:25:23.449Z,smriti9/create-site,    ).run(site=site)
2026-07-09T03:25:23.449Z,smriti9/create-site,      ~~~^^^^^^^^^^^
2026-07-09T03:25:23.449Z,smriti9/create-site,"  File ""/home/frappe/frappe-bench/apps/frappe/frappe/migrate.py"", line 274, in run"
2026-07-09T03:25:23.449Z,smriti9/create-site,    self.post_schema_updates()
2026-07-09T03:25:23.449Z,smriti9/create-site,    ~~~~~~~~~~~~~~~~~~~~~~~~^^
2026-07-09T03:25:23.449Z,smriti9/create-site,"  File ""/home/frappe/frappe-bench/apps/frappe/frappe/migrate.py"", line 58, in wrapper"
2026-07-09T03:25:23.449Z,smriti9/create-site,    raise e
2026-07-09T03:25:23.449Z,smriti9/create-site,"  File ""/home/frappe/frappe-bench/apps/frappe/frappe/migrate.py"", line 50, in wrapper"
2026-07-09T03:25:23.449Z,smriti9/create-site,"    ret = method(*args, **kwargs)"
2026-07-09T03:25:23.449Z,smriti9/create-site,"  File ""/home/frappe/frappe-bench/apps/frappe/frappe/migrate.py"", line 197, in post_schema_updates"
2026-07-09T03:25:23.449Z,smriti9/create-site,    frappe.get_attr(fn)()
2026-07-09T03:25:23.449Z,smriti9/create-site,    ~~~~~~~~~~~~~~~~~~~^^
2026-07-09T03:25:23.449Z,smriti9/create-site,"  File ""/home/frappe/frappe-bench/apps/smriti_retail_os/smriti_retail_os/setup.py"", line 2089, in setup_smriti_retail_os"
2026-07-09T03:25:23.449Z,smriti9/create-site,    _seed_root_item_group()
2026-07-09T03:25:23.449Z,smriti9/create-site,    ~~~~~~~~~~~~~~~~~~~~~^^
2026-07-09T03:25:23.449Z,smriti9/create-site,"  File ""/home/frappe/frappe-bench/apps/smriti_retail_os/smriti_retail_os/setup.py"", line 2074, in _seed_root_item_group"
2026-07-09T03:25:23.449Z,smriti9/create-site,"    if not smriti.db.exists(""Item Group"", ""All Item Groups""):"
2026-07-09T03:25:23.449Z,smriti9/create-site,           ~~~~~~~~~~~~~~~~^^^^^^^^^^^^^^^^^^^^^^^^^^^^^^^^^
2026-07-09T03:25:23.449Z,smriti9/create-site,"  File ""/home/frappe/frappe-bench/apps/smriti_retail_os/smriti_retail_os/core/platform/db.py"", line 135, in exists"
2026-07-09T03:25:23.449Z,smriti9/create-site,"    return bool(smriti.db.exists(resolve(model_name), filters))"
2026-07-09T03:25:23.449Z,smriti9/create-site,                ^^^^^^
2026-07-09T03:25:23.449Z,smriti9/create-site,NameError: name 'smriti' is not defined
2026-07-09T03:25:23.449Z,smriti9/create-site,
2026-07-09T03:25:23.449Z,smriti9/create-site,name 'smriti' is not defined
2026-07-09T03:25:23.935Z,smriti9/db,2026-07-09  3:25:23 185 [Warning] Aborted connection 185 to db: '_02734b626d19e18d' user: '_02734b626d19e18d' host: '172.18.0.6' (Got an error reading communication packets)