file,line_no,nearest_def,is_whitelisted_endpoint,whitelist_decorator,code
smriti_retail_os/platform_api.py,449,"def execute_restore(file_name, confirm_text, password):",True,@frappe.whitelist(),}).insert(ignore_permissions=True)
smriti_retail_os/platform_api.py,511,"def execute_restore(file_name, confirm_text, password):",True,@frappe.whitelist(),}).insert(ignore_permissions=True)
smriti_retail_os/setup_wizard_api.py,151,def log(msg):,True,@frappe.whitelist(),"# Instead, use frappe.flags.ignore_permissions=True selectively on each doc."
smriti_retail_os/setup_wizard_api.py,165,def log(msg):,True,@frappe.whitelist(),admin_doc.save(ignore_permissions=True)
smriti_retail_os/setup_wizard_api.py,186,def log(msg):,True,@frappe.whitelist(),"frappe.get_doc({""doctype"": ""Warehouse Type"", ""name"": w_type}).insert(ignore_permissions=True)"
smriti_retail_os/setup_wizard_api.py,201,def log(msg):,True,@frappe.whitelist(),co.insert(ignore_permissions=True)
smriti_retail_os/setup_wizard_api.py,210,def log(msg):,True,@frappe.whitelist(),co.save(ignore_permissions=True)
smriti_retail_os/setup_wizard_api.py,254,def log(msg):,True,@frappe.whitelist(),addr.insert(ignore_permissions=True)
smriti_retail_os/setup_wizard_api.py,280,def log(msg):,True,@frappe.whitelist(),addr.save(ignore_permissions=True)
smriti_retail_os/setup_wizard_api.py,297,def log(msg):,True,@frappe.whitelist(),pw.insert(ignore_permissions=True)
smriti_retail_os/setup_wizard_api.py,305,def log(msg):,True,@frappe.whitelist(),wh.insert(ignore_permissions=True)
smriti_retail_os/setup_wizard_api.py,322,def log(msg):,True,@frappe.whitelist(),"frappe.get_doc({""doctype"": ""Customer Group"", ""customer_group_name"": ""All Customer Groups"", ""is_group"": 1}).insert(ignore_permissions=True)"
smriti_retail_os/setup_wizard_api.py,330,def log(msg):,True,@frappe.whitelist(),}).insert(ignore_permissions=True)
smriti_retail_os/setup_wizard_api.py,338,def log(msg):,True,@frappe.whitelist(),"frappe.get_doc({""doctype"": ""Territory"", ""territory_name"": ""All Territories"", ""is_group"": 1}).insert(ignore_permissions=True)"
smriti_retail_os/setup_wizard_api.py,346,def log(msg):,True,@frappe.whitelist(),}).insert(ignore_permissions=True)
smriti_retail_os/setup_wizard_api.py,355,def log(msg):,True,@frappe.whitelist(),cust.insert(ignore_permissions=True)
smriti_retail_os/setup_wizard_api.py,372,def log(msg):,True,@frappe.whitelist(),ta.insert(ignore_permissions=True)
smriti_retail_os/setup_wizard_api.py,387,def log(msg):,True,@frappe.whitelist(),acc.insert(ignore_permissions=True)
smriti_retail_os/setup_wizard_api.py,415,def log(msg):,True,@frappe.whitelist(),tpl.insert(ignore_permissions=True)
smriti_retail_os/setup_wizard_api.py,444,def log(msg):,True,@frappe.whitelist(),tpl.insert(ignore_permissions=True)
smriti_retail_os/setup_wizard_api.py,466,def log(msg):,True,@frappe.whitelist(),tpl.insert(ignore_permissions=True)
smriti_retail_os/setup_wizard_api.py,495,def log(msg):,True,@frappe.whitelist(),acc.insert(ignore_permissions=True)
smriti_retail_os/setup_wizard_api.py,506,def log(msg):,True,@frappe.whitelist(),doc.insert(ignore_permissions=True)
smriti_retail_os/setup_wizard_api.py,551,def log(msg):,True,@frappe.whitelist(),mop_doc.save(ignore_permissions=True)
smriti_retail_os/setup_wizard_api.py,562,def log(msg):,True,@frappe.whitelist(),cc.insert(ignore_permissions=True)
smriti_retail_os/setup_wizard_api.py,582,def log(msg):,True,@frappe.whitelist(),acc.insert(ignore_permissions=True)
smriti_retail_os/setup_wizard_api.py,616,def log(msg):,True,@frappe.whitelist(),pp.insert(ignore_permissions=True)
smriti_retail_os/setup_wizard_api.py,666,def log(msg):,True,@frappe.whitelist(),pp.save(ignore_permissions=True)
smriti_retail_os/setup_wizard_api.py,715,def log(msg):,True,@frappe.whitelist(),scs.insert(ignore_permissions=True)
smriti_retail_os/setup_wizard_api.py,729,def log(msg):,True,@frappe.whitelist(),scs.save(ignore_permissions=True)
smriti_retail_os/sizewise_invoice_api.py,527,def save_sizewise_invoice(payload):,True,@frappe.whitelist(),si.save(ignore_permissions=True)
smriti_retail_os/psv_service.py,118,"def create_psv_transaction(psa, transaction_type, items, company=None, reference_doctype=None, reference_name=None, remarks=None, posting_date=None, opening_import_batch=None):",False,,doc.insert(ignore_permissions=True)
smriti_retail_os/psv_service.py,150,"def process_sales_invoice_submit(doc, method=None):",False,,}).insert(ignore_permissions=True)
smriti_retail_os/psv_service.py,169,"def process_sales_invoice_cancel(doc, method=None):",False,,}).insert(ignore_permissions=True)
smriti_retail_os/create_cycle.py,15,def run():,False,,hsn.insert(ignore_permissions=True)
smriti_retail_os/create_cycle.py,30,def run():,False,,item.insert(ignore_permissions=True)
smriti_retail_os/psv_integration.py,253,"def _create_dn_exception_record(doc, psa, exception_type, description):",False,,}).insert(ignore_permissions=True)
smriti_retail_os/backup_api.py,116,"def log_audit_event(event_type, message):",False,,}).insert(ignore_permissions=True)
smriti_retail_os/item_master_api.py,481,def import_item_master(rows_json):,True,@frappe.whitelist(),ig.insert(ignore_permissions=True)
smriti_retail_os/item_master_api.py,538,def import_item_master(rows_json):,True,@frappe.whitelist(),variant.insert(ignore_permissions=True)
smriti_retail_os/item_master_api.py,588,def import_item_master(rows_json):,True,@frappe.whitelist(),var_doc.save(ignore_permissions=True)
smriti_retail_os/item_master_api.py,675,def _ensure_uom(uom_name):,True,@frappe.whitelist(),doc.insert(ignore_permissions=True)
smriti_retail_os/item_master_api.py,694,def _ensure_hsn_code(hsn_code):,True,@frappe.whitelist(),hsn_doc.insert(ignore_permissions=True)
smriti_retail_os/item_master_api.py,800,"def _ensure_master_value(doctype_name, value):",True,@frappe.whitelist(),doc.insert(ignore_permissions=True)
smriti_retail_os/item_master_api.py,815,"def _get_or_create_template(style_code, item_name, item_group, brand, mrp, cost,",True,@frappe.whitelist(),item.save(ignore_permissions=True)
smriti_retail_os/item_master_api.py,821,"def _get_or_create_template(style_code, item_name, item_group, brand, mrp, cost,",True,@frappe.whitelist(),b.insert(ignore_permissions=True)
smriti_retail_os/item_master_api.py,834,"def _get_or_create_template(style_code, item_name, item_group, brand, mrp, cost,",True,@frappe.whitelist(),ig.insert(ignore_permissions=True)
smriti_retail_os/item_master_api.py,879,"def _get_or_create_template(style_code, item_name, item_group, brand, mrp, cost,",True,@frappe.whitelist(),item.insert(ignore_permissions=True)
smriti_retail_os/item_master_api.py,898,"def _get_or_create_template(style_code, item_name, item_group, brand, mrp, cost,",True,@frappe.whitelist(),item.save(ignore_permissions=True)
smriti_retail_os/item_master_api.py,908,def _ensure_item_attribute(attribute_name):,True,@frappe.whitelist(),attr.insert(ignore_permissions=True)
smriti_retail_os/item_master_api.py,935,"def _ensure_attribute_value(attribute, value):",True,@frappe.whitelist(),attr_doc.save(ignore_permissions=True)
smriti_retail_os/item_master_api.py,969,"def _upsert_item_price(item_code, price_list, rate):",True,@frappe.whitelist(),pl.insert(ignore_permissions=True)
smriti_retail_os/item_master_api.py,985,"def _upsert_item_price(item_code, price_list, rate):",True,@frappe.whitelist(),ip.insert(ignore_permissions=True)
smriti_retail_os/item_master_api.py,1182,"def create_style_with_variants(base_details, sizes_config):",True,@frappe.whitelist(),template.save(ignore_permissions=True)
smriti_retail_os/item_master_api.py,1262,"def create_style_with_variants(base_details, sizes_config):",True,@frappe.whitelist(),var.insert(ignore_permissions=True)
smriti_retail_os/item_master_api.py,1274,"def create_style_with_variants(base_details, sizes_config):",True,@frappe.whitelist(),var.save(ignore_permissions=True)
smriti_retail_os/item_master_api.py,1294,"def create_style_with_variants(base_details, sizes_config):",True,@frappe.whitelist(),var_doc.save(ignore_permissions=True)
smriti_retail_os/item_master_api.py,1351,def delete_style_and_variants(style_code):,True,@frappe.whitelist(),"frappe.delete_doc(""Item"", variant, ignore_permissions=True, force=True)"
smriti_retail_os/item_master_api.py,1359,def delete_style_and_variants(style_code):,True,@frappe.whitelist(),"frappe.delete_doc(""Item"", style_code, ignore_permissions=True, force=True)"
smriti_retail_os/item_master_api.py,1544,def import_pivot_item_master(styles_json):,True,@frappe.whitelist(),template.save(ignore_permissions=True)
smriti_retail_os/item_master_api.py,1596,def import_pivot_item_master(styles_json):,True,@frappe.whitelist(),var.insert(ignore_permissions=True)
smriti_retail_os/item_master_api.py,1608,def import_pivot_item_master(styles_json):,True,@frappe.whitelist(),var.save(ignore_permissions=True)
smriti_retail_os/item_master_api.py,1628,def import_pivot_item_master(styles_json):,True,@frappe.whitelist(),var_doc.save(ignore_permissions=True)
smriti_retail_os/psv_upload_service.py,218,"def _fail_upload(doc, errors: list):",False,,doc.save(ignore_permissions=True)
smriti_retail_os/psv_upload_service.py,270,"def _commit_to_ledger(doc, parsed_rows: list):",False,,doc.save(ignore_permissions=True)
smriti_retail_os/hooks_logic.py,230,"def sync_price_list_rate(item_code, price_list, rate, uom):",False,,pl.insert(ignore_permissions=True)
smriti_retail_os/hooks_logic.py,242,"def sync_price_list_rate(item_code, price_list, rate, uom):",False,,ip.save(ignore_permissions=True)
smriti_retail_os/hooks_logic.py,250,"def sync_price_list_rate(item_code, price_list, rate, uom):",False,,ip.insert(ignore_permissions=True)
smriti_retail_os/hooks_logic.py,293,"def sync_customer_address(doc, method):",False,,addr.save(ignore_permissions=True)
smriti_retail_os/hooks_logic.py,308,"def sync_customer_address(doc, method):",False,,addr.insert(ignore_permissions=True)
smriti_retail_os/hooks_logic.py,345,"def sync_customer_address(doc, method):",False,,addr.save(ignore_permissions=True)
smriti_retail_os/hooks_logic.py,360,"def sync_customer_address(doc, method):",False,,addr.insert(ignore_permissions=True)
smriti_retail_os/hooks_logic.py,389,"def sync_supplier_address_and_credit_days(doc, method):",False,,s.insert(ignore_permissions=True)
smriti_retail_os/hooks_logic.py,396,"def sync_supplier_address_and_credit_days(doc, method):",False,,s.save(ignore_permissions=True)
smriti_retail_os/hooks_logic.py,428,"def sync_supplier_address_and_credit_days(doc, method):",False,,addr.save(ignore_permissions=True)
smriti_retail_os/hooks_logic.py,443,"def sync_supplier_address_and_credit_days(doc, method):",False,,addr.insert(ignore_permissions=True)
smriti_retail_os/hooks_logic.py,480,"def sync_supplier_address_and_credit_days(doc, method):",False,,addr.save(ignore_permissions=True)
smriti_retail_os/hooks_logic.py,495,"def sync_supplier_address_and_credit_days(doc, method):",False,,addr.insert(ignore_permissions=True)
smriti_retail_os/hooks_logic.py,515,"def sync_supplier_address_and_credit_days(doc, method):",False,,ptt.insert(ignore_permissions=True)
smriti_retail_os/hooks_logic.py,648,"def after_address_save(doc, method=None):",False,,log_doc.insert(ignore_permissions=True)
smriti_retail_os/hooks_logic.py,679,"def release_reserved_budget_on_trash(doc, method=None):",False,,campaign.save(ignore_permissions=True)
smriti_retail_os/loyalty_api.py,166,"def save_loyalty_scheme(doc_name=None, loyalty_program_name=None, conversion_factor=1.0, auto_opt_in=1, min_spent=0, collection_factor=1.0, tier_name=""Regular""):",True,@frappe.whitelist(),doc.save(ignore_permissions=True)
smriti_retail_os/setup.py,56,def create_smriti_audit_event_doctype():,False,,doc.insert(ignore_permissions=True)
smriti_retail_os/setup.py,94,def create_smriti_attribute_layout_doctype():,False,,doc.insert(ignore_permissions=True)
smriti_retail_os/setup.py,178,def create_smriti_company_settings_doctype():,False,,doc.insert(ignore_permissions=True)
smriti_retail_os/setup.py,205,def create_reporting_doctypes():,False,,doc.insert(ignore_permissions=True)
smriti_retail_os/setup.py,258,def create_reporting_doctypes():,False,,doc.insert(ignore_permissions=True)
smriti_retail_os/setup.py,271,def create_reporting_doctypes():,False,,dt.save(ignore_permissions=True)
smriti_retail_os/setup.py,314,def create_reporting_doctypes():,False,,doc.insert(ignore_permissions=True)
smriti_retail_os/setup.py,881,def seed_report_templates():,False,,doc.save(ignore_permissions=True)
smriti_retail_os/setup.py,902,def seed_report_templates():,False,,doc.insert(ignore_permissions=True)
smriti_retail_os/setup.py,943,def create_audit_log_doctype():,False,,doc.insert(ignore_permissions=True)
smriti_retail_os/setup.py,994,def create_master_doctypes():,False,,doc.insert(ignore_permissions=True)
smriti_retail_os/setup.py,1015,def seed_master_doctypes():,False,,doc.insert(ignore_permissions=True)
smriti_retail_os/setup.py,1154,def seed_master_doctypes():,False,,doc.save(ignore_permissions=True)
smriti_retail_os/setup.py,1162,def seed_master_doctypes():,False,,doc.insert(ignore_permissions=True)
smriti_retail_os/setup.py,1187,def backup_and_seed_existing_data():,False,,doc.insert(ignore_permissions=True)
smriti_retail_os/setup.py,1278,def create_smriti_key_custodian_doctype():,False,,doc.insert(ignore_permissions=True)
smriti_retail_os/setup.py,1342,def create_smriti_print_job_doctype():,False,,doc.insert(ignore_permissions=True)
smriti_retail_os/setup.py,1378,def create_smriti_loyalty_tier_doctype():,False,,doc.insert(ignore_permissions=True)
smriti_retail_os/setup.py,1421,def create_smriti_loyalty_rule_doctype():,False,,doc.insert(ignore_permissions=True)
smriti_retail_os/setup.py,1452,def create_smriti_settings_doctype():,False,,doc.insert(ignore_permissions=True)
smriti_retail_os/setup.py,1487,def create_smriti_cge_settings_doctype():,False,,doc.insert(ignore_permissions=True)
smriti_retail_os/setup.py,1511,def create_smriti_barcode_settings_doctype():,False,,settings.save(ignore_permissions=True)
smriti_retail_os/setup.py,1564,def create_smriti_barcode_scan_event_doctype():,False,,doc.insert(ignore_permissions=True)
smriti_retail_os/setup.py,1609,def create_smriti_barcode_telemetry_snapshot_doctype():,False,,doc.insert(ignore_permissions=True)
smriti_retail_os/setup.py,1658,def create_smriti_trial_health_snapshot_doctype():,False,,doc.insert(ignore_permissions=True)
smriti_retail_os/setup.py,1718,def seed_trial_health_formula():,False,,doc.insert(ignore_permissions=True)
smriti_retail_os/setup.py,1760,def create_smriti_wallet_ledger_doctype():,False,,doc.insert(ignore_permissions=True)
smriti_retail_os/setup.py,1799,def create_smriti_coupon_campaign_doctype():,False,,doc.insert(ignore_permissions=True)
smriti_retail_os/setup.py,1834,def create_smriti_liability_snapshot_doctype():,False,,doc.insert(ignore_permissions=True)
smriti_retail_os/setup.py,1872,def create_smriti_rule_evaluation_log_doctype():,False,,doc.insert(ignore_permissions=True)
smriti_retail_os/setup.py,1965,def create_udne_doctypes():,False,,doc.insert(ignore_permissions=True)
smriti_retail_os/setup.py,1993,def create_udne_doctypes():,False,,doc.insert(ignore_permissions=True)
smriti_retail_os/setup.py,2024,def create_udne_doctypes():,False,,doc.insert(ignore_permissions=True)
smriti_retail_os/setup.py,2064,def create_udne_doctypes():,False,,doc.insert(ignore_permissions=True)
smriti_retail_os/setup.py,2079,def _seed_root_item_group():,False,,}).insert(ignore_permissions=True)
smriti_retail_os/setup.py,2097,def setup_smriti_retail_os():,False,,role.insert(ignore_permissions=True)
smriti_retail_os/setup.py,3020,def setup_smriti_retail_os():,False,,ws.save(ignore_permissions=True)
smriti_retail_os/setup.py,3033,def setup_smriti_retail_os():,False,,ws.insert(ignore_permissions=True)
smriti_retail_os/setup.py,3181,def setup_smriti_retail_os():,False,,p.insert(ignore_permissions=True)
smriti_retail_os/setup.py,3217,def _setup_module_profiles():,False,,doc.insert(ignore_permissions=True)
smriti_retail_os/setup.py,3243,def _setup_module_profiles():,False,,doc.insert(ignore_permissions=True)
smriti_retail_os/setup.py,3425,def patch_company_tax_invoice(print_format_name=None):,False,,pf.save(ignore_permissions=True)
smriti_retail_os/setup.py,3450,def create_default_admin_account():,False,,doc.insert(ignore_permissions=True)
smriti_retail_os/setup.py,3488,def seed_retail_defaults():,False,,addr.insert(ignore_permissions=True)
smriti_retail_os/setup.py,3503,def seed_retail_defaults():,False,,cg_parent.insert(ignore_permissions=True)
smriti_retail_os/setup.py,3508,def seed_retail_defaults():,False,,cg_doc.insert(ignore_permissions=True)
smriti_retail_os/setup.py,3518,def seed_retail_defaults():,False,,terr_parent.insert(ignore_permissions=True)
smriti_retail_os/setup.py,3523,def seed_retail_defaults():,False,,terr_doc.insert(ignore_permissions=True)
smriti_retail_os/setup.py,3531,def seed_retail_defaults():,False,,cust.insert(ignore_permissions=True)
smriti_retail_os/setup.py,3544,def seed_retail_defaults():,False,,doc.insert(ignore_permissions=True)
smriti_retail_os/setup.py,3591,def seed_retail_defaults():,False,,mop_doc.save(ignore_permissions=True)
smriti_retail_os/inventory_api.py,81,"def get_or_create_batch(item_code, expiry_date=None):",False,,batch_doc.insert(ignore_permissions=True)
smriti_retail_os/inventory_api.py,91,"def get_or_create_batch(item_code, expiry_date=None):",False,,batch_doc.insert(ignore_permissions=True)
smriti_retail_os/inventory_api.py,207,"def create_grn(supplier, invoice_no, items, warehouse=None):",True,@frappe.whitelist(),pr.insert(ignore_permissions=True)
smriti_retail_os/inventory_api.py,262,"def create_stock_transfer(from_warehouse, to_warehouse, items):",True,@frappe.whitelist(),se.insert(ignore_permissions=True)
smriti_retail_os/inventory_api.py,345,"def create_stock_adjustment(items, reason):",True,@frappe.whitelist(),se.insert(ignore_permissions=True)
smriti_retail_os/inventory_api.py,400,def create_stock_audit(items):,True,@frappe.whitelist(),sr.insert(ignore_permissions=True)
smriti_retail_os/billing_api.py,181,"def hold_bill(cashier, customer, items, remarks=None, sales_staff=None):",True,@frappe.whitelist(),pos_invoice.save(ignore_permissions=True)
smriti_retail_os/billing_api.py,540,"def submit_bill(cashier, customer, items, payments, loyalty_points=0, invoice_name=None, remarks=None, sales_staff=None, on_credit=0, tax_override=""Default"", billing_address=None, shipping_address=None, billing_session_id=None, bill_discount_percentage=0.0, bill_discount_amount=0.0, manager_pin=None):",True,@frappe.whitelist(),invoice_doc.save(ignore_permissions=True)
smriti_retail_os/billing_api.py,542,"def submit_bill(cashier, customer, items, payments, loyalty_points=0, invoice_name=None, remarks=None, sales_staff=None, on_credit=0, tax_override=""Default"", billing_address=None, shipping_address=None, billing_session_id=None, bill_discount_percentage=0.0, bill_discount_amount=0.0, manager_pin=None):",True,@frappe.whitelist(),invoice_doc.insert(ignore_permissions=True)
smriti_retail_os/billing_api.py,554,"def submit_bill(cashier, customer, items, payments, loyalty_points=0, invoice_name=None, remarks=None, sales_staff=None, on_credit=0, tax_override=""Default"", billing_address=None, shipping_address=None, billing_session_id=None, bill_discount_percentage=0.0, bill_discount_amount=0.0, manager_pin=None):",True,@frappe.whitelist(),"frappe.delete_doc(""POS Invoice"", invoice_name, ignore_permissions=True)"
smriti_retail_os/billing_api.py,613,"def process_post_billing_tasks(invoice_name, doctype, payments_list, company):",True,@frappe.whitelist(),pe.insert(ignore_permissions=True)
smriti_retail_os/billing_api.py,850,"def validate_manager_override(pin, action_type, invoice_name=None):",True,@frappe.whitelist(),}).insert(ignore_permissions=True)
smriti_retail_os/billing_api.py,942,def create_return_invoice(invoice_name):,True,@frappe.whitelist(),return_doc.insert(ignore_permissions=True)
smriti_retail_os/billing_api.py,1057,"def create_custom_sales_return(customer, items, return_against_invoice=None, remarks=None, company=None, draft=0):",True,@frappe.whitelist(),return_doc.insert(ignore_permissions=True)
smriti_retail_os/billing_api.py,1140,"def update_sales_return(name, items, remarks=None, draft=0):",True,@frappe.whitelist(),doc.save(ignore_permissions=True)
smriti_retail_os/billing_api.py,1188,"def delete_sales_return(name, manager_pin=None):",True,@frappe.whitelist(),"frappe.delete_doc(""Sales Invoice"", name, ignore_permissions=True)"
smriti_retail_os/sales_order_api.py,125,"def create_sales_order(customer, items, delivery_date=None, remarks=None):",True,@frappe.whitelist(),so.insert(ignore_permissions=True)
smriti_retail_os/psv_migration_service.py,54,"def create_reversal_entry(original_name, reason):",True,@frappe.whitelist(),rev.insert(ignore_permissions=True)
smriti_retail_os/psv_migration_service.py,136,def migrate_to_new_psv_partner(dry_run=0):,True,@frappe.whitelist(),partner_doc.insert(ignore_permissions=True)
smriti_retail_os/psv_migration_service.py,199,def migrate_to_new_psv_partner(dry_run=0):,True,@frappe.whitelist(),ledger_doc.insert(ignore_permissions=True)
smriti_retail_os/reports_api.py,1482,def run(self):,True,@frappe.whitelist(),log_doc.insert(ignore_permissions=True)
smriti_retail_os/reports_api.py,1529,def run(self):,True,@frappe.whitelist(),explain_log.insert(ignore_permissions=True)
smriti_retail_os/reports_api.py,2219,"def save_smriti_saved_view(view_name, report_key, applied_filters_json, visible_columns_json, is_default=0):",True,@frappe.whitelist(),doc.insert(ignore_permissions=True)
smriti_retail_os/reports_api.py,2240,def delete_smriti_saved_view(view_name):,True,@frappe.whitelist(),"frappe.delete_doc(""SMRITI Saved View"", view_name, ignore_permissions=True)"
smriti_retail_os/reports_api.py,2345,"def log_explain_audit_event(event_type, report, fieldname, recovered_expression):",True,@frappe.whitelist(),log_doc.insert(ignore_permissions=True)
smriti_retail_os/reports_api.py,2538,"def export_smriti_report(report_key, filters=None, format_type=""csv""):",True,@frappe.whitelist(),log_doc.insert(ignore_permissions=True)
smriti_retail_os/master_api.py,73,"def quick_create_item(item_name, barcode, rate, mrp, gst_percentage, style_code=None):",True,@frappe.whitelist(),hsn_doc.insert(ignore_permissions=True)
smriti_retail_os/master_api.py,94,"def quick_create_item(item_name, barcode, rate, mrp, gst_percentage, style_code=None):",True,@frappe.whitelist(),item.insert(ignore_permissions=True)
smriti_retail_os/master_api.py,101,"def quick_create_item(item_name, barcode, rate, mrp, gst_percentage, style_code=None):",True,@frappe.whitelist(),item.save(ignore_permissions=True)
smriti_retail_os/master_api.py,125,"def create_item_price(item_code, price_list, rate):",True,@frappe.whitelist(),pl.insert(ignore_permissions=True)
smriti_retail_os/master_api.py,141,"def create_item_price(item_code, price_list, rate):",True,@frappe.whitelist(),ip.insert(ignore_permissions=True)
smriti_retail_os/master_api.py,167,"def quick_create_customer(customer_name, mobile_no):",True,@frappe.whitelist(),cg.insert(ignore_permissions=True)
smriti_retail_os/master_api.py,180,"def quick_create_customer(customer_name, mobile_no):",True,@frappe.whitelist(),t.insert(ignore_permissions=True)
smriti_retail_os/master_api.py,185,"def quick_create_customer(customer_name, mobile_no):",True,@frappe.whitelist(),cust.insert(ignore_permissions=True)
smriti_retail_os/master_api.py,218,"def quick_create_supplier(supplier_name, mobile_no=None):",True,@frappe.whitelist(),sg.insert(ignore_permissions=True)
smriti_retail_os/master_api.py,225,"def quick_create_supplier(supplier_name, mobile_no=None):",True,@frappe.whitelist(),supp.insert(ignore_permissions=True)
smriti_retail_os/master_api.py,248,"def save_supplier_on_fly(supplier_name, supplier_group, supplier_type, name=None):",True,@frappe.whitelist(),doc.save(ignore_permissions=True)
smriti_retail_os/master_api.py,262,"def save_supplier_on_fly(supplier_name, supplier_group, supplier_type, name=None):",True,@frappe.whitelist(),doc.insert(ignore_permissions=True)
smriti_retail_os/master_api.py,444,def save_supplier_detail(**kwargs):,True,@frappe.whitelist(),sg.insert(ignore_permissions=True)
smriti_retail_os/master_api.py,446,def save_supplier_detail(**kwargs):,True,@frappe.whitelist(),doc.save(ignore_permissions=True)
smriti_retail_os/master_api.py,459,def save_supplier_detail(**kwargs):,True,@frappe.whitelist(),contact.save(ignore_permissions=True)
smriti_retail_os/master_api.py,471,def save_supplier_detail(**kwargs):,True,@frappe.whitelist(),contact.insert(ignore_permissions=True)
smriti_retail_os/master_api.py,512,"def save_customer_detail(customer_name, customer_type, customer_group, territory, mobile_no, email_id, tax_id, gst_category, pan, custom_address_text, custom_shipping_address_text=None, custom_tax_inclusive_override=""Default"", name=None):",True,@frappe.whitelist(),cg.insert(ignore_permissions=True)
smriti_retail_os/master_api.py,517,"def save_customer_detail(customer_name, customer_type, customer_group, territory, mobile_no, email_id, tax_id, gst_category, pan, custom_address_text, custom_shipping_address_text=None, custom_tax_inclusive_override=""Default"", name=None):",True,@frappe.whitelist(),t.insert(ignore_permissions=True)
smriti_retail_os/master_api.py,519,"def save_customer_detail(customer_name, customer_type, customer_group, territory, mobile_no, email_id, tax_id, gst_category, pan, custom_address_text, custom_shipping_address_text=None, custom_tax_inclusive_override=""Default"", name=None):",True,@frappe.whitelist(),doc.save(ignore_permissions=True)
smriti_retail_os/master_api.py,664,"def create_item_tax_template(title, gst_rate, taxes):",True,@frappe.whitelist(),doc.insert(ignore_permissions=True)
smriti_retail_os/master_api.py,704,"def create_brand(brand_name, brand_description=None):",True,@frappe.whitelist(),doc.insert(ignore_permissions=True)
smriti_retail_os/master_api.py,718,def delete_brand(brand_name):,True,@frappe.whitelist(),"frappe.delete_doc(""Brand"", brand_name, ignore_permissions=True)"
smriti_retail_os/shift_api.py,401,"def _validate_manager_pin(pin, action_type, reference_name=None):",True,@frappe.whitelist(),}).insert(ignore_permissions=True)
smriti_retail_os/psv_snapshot_service.py,273,def generate_snapshots():,True,@frappe.whitelist(),snap.insert(ignore_permissions=True)
smriti_retail_os/psv_snapshot_service.py,289,def generate_snapshots():,True,@frappe.whitelist(),settings.save(ignore_permissions=True)
smriti_retail_os/company_api.py,188,"def save_company_settings(company=None, settings=None):",True,@frappe.whitelist(),doc.save(ignore_permissions=True)
smriti_retail_os/company_api.py,194,"def save_company_settings(company=None, settings=None):",True,@frappe.whitelist(),doc.insert(ignore_permissions=True)
smriti_retail_os/company_api.py,353,"def save_store_address(company=None, address_data=None):",True,@frappe.whitelist(),addr.save(ignore_permissions=True)
smriti_retail_os/company_api.py,373,"def ensure_company_settings(doc, method=None):",True,@frappe.whitelist(),new_doc.insert(ignore_permissions=True)
smriti_retail_os/company_api.py,416,"def create_company(company_name, abbr, country=""India"", default_currency=""INR"", gstin=None):",True,@frappe.whitelist(),doc.insert(ignore_permissions=True)
smriti_retail_os/company_api.py,458,"def update_company(company, company_name=None, gstin=None, default_currency=None):",True,@frappe.whitelist(),doc.save(ignore_permissions=True)
smriti_retail_os/company_api.py,503,def delete_company(company):,True,@frappe.whitelist(),"CompanyRepository.delete_doc(_SETTINGS_DOCTYPE, settings_name, ignore_permissions=True)"
smriti_retail_os/company_api.py,505,def delete_company(company):,True,@frappe.whitelist(),"CompanyRepository.delete_doc(""Company"", company, ignore_permissions=True)"
smriti_retail_os/company_api.py,687,"def save_item_attributes(company=None, attributes=None):",True,@frappe.whitelist(),doc.insert(ignore_permissions=True)
smriti_retail_os/company_api.py,706,"def save_item_attributes(company=None, attributes=None):",True,@frappe.whitelist(),audit_doc.insert(ignore_permissions=True)
smriti_retail_os/company_api.py,761,def reset_item_attributes(company=None):,True,@frappe.whitelist(),audit_doc.insert(ignore_permissions=True)
smriti_retail_os/key_recovery_service.py,62,def send_verification_email(email):,False,,doc.save(ignore_permissions=True)
smriti_retail_os/key_recovery_service.py,74,def send_verification_email(email):,False,,doc.insert(ignore_permissions=True)
smriti_retail_os/key_recovery_service.py,105,"def confirm_verification(email, otp):",False,,doc.save(ignore_permissions=True)
smriti_retail_os/key_recovery_service.py,155,def send_recovery_fragments():,False,,doc.save(ignore_permissions=True)
smriti_retail_os/security_api.py,176,"def save_user(email, first_name, last_name=None, roles=None, role_profile=None):",True,@frappe.whitelist(),user.insert(ignore_permissions=True)
smriti_retail_os/security_api.py,195,"def save_user(email, first_name, last_name=None, roles=None, role_profile=None):",True,@frappe.whitelist(),user.save(ignore_permissions=True)
smriti_retail_os/security_api.py,408,def create_role(role_name):,True,@frappe.whitelist(),doc.insert(ignore_permissions=True)
smriti_retail_os/security_api.py,420,def delete_role(role_name):,True,@frappe.whitelist(),"SecurityRepository.delete_doc(""Role"", role_name, ignore_permissions=True)"
smriti_retail_os/security_api.py,469,"def save_role_profile(name, roles):",True,@frappe.whitelist(),doc.save(ignore_permissions=True)
smriti_retail_os/security_api.py,481,def delete_role_profile(name):,True,@frappe.whitelist(),"SecurityRepository.delete_doc(""Role Profile"", name, ignore_permissions=True)"
smriti_retail_os/security_api.py,639,"def save_workflow(name, document_type, is_active, states, transitions):",True,@frappe.whitelist(),doc.save(ignore_permissions=True)
smriti_retail_os/security_api.py,651,def delete_workflow(name):,True,@frappe.whitelist(),"SecurityRepository.delete_doc(""Workflow"", name, ignore_permissions=True)"
smriti_retail_os/security_api.py,672,"def save_workflow_state(name, style):",True,@frappe.whitelist(),doc.save(ignore_permissions=True)
smriti_retail_os/security_api.py,677,"def save_workflow_state(name, style):",True,@frappe.whitelist(),doc.insert(ignore_permissions=True)
smriti_retail_os/transaction_kernel.py,275,def _ensure_sentinel_item():,True,@frappe.whitelist(),}).insert(ignore_permissions=True)
smriti_retail_os/transaction_kernel.py,489,"def _build_and_persist_doc(doctype, enriched, meta, company, action):",True,@frappe.whitelist(),─── Security Architecture Note — ignore_permissions=True ────────────────
smriti_retail_os/transaction_kernel.py,490,"def _build_and_persist_doc(doctype, enriched, meta, company, action):",True,@frappe.whitelist(),This function uses ignore_permissions=True on doc.insert() and doc.save().
smriti_retail_os/transaction_kernel.py,575,"def _build_and_persist_doc(doctype, enriched, meta, company, action):",True,1. Authentication:   @frappe.whitelist() on execute_smriti_transaction ensures,save_flags = dict(ignore_permissions=True)
smriti_retail_os/purchase_studio/repository/purchase_repository.py,35,def save_supplier(supplier_doc):,False,,supplier_doc.save(ignore_permissions=True)
smriti_retail_os/purchase_studio/repository/purchase_repository.py,60,def save_po(po_doc):,False,,po_doc.save(ignore_permissions=True)
smriti_retail_os/purchase_studio/repository/purchase_repository.py,65,def insert_po(po_doc):,False,,po_doc.insert(ignore_permissions=True)
smriti_retail_os/purchase_studio/repository/purchase_repository.py,71,def submit_po(po_doc):,False,,po_doc.save(ignore_permissions=True)
smriti_retail_os/purchase_studio/repository/purchase_repository.py,77,def cancel_po(po_doc):,False,,po_doc.save(ignore_permissions=True)
smriti_retail_os/purchase_studio/adapter/erp_adapter.py,108,def insert_and_submit_po(po_doc):,False,,po_doc.insert(ignore_permissions=True)
smriti_retail_os/purchase_studio/adapter/erp_adapter.py,162,"def get_or_create_batch(item_code, expiry_date=None):",False,,batch.insert(ignore_permissions=True)
smriti_retail_os/purchase_studio/adapter/erp_adapter.py,203,def insert_and_submit_grn(pr_doc):,False,,pr_doc.insert(ignore_permissions=True)
smriti_retail_os/purchase_studio/adapter/erp_adapter.py,249,def insert_and_submit_pi(pi_doc):,False,,pi_doc.insert(ignore_permissions=True)
smriti_retail_os/purchase_studio/adapter/erp_adapter.py,281,def insert_and_submit_return(ret_doc):,False,,ret_doc.insert(ignore_permissions=True)
smriti_retail_os/purchase_studio/adapter/erp_adapter.py,310,def insert_and_submit_debit_note(dn_doc):,False,,dn_doc.insert(ignore_permissions=True)
smriti_retail_os/purchase_studio/adapter/erp_adapter.py,720,"def auto_create_item_if_missing(item_code, rate, file_url=None):",False,,item.insert(ignore_permissions=True)
smriti_retail_os/purchase_studio/adapter/erp_adapter.py,735,"def auto_create_item_if_missing(item_code, rate, file_url=None):",False,,ip.insert(ignore_permissions=True)
smriti_retail_os/purchase_studio/adapter/erp_adapter.py,907,def insert_and_submit_lcv(lcv):,False,,lcv.insert(ignore_permissions=True)
smriti_retail_os/purchase_studio/adapter/erp_adapter.py,965,def get_or_create_bridge_supplier(smriti_supplier_name):,False,,erp_supplier.insert(ignore_permissions=True)
smriti_retail_os/purchase_studio/adapter/erp_adapter.py,1056,"def build_and_submit_return(grn_name, return_items=None, reason=None):",False,,return_doc.insert(ignore_permissions=True)
smriti_retail_os/purchase_studio/service/audit_service.py,68,"def log(event_type, payload, before=None, after=None, reason=None, user=None):",False,,doc.insert(ignore_permissions=True)
smriti_retail_os/purchase_studio/service/purchase_settings_service.py,190,def save_settings(fields):,False,,s.save(ignore_permissions=True)
smriti_retail_os/analytics_studio/sas_api.py,349,"def sas_save_view(view_name, report_key, state_json):",True,@frappe.whitelist(),doc.insert(ignore_permissions=True)
smriti_retail_os/analytics_studio/sas_api.py,392,"def sas_delete_view(view_name, report_key):",True,@frappe.whitelist(),"frappe.delete_doc(""SMRITI Saved View"", existing, ignore_permissions=True)"
smriti_retail_os/services/explain_service.py,144,"def log_explain_audit(formula_id, version, category):",False,,log.insert(ignore_permissions=True)
smriti_retail_os/services/dictionary_service.py,214,"def log_dictionary_access(term_id, version, category):",False,,log.insert(ignore_permissions=True)
smriti_retail_os/services/trial_service.py,158,"def generate_health_snapshot(snapshot_type=""Daily"", operator=None):",False,,doc.insert(ignore_permissions=True)
smriti_retail_os/services/knowledge_service.py,721,"def sync_knowledge_asset_on_save(doc, method=None):",True,@frappe.whitelist(),asset_doc.save(ignore_permissions=True)
smriti_retail_os/services/knowledge_service.py,738,"def sync_knowledge_asset_on_save(doc, method=None):",True,@frappe.whitelist(),new_asset.insert(ignore_permissions=True)
smriti_retail_os/services/knowledge_service.py,760,"def sync_knowledge_asset_on_save(doc, method=None):",True,@frappe.whitelist(),}).insert(ignore_permissions=True)
smriti_retail_os/services/knowledge_service.py,776,"def sync_knowledge_asset_on_save(doc, method=None):",True,@frappe.whitelist(),}).insert(ignore_permissions=True)
smriti_retail_os/services/lookup_service.py,279,"def create(entity, data):",False,,doc.insert(ignore_permissions=True)
smriti_retail_os/services/udne/engine.py,49,"def generate_number(doctype: str, context: GenerationContext) -> UDNEResult:",False,,res_doc.save(ignore_permissions=True)
smriti_retail_os/services/udne/engine.py,58,"def generate_number(doctype: str, context: GenerationContext) -> UDNEResult:",False,,res_doc.save(ignore_permissions=True)
smriti_retail_os/services/udne/reservation_manager.py,27,"def reserve_range(doctype: str, terminal_id: str, count: int, rule_name: str, reset_rule: str, context_dict: dict, expiry_hours: int = 24) -> dict:",False,,doc.insert(ignore_permissions=True)
smriti_retail_os/services/udne/reservation_manager.py,58,"def reserve_range(doctype: str, terminal_id: str, count: int, rule_name: str, reset_rule: str, context_dict: dict, expiry_hours: int = 24) -> dict:",False,,res_doc.insert(ignore_permissions=True)
smriti_retail_os/services/udne/counter_manager.py,50,"def increment_counter(rule_name: str, reset_rule: str, context_dict: dict) -> int:",False,,doc.insert(ignore_permissions=True)
smriti_retail_os/services/udne/audit_logger.py,44,def log_audit(,False,,doc.insert(ignore_permissions=True)
smriti_retail_os/item_studio/repository/product_repository.py,101,def create(item_data):,False,,hsn_doc.insert(ignore_permissions=True)
smriti_retail_os/item_studio/repository/product_repository.py,104,def create(item_data):,False,,item.insert(ignore_permissions=True)
smriti_retail_os/item_studio/repository/product_repository.py,136,"def update(item_code, item_data):",False,,doc.save(ignore_permissions=True)
smriti_retail_os/item_studio/repository/product_repository.py,165,"def set_price(item_code, price_list, rate):",False,,p.insert(ignore_permissions=True)
smriti_retail_os/item_studio/service/variant_lifecycle_service.py,17,"def ensure_attribute_and_value(attribute, value):",False,,doc.insert(ignore_permissions=True)
smriti_retail_os/item_studio/service/variant_lifecycle_service.py,34,"def ensure_attribute_and_value(attribute, value):",False,,attr_doc.save(ignore_permissions=True)
smriti_retail_os/item_studio/service/variant_lifecycle_service.py,50,"def create_article_template(article_code, item_name, item_group=None, brand=None, hsn_code=None, gst_percentage=18, attributes=None):",False,,b.insert(ignore_permissions=True)
smriti_retail_os/item_studio/service/variant_lifecycle_service.py,80,"def create_article_template(article_code, item_name, item_group=None, brand=None, hsn_code=None, gst_percentage=18, attributes=None):",False,,item.insert(ignore_permissions=True)
smriti_retail_os/item_studio/service/variant_lifecycle_service.py,113,"def resolve_or_create_variant(article, attribute_values):",False,,variant_doc.insert(ignore_permissions=True)
smriti_retail_os/item_studio/service/variant_lifecycle_service.py,121,"def resolve_or_create_variant(article, attribute_values):",False,,variant_doc.save(ignore_permissions=True)
smriti_retail_os/customer_studio/repository/customer_repository.py,83,def create(customer_data):,False,,cust.insert(ignore_permissions=True)
smriti_retail_os/customer_studio/repository/customer_repository.py,96,def create(customer_data):,False,,addr.insert(ignore_permissions=True)
smriti_retail_os/customer_studio/repository/customer_repository.py,120,"def update(customer_id, customer_data):",False,,doc.save(ignore_permissions=True)
smriti_retail_os/repositories/pos_profile_repository.py,72,def save_profile(data):,False,,doc.save(ignore_permissions=True)
smriti_retail_os/api/supplier_returns_api.py,155,"def submit_supplier_return(receipt_name, return_items, remarks=None, manager_pin=None):",True,@frappe.whitelist(),return_doc.insert(ignore_permissions=True)
smriti_retail_os/api/payment_api.py,186,def create_payment(,True,@frappe.whitelist(),doc.insert(ignore_permissions=True)
smriti_retail_os/api/trial_operations_api.py,80,"def _update_lead_status(lead_name, new_status, note_line):",False,,lead.save(ignore_permissions=True)
smriti_retail_os/api/trial_operations_api.py,122,def expire_trials():,False,,activation.save(ignore_permissions=True)
smriti_retail_os/api/trial_operations_api.py,360,def cleanup_failed_provisioning():,False,,activation.save(ignore_permissions=True)
smriti_retail_os/api/brand_api.py,62,"def create_brand(brand_name, description=None):",True,@frappe.whitelist(),doc.insert(ignore_permissions=True)
smriti_retail_os/api/brand_api.py,78,"def update_brand(brand_name, description=None):",True,@frappe.whitelist(),doc.save(ignore_permissions=True)
smriti_retail_os/api/brand_api.py,96,def delete_brand(brand_name):,True,@frappe.whitelist(),"frappe.delete_doc(""Brand"", brand_name, ignore_permissions=True)"
smriti_retail_os/api/knowledge_studio_api.py,185,"def log_telemetry_event(event_type, query=None, target_asset=None, has_result=1, resolution_time_ms=0, provider_hit=None, confidence_source=None):",True,@frappe.whitelist(),doc.insert(ignore_permissions=True)
smriti_retail_os/api/seed_stock.py,65,def run():,False,,se.insert(ignore_permissions=True)
smriti_retail_os/api/category_api.py,50,def _ensure_root_item_group():,True,@frappe.whitelist(),root.insert(ignore_permissions=True)
smriti_retail_os/api/category_api.py,81,"def create_category(category_name, parent_category=None, is_group=0):",True,@frappe.whitelist(),doc.insert(ignore_permissions=True)
smriti_retail_os/api/category_api.py,104,"def update_category(category_name, parent_category=None):",True,@frappe.whitelist(),doc.save(ignore_permissions=True)
smriti_retail_os/api/category_api.py,129,def delete_category(category_name):,True,@frappe.whitelist(),"frappe.delete_doc(""Item Group"", category_name, ignore_permissions=True)"
smriti_retail_os/api/trial_activation_api.py,98,"def _write_provision_log(activation_name, run_id, step_name, step_status,",False,,log.insert(ignore_permissions=True)
smriti_retail_os/api/trial_activation_api.py,249,"def create_activation(lead_name, activation_type='Trial', trial_days=30):",True,@frappe.whitelist(),activation.insert(ignore_permissions=True)
smriti_retail_os/api/trial_activation_api.py,306,"def activate_account(activation_name, company_name=None, trial_days=30):",True,@frappe.whitelist(),activation.save(ignore_permissions=True)
smriti_retail_os/api/trial_activation_api.py,371,"def activate_account(activation_name, company_name=None, trial_days=30):",True,@frappe.whitelist(),activation.save(ignore_permissions=True)
smriti_retail_os/api/trial_activation_api.py,405,"def _fail_activation(activation, run_id, reason):",True,@frappe.whitelist(),activation.save(ignore_permissions=True)
smriti_retail_os/api/trial_activation_api.py,440,"def retry_provision(activation_name, company_name=None, trial_days=30):",True,@frappe.whitelist(),activation.save(ignore_permissions=True)
smriti_retail_os/api/trial_activation_api.py,471,"def suspend_activation(activation_name, reason=None):",True,@frappe.whitelist(),activation.save(ignore_permissions=True)
smriti_retail_os/api/trial_activation_api.py,501,"def extend_trial(activation_name, additional_days=7, reason=None):",True,@frappe.whitelist(),activation.save(ignore_permissions=True)
smriti_retail_os/api/trial_activation_api.py,536,def mark_converted_to_paid(activation_name):,True,@frappe.whitelist(),activation.save(ignore_permissions=True)
smriti_retail_os/api/trial_activation_api.py,711,"def _ensure_company(company_name, errors):",True,@frappe.whitelist(),co.insert(ignore_permissions=True)
smriti_retail_os/api/trial_activation_api.py,729,"def _ensure_warehouse(company_name, errors):",True,@frappe.whitelist(),wh.insert(ignore_permissions=True)
smriti_retail_os/api/trial_activation_api.py,748,"def _ensure_customer_group(company_name, errors):",True,@frappe.whitelist(),cg.insert(ignore_permissions=True)
smriti_retail_os/api/trial_activation_api.py,769,"def _ensure_trial_user(activation, company_name, errors):",True,@frappe.whitelist(),user.insert(ignore_permissions=True)
smriti_retail_os/api/trial_activation_api.py,813,"def _update_lead_status(lead_name, new_status, note_line):",True,@frappe.whitelist(),lead.save(ignore_permissions=True)
smriti_retail_os/api/scheme_api.py,131,"def create_scheme(title, apply_on, applied_to, discount_type, value, valid_from=None, valid_upto=None, company=None,",True,@frappe.whitelist(),doc.insert(ignore_permissions=True)
smriti_retail_os/api/scheme_api.py,181,"def update_scheme(name, title, apply_on, applied_to, discount_type, value, valid_from=None, valid_upto=None,",True,@frappe.whitelist(),doc.save(ignore_permissions=True)
smriti_retail_os/api/scheme_api.py,195,def delete_scheme(name):,True,@frappe.whitelist(),"frappe.delete_doc(""Pricing Rule"", name, ignore_permissions=True)"
smriti_retail_os/api/udne_api.py,42,def save_rule(doc_data: str) -> dict:,True,@frappe.whitelist(),doc.save(ignore_permissions=True)
smriti_retail_os/api/udne_api.py,57,def save_rule(doc_data: str) -> dict:,True,@frappe.whitelist(),doc.insert(ignore_permissions=True)
smriti_retail_os/api/seed_pos_data.py,48,def run():,False,,itt.insert(ignore_permissions=True)
smriti_retail_os/api/seed_pos_data.py,72,def run():,False,,ip.insert(ignore_permissions=True)
smriti_retail_os/api/seed_pos_data.py,86,def run():,False,,item.save(ignore_permissions=True)
smriti_retail_os/api/seed_pos_data.py,118,def run():,False,,template.insert(ignore_permissions=True)
smriti_retail_os/api/seed_pos_data.py,139,def run():,False,,pos_profile.save(ignore_permissions=True)
smriti_retail_os/api/help_api.py,1515,def start_psv_exam(exam_id=None):,True,@frappe.whitelist(),attempt_doc.insert(ignore_permissions=True)
smriti_retail_os/api/help_api.py,1566,"def submit_psv_exam(attempt_id=None, answers_json=None):",True,@frappe.whitelist(),attempt_doc.save(ignore_permissions=True)
smriti_retail_os/api/help_api.py,1625,"def submit_psv_exam(attempt_id=None, answers_json=None):",True,@frappe.whitelist(),attempt_doc.save(ignore_permissions=True)
smriti_retail_os/api/help_api.py,1677,def get_psv_exam_status(exam_id=None):,True,@frappe.whitelist(),doc.save(ignore_permissions=True)
smriti_retail_os/api/trial_api.py,58,def submit_trial_lead(,True,@frappe.whitelist(allow_guest=True),lead.insert(ignore_permissions=True)
smriti_retail_os/api/trial_api.py,118,"def update_lead_status(lead_name, new_status, notes=None):",True,@frappe.whitelist(),lead.save(ignore_permissions=True)
smriti_retail_os/api/license_api.py,173,"def activate_license(license_key, organization_name="""", owner_name="""",",True,@frappe.whitelist(),doc.save(ignore_permissions=True)
smriti_retail_os/api/license_api.py,192,"def activate_license(license_key, organization_name="""", owner_name="""",",True,@frappe.whitelist(),doc.save(ignore_permissions=True)
smriti_retail_os/api/license_api.py,225,def sync_from_company():,True,@frappe.whitelist(),doc.save(ignore_permissions=True)
smriti_retail_os/api/license_api.py,236,def sync_from_company():,True,@frappe.whitelist(),doc.save(ignore_permissions=True)
smriti_retail_os/integration/repository/queue_repository.py,92,"def insert_queue_entry(event_type: str, doc_type: str, doc_name: str, adapter_id: str, payload_dict: dict, priority: str) -> str:",False,,doc.insert(ignore_permissions=True)
smriti_retail_os/integration/repository/queue_repository.py,157,"def log_audit_entry(queue_id: str, adapter_id: str, event_type: str, doc_type: str, doc_name: str, payload: dict, success: bool, response_id: str = None, error: str = None, duration_ms: int = 0):",False,,log_doc.insert(ignore_permissions=True)
smriti_retail_os/negative_stock/api/negative_stock_api.py,49,"def validate_negative_stock(item_code, warehouse, company, qty, requested_by_user=None):",True,@frappe.whitelist(),case_doc.insert(ignore_permissions=True)
smriti_retail_os/negative_stock/api/negative_stock_api.py,59,"def validate_negative_stock(item_code, warehouse, company, qty, requested_by_user=None):",True,@frappe.whitelist(),case_doc.save(ignore_permissions=True)
smriti_retail_os/negative_stock/service/recovery_service.py,58,"def check_and_recover(self, source_doctype=None, source_name=None, recovery_type=""Auto""):",False,,rec.insert(ignore_permissions=True)
smriti_retail_os/negative_stock/service/approval_service.py,35,"def submit_for_approval(self, user_id=None):",False,,self.case_doc.save(ignore_permissions=True)
smriti_retail_os/negative_stock/service/approval_service.py,61,"def approve(self, approver_user, comment=None, reference=None):",False,,self.case_doc.save(ignore_permissions=True)
smriti_retail_os/negative_stock/service/approval_service.py,80,"def reject(self, approver_user, comment=None):",False,,self.case_doc.save(ignore_permissions=True)
smriti_retail_os/sfm/service/commission_service.py,122,"def process_attribution_ledger_insert(doc, method=None):",False,,evt.insert(ignore_permissions=True)
smriti_retail_os/sfm/service/commission_service.py,141,"def process_attribution_ledger_insert(doc, method=None):",False,,led.insert(ignore_permissions=True)
smriti_retail_os/sfm/service/commission_service.py,160,"def process_attribution_ledger_insert(doc, method=None):",False,,evt.insert(ignore_permissions=True)
smriti_retail_os/sfm/service/commission_service.py,170,"def process_attribution_ledger_insert(doc, method=None):",False,,led.insert(ignore_permissions=True)
smriti_retail_os/sfm/service/commission_service.py,256,"def run_monthly_settlements(company, fiscal_year, month):",False,,doc.insert(ignore_permissions=True)
smriti_retail_os/sfm/service/attribution_service.py,40,"def resolve_store(company, warehouse):",False,,"store.insert(ignore_permissions=True, ignore_if_duplicate=True)"
smriti_retail_os/sfm/service/attribution_service.py,92,"def update_kpi_snapshot(employee, store, date, company):",False,,snapshot.save(ignore_permissions=True)
smriti_retail_os/sfm/service/attribution_service.py,102,"def update_kpi_snapshot(employee, store, date, company):",False,,snapshot.insert(ignore_permissions=True)
smriti_retail_os/sfm/service/attribution_service.py,120,"def process_invoice_submit(doc, method=None):",False,,event.insert(ignore_permissions=True)
smriti_retail_os/sfm/service/attribution_service.py,128,"def process_invoice_submit(doc, method=None):",False,,event.save(ignore_permissions=True)
smriti_retail_os/sfm/service/attribution_service.py,218,"def process_invoice_submit(doc, method=None):",False,,emp.insert(ignore_permissions=True)
smriti_retail_os/sfm/service/attribution_service.py,246,"def process_invoice_submit(doc, method=None):",False,,ledger.insert(ignore_permissions=True)
smriti_retail_os/sfm/service/attribution_service.py,252,"def process_invoice_submit(doc, method=None):",False,,event.save(ignore_permissions=True)
smriti_retail_os/sfm/service/attribution_service.py,260,"def process_invoice_submit(doc, method=None):",False,,event.save(ignore_permissions=True)
smriti_retail_os/sfm/service/attribution_service.py,277,"def process_invoice_cancel(doc, method=None):",False,,event.insert(ignore_permissions=True)
smriti_retail_os/sfm/service/attribution_service.py,310,"def process_invoice_cancel(doc, method=None):",False,,rev.insert(ignore_permissions=True)
smriti_retail_os/sfm/service/attribution_service.py,333,"def process_invoice_cancel(doc, method=None):",False,,event.save(ignore_permissions=True)
smriti_retail_os/barcode/batch_service.py,54,"def enqueue_print_job(template_name, printer_ip, printer_port, payload,",False,,doc.insert(ignore_permissions=True)
smriti_retail_os/barcode/batch_service.py,66,"def enqueue_print_job(template_name, printer_ip, printer_port, payload,",False,,}).insert(ignore_permissions=True)
smriti_retail_os/barcode/batch_service.py,104,"def _process_print_job(job_id=None, print_job_id=None):",False,,doc.save(ignore_permissions=True)
smriti_retail_os/barcode/batch_service.py,116,"def _audit(operation, status, subject, remarks):",False,,}).insert(ignore_permissions=True)
smriti_retail_os/barcode/batch_service.py,164,"def _audit(operation, status, subject, remarks):",False,,doc.save(ignore_permissions=True)
smriti_retail_os/barcode/batch_service.py,190,"def _audit(operation, status, subject, remarks):",False,,doc.save(ignore_permissions=True)
smriti_retail_os/barcode/batch_service.py,281,def cleanup_old_print_jobs():,False,,"frappe.delete_doc(""SMRITI Print Job"", job.name, ignore_permissions=True)"
smriti_retail_os/barcode/batch_service.py,297,def cleanup_old_print_jobs():,False,,"frappe.delete_doc(""SMRITI Print Job"", job.name, ignore_permissions=True)"
smriti_retail_os/barcode/template_service.py,123,"def save_print_profile(profile_name, template_name, printer_ip, printer_port=9100,",False,,doc.insert(ignore_permissions=True)
smriti_retail_os/barcode/template_service.py,151,"def save_print_profile(profile_name, template_name, printer_ip, printer_port=9100,",False,,doc.save(ignore_permissions=True)
smriti_retail_os/barcode/template_service.py,172,def delete_print_profile(profile_name):,False,,doc.save(ignore_permissions=True)
smriti_retail_os/barcode/template_service.py,251,def _slugify_name(val):,False,,doc.save(ignore_permissions=True)
smriti_retail_os/barcode/template_service.py,260,def _slugify_name(val):,False,,}).insert(ignore_permissions=True)
smriti_retail_os/barcode/template_service.py,270,def _slugify_name(val):,False,,}).insert(ignore_permissions=True)
smriti_retail_os/barcode/template_service.py,282,def delete_print_template(name_id):,False,,"frappe.delete_doc(""SMRITI Print Template"", name_id, ignore_permissions=True)"
smriti_retail_os/barcode/template_service.py,389,"def restore_print_template_version(template_name, version_number, expected_checksum):",False,,doc.save(ignore_permissions=True)
smriti_retail_os/barcode/template_service.py,400,"def restore_print_template_version(template_name, version_number, expected_checksum):",False,,}).insert(ignore_permissions=True)
smriti_retail_os/barcode/analytics_service.py,61,"def log_print_job(template_name, printer_ip, labels_count, success,",False,,log_doc.insert(ignore_permissions=True)
smriti_retail_os/barcode/telemetry_service.py,131,"def log_barcode_scan_event(event_uuid, template_id, barcode_family, printer_profile, scan_method, scan_attempts, scan_success, first_pass_success, store_id=None, pos_invoice=None, pos_invoice_item=None):",True,@frappe.whitelist(),doc.insert(ignore_permissions=True)
smriti_retail_os/barcode/telemetry_service.py,150,def delete_expired_scan_events():,True,@frappe.whitelist(),"frappe.delete_doc(""SMRITI Barcode Scan Event"", ev[""name""], ignore_permissions=True)"
smriti_retail_os/barcode/telemetry_service.py,238,"def aggregate_scan_telemetry(period=""Daily"", target_date=None):",True,@frappe.whitelist(),snapshot.save(ignore_permissions=True)
smriti_retail_os/cge/api/cge_api.py,262,def save_coupon_campaign(campaign_data):,True,@frappe.whitelist(),doc.save(ignore_permissions=True)
smriti_retail_os/cge/api/cge_api.py,286,def save_loyalty_rule(rule_data):,True,@frappe.whitelist(),doc.save(ignore_permissions=True)
smriti_retail_os/cge/api/cge_api.py,310,def save_loyalty_tier(tier_data):,True,@frappe.whitelist(),doc.save(ignore_permissions=True)
smriti_retail_os/cge/service/cge_service.py,301,"def log_trace(self, rule_name, rule_type, status, reason, multiplier=0.0, discount_amount=0.0):",False,,"log_doc.insert(ignore_permissions=True, ignore_links=True, ignore_mandatory=True)"
smriti_retail_os/cge/service/cge_service.py,328,"def reserve_budget(coupon_code, estimated_discount, session_id):",False,,campaign.save(ignore_permissions=True)
smriti_retail_os/cge/service/cge_service.py,363,"def commit_budget(coupon_code, final_discount, session_id):",False,,campaign.save(ignore_permissions=True)
smriti_retail_os/cge/service/cge_service.py,395,def release_expired_reservations():,False,,campaign.save(ignore_permissions=True)
smriti_retail_os/cge/service/cge_service.py,484,"def post_transaction(customer, wallet_type, transaction_type, amount, reference_invoice=None, company=None, remarks=None, adjustment_reason_type=""POS Transaction""):",False,,ledger_doc.insert(ignore_permissions=True)
smriti_retail_os/cge/service/cge_service.py,539,"def reverse_transaction(ledger_seq, reason):",False,,rev_doc.insert(ignore_permissions=True)
smriti_retail_os/cge/service/cge_service.py,616,def reconcile_wallet_liability():,False,,"frappe.delete_doc(""SMRITI Wallet Reconciliation Snapshot"", today_snapshot, ignore_permissions=True)"
smriti_retail_os/cge/service/cge_service.py,618,def reconcile_wallet_liability():,False,,snapshot.insert(ignore_permissions=True)
smriti_retail_os/cge/service/cge_service.py,751,"def create_double_entry_journal(customer, transaction_type, amount, company, seq_id, is_reversal=False, ref_seq=None, reference_invoice=None):",False,,je.insert(ignore_permissions=True)
smriti_retail_os/cge/service/cge_service.py,794,"def get_or_create_account(account_name, account_type, company):",False,,doc.insert(ignore_permissions=True)
smriti_retail_os/cge/service/cge_service.py,889,def generate_nightly_liability_snapshot(company=None):,False,,snapshot.save(ignore_permissions=True)
smriti_retail_os/cge/service/cge_service.py,900,def generate_nightly_liability_snapshot(company=None):,False,,snapshot.insert(ignore_permissions=True)
smriti_retail_os/cge/service/cge_service.py,994,def cleanup_expired_budget_reservations():,False,,campaign.save(ignore_permissions=True)
smriti_retail_os/cge/service/cge_service.py,1041,def execute_snapshot_cleanup():,False,,"frappe.delete_doc(""SMRITI Liability Snapshot"", s.name, ignore_permissions=True)"
smriti_retail_os/cge/service/cge_service.py,1043,def execute_snapshot_cleanup():,False,,"frappe.delete_doc(""SMRITI Liability Snapshot"", s.name, ignore_permissions=True)"
smriti_retail_os/cge/service/cge_service.py,1376,def update_loyalty():,True,@frappe.whitelist(),lpe_doc.insert(ignore_permissions=True)
smriti_retail_os/cge/service/cge_service.py,1407,def revert_budget():,True,@frappe.whitelist(),campaign.save(ignore_permissions=True)
smriti_retail_os/cge/service/cge_service.py,1562,"def save_cge_generic_doc_service(doctype, doc_data):",True,@frappe.whitelist(),doc.save(ignore_permissions=True)
smriti_retail_os/cge/service/cge_service.py,1574,"def delete_cge_generic_doc_service(doctype, name):",True,@frappe.whitelist(),"frappe.delete_doc(doctype, name, ignore_permissions=True)"
smriti_retail_os/user_studio/api/smriti_user_api.py,69,"def update_my_profile(first_name=None, last_name=None, phone=None, language=None, time_zone=None):",True,@frappe.whitelist(),doc.save(ignore_permissions=True)
smriti_retail_os/tests/test_udne.py,49,def test_facade_api(self):,False,,rule.insert(ignore_permissions=True)
smriti_retail_os/tests/test_udne.py,76,def test_priority_resolution(self):,False,,}).insert(ignore_permissions=True)
smriti_retail_os/tests/test_udne.py,85,def test_priority_resolution(self):,False,,}).insert(ignore_permissions=True)
smriti_retail_os/tests/test_udne.py,94,def test_priority_resolution(self):,False,,}).insert(ignore_permissions=True)
smriti_retail_os/tests/test_udne.py,118,def test_cache_invalidation(self):,False,,rule.insert(ignore_permissions=True)
smriti_retail_os/tests/test_udne.py,126,def test_cache_invalidation(self):,False,,rule.save(ignore_permissions=True)
smriti_retail_os/tests/test_udne.py,141,def test_financial_year_rollover(self):,False,,rule.insert(ignore_permissions=True)
smriti_retail_os/tests/test_udne.py,160,def test_reservation_lifecycle(self):,False,,rule.insert(ignore_permissions=True)
smriti_retail_os/tests/test_udne.py,188,def test_gap_scanner_classification(self):,False,,rule.insert(ignore_permissions=True)
smriti_retail_os/tests/test_udne.py,216,def test_explain_generation(self):,False,,rule.insert(ignore_permissions=True)
smriti_retail_os/tests/test_udne.py,254,def test_explain_invalid_json_context(self):,False,,log.insert(ignore_permissions=True)
smriti_retail_os/tests/test_udne.py,270,def test_dashboard_metrics_aggregation(self):,False,,rule.insert(ignore_permissions=True)
smriti_retail_os/tests/test_udne.py,329,def test_search_by_partial_business_number(self):,False,,"doc.insert(ignore_permissions=True, ignore_mandatory=True)"
smriti_retail_os/tests/test_udne.py,366,def test_rule_loader_getdate(self):,False,,rule.insert(ignore_permissions=True)
smriti_retail_os/tests/test_udne.py,411,def test_autoname_transaction_date(self):,False,,rule.insert(ignore_permissions=True)
smriti_retail_os/tests/test_notification_studio.py,29,def setUp(self):,False,,doc.insert(ignore_permissions=True)
smriti_retail_os/tests/test_notification_studio.py,41,def setUp(self):,False,,doc.insert(ignore_permissions=True)
smriti_retail_os/tests/test_cge_v2_constraints.py,114,def test_04_wallet_duplicate_prevention(self):,False,,cust_doc.insert(ignore_permissions=True)
smriti_retail_os/tests/test_cge_v2_constraints.py,123,def test_04_wallet_duplicate_prevention(self):,False,,type_doc.insert(ignore_permissions=True)
smriti_retail_os/tests/test_cge_v2_constraints.py,134,def test_04_wallet_duplicate_prevention(self):,False,,inst_doc.insert(ignore_permissions=True)
smriti_retail_os/tests/test_cge_v2_constraints.py,152,def test_04_wallet_duplicate_prevention(self):,False,,wallet1.insert(ignore_permissions=True)
smriti_retail_os/tests/test_cge_v2_constraints.py,164,def test_04_wallet_duplicate_prevention(self):,False,,"self.assertRaises(frappe.ValidationError, wallet2.insert, ignore_permissions=True)"
smriti_retail_os/tests/test_item_master_api.py,58,def ensure_test_tax_template(company):,False,,t.insert(ignore_permissions=True)
smriti_retail_os/tests/test_item_master_api.py,72,def ensure_item_group(name):,False,,ig.insert(ignore_permissions=True)
smriti_retail_os/tests/test_item_master_api.py,85,"def ensure_attribute_values(attribute, values):",False,,doc.insert(ignore_permissions=True)
smriti_retail_os/tests/test_item_master_api.py,110,"def ensure_attribute_values(attribute, values):",False,,doc.save(ignore_permissions=True)
smriti_retail_os/tests/test_item_master_api.py,126,def setUp(self):,False,,comp.insert(ignore_permissions=True)
smriti_retail_os/tests/test_item_master_api.py,139,def setUp(self):,False,,r.insert(ignore_permissions=True)
smriti_retail_os/tests/test_item_master_api.py,313,def setUp(self):,False,,comp.insert(ignore_permissions=True)
smriti_retail_os/tests/test_item_master_api.py,326,def setUp(self):,False,,r.insert(ignore_permissions=True)
smriti_retail_os/tests/test_item_master_api.py,513,def setUp(self):,False,,comp.insert(ignore_permissions=True)
smriti_retail_os/tests/test_item_master_api.py,524,def setUp(self):,False,,r.insert(ignore_permissions=True)
smriti_retail_os/tests/test_item_master_api.py,621,def test_secondary_barcode_preservation(self):,False,,var_doc.save(ignore_permissions=True)
smriti_retail_os/tests/test_item_master_api.py,654,def test_missing_barcode_detection(self):,False,,item.insert(ignore_permissions=True)
smriti_retail_os/tests/test_item_master_api.py,725,def test_vendor_code_validation(self):,False,,sg.insert(ignore_permissions=True)
smriti_retail_os/tests/test_item_master_api.py,731,def test_vendor_code_validation(self):,False,,supp.insert(ignore_permissions=True)
smriti_retail_os/tests/test_item_master_api.py,850,def test_hsn_gst_rate_derivation(self):,False,,t.insert(ignore_permissions=True)
smriti_retail_os/tests/test_item_master_api.py,864,def test_hsn_gst_rate_derivation(self):,False,,hsn_doc.insert(ignore_permissions=True)
smriti_retail_os/tests/test_item_master_api.py,868,def test_hsn_gst_rate_derivation(self):,False,,brand_doc.insert(ignore_permissions=True)
smriti_retail_os/tests/test_item_master_api.py,878,def test_hsn_gst_rate_derivation(self):,False,,supp.insert(ignore_permissions=True)
smriti_retail_os/tests/test_item_master_api.py,1048,def setUp(self):,False,,comp.insert(ignore_permissions=True)
smriti_retail_os/tests/test_item_master_api.py,1072,def test_import_requires_store_manager(self):,False,,user.insert(ignore_permissions=True)
smriti_retail_os/tests/test_item_master_api.py,1078,def test_import_requires_store_manager(self):,False,,r.insert(ignore_permissions=True)
smriti_retail_os/tests/test_item_master_api.py,1081,def test_import_requires_store_manager(self):,False,,user.save(ignore_permissions=True)
smriti_retail_os/tests/test_item_master_api.py,1108,def test_reset_blocked_with_transactions(self):,False,,cust.insert(ignore_permissions=True)
smriti_retail_os/tests/test_item_master_api.py,1136,def test_reset_blocked_with_transactions(self):,False,,"frappe.delete_doc(""Customer"", created_customer, ignore_permissions=True, force=True)"
smriti_retail_os/tests/test_item_master_api.py,1205,def setUp(self):,False,,comp.insert(ignore_permissions=True)
smriti_retail_os/tests/test_item_master_api.py,1215,def setUp(self):,False,,r.insert(ignore_permissions=True)
smriti_retail_os/tests/test_item_master_api.py,1345,def test_attr_003_duplicate_attribute_protection(self):,False,,doc1.insert(ignore_permissions=True)
smriti_retail_os/tests/test_item_master_api.py,1354,def test_attr_003_duplicate_attribute_protection(self):,False,,doc2.insert(ignore_permissions=True)
smriti_retail_os/tests/test_item_master_api.py,1375,def test_attr_004_ean13_collision_retry(self):,False,,item.insert(ignore_permissions=True)
smriti_retail_os/tests/test_item_master_api.py,1400,"def mock_randint(a, b):",False,,"frappe.delete_doc(""Item"", ""TST-COLLISION-1"", ignore_permissions=True, force=True)"
smriti_retail_os/tests/test_item_master_api.py,1512,def setUpClass(cls):,False,,"frappe.get_doc({""doctype"": ""Brand"", ""brand_name"": ""Nike""}).insert(ignore_permissions=True)"
smriti_retail_os/tests/test_item_master_api.py,1521,def setUpClass(cls):,False,,}).insert(ignore_permissions=True)
smriti_retail_os/tests/test_uie.py,20,def _cleanup_test_data(self):,False,,"frappe.delete_doc(""SMRITI UIE Sync Queue"", q.name, ignore_permissions=True)"
smriti_retail_os/tests/test_uie.py,24,def _cleanup_test_data(self):,False,,"frappe.delete_doc(""SMRITI UIE Credential"", ""Test Bearer Credential"", ignore_permissions=True)"
smriti_retail_os/tests/test_uie.py,28,def _cleanup_test_data(self):,False,,"frappe.delete_doc(""SMRITI UIE Integration"", ""Unsupported Integration"", ignore_permissions=True)"
smriti_retail_os/tests/test_uie.py,45,def setUp(self):,False,,self.cred.insert(ignore_permissions=True)
smriti_retail_os/tests/test_uie.py,59,def setUp(self):,False,,self.endpoint.insert(ignore_permissions=True)
smriti_retail_os/tests/test_uie.py,83,def setUp(self):,False,,self.integration.insert(ignore_permissions=True)
smriti_retail_os/tests/test_uie.py,117,def test_payload_builder_validation(self):,False,,self.integration.save(ignore_permissions=True)
smriti_retail_os/tests/test_uie.py,205,"def test_dead_letter_after_retry_limit(self, mock_request):",False,,q_item.save(ignore_permissions=True)
smriti_retail_os/tests/test_uie.py,213,"def test_dead_letter_after_retry_limit(self, mock_request):",False,,q_item.save(ignore_permissions=True)
smriti_retail_os/tests/test_uie.py,285,def test_credential_auth_bearer(self):,False,,bearer_cred.insert(ignore_permissions=True)
smriti_retail_os/tests/test_uie.py,307,def test_unsupported_connector_graceful(self):,False,,unsupported_integration.insert(ignore_permissions=True)
smriti_retail_os/tests/test_psv_phase1_2.py,33,def setUp(self):,False,,uom_doc.insert(ignore_permissions=True)
smriti_retail_os/tests/test_psv_phase1_2.py,41,def setUp(self):,False,,ig.insert(ignore_permissions=True)
smriti_retail_os/tests/test_psv_phase1_2.py,51,def setUp(self):,False,,comp.insert(ignore_permissions=True)
smriti_retail_os/tests/test_psv_phase1_2.py,58,def setUp(self):,False,,cust.insert(ignore_permissions=True)
smriti_retail_os/tests/test_psv_phase1_2.py,66,def setUp(self):,False,,hsn.insert(ignore_permissions=True)
smriti_retail_os/tests/test_psv_phase1_2.py,72,def setUp(self):,False,,settings.save(ignore_permissions=True)
smriti_retail_os/tests/test_psv_phase1_2.py,88,def test_01_realized_price_calculation(self):,False,,item.insert(ignore_permissions=True)
smriti_retail_os/tests/test_psv_phase1_2.py,100,def test_01_realized_price_calculation(self):,False,,"si1.insert(ignore_permissions=True, ignore_mandatory=True, ignore_links=True)"
smriti_retail_os/tests/test_psv_phase1_2.py,114,def test_01_realized_price_calculation(self):,False,,"si2.insert(ignore_permissions=True, ignore_mandatory=True, ignore_links=True)"
smriti_retail_os/tests/test_psv_phase1_2.py,157,def test_02_star_sku_classification(self):,False,,item.insert(ignore_permissions=True)
smriti_retail_os/tests/test_psv_phase1_2.py,169,def test_02_star_sku_classification(self):,False,,"si.insert(ignore_permissions=True, ignore_mandatory=True, ignore_links=True)"
smriti_retail_os/tests/test_psv_phase1_2.py,207,def test_03_stockout_winner_classification(self):,False,,item.insert(ignore_permissions=True)
smriti_retail_os/tests/test_psv_phase1_2.py,219,def test_03_stockout_winner_classification(self):,False,,"si.insert(ignore_permissions=True, ignore_mandatory=True, ignore_links=True)"
smriti_retail_os/tests/test_psv_phase1_2.py,253,def test_04_productivity_score_scaling(self):,False,,item.insert(ignore_permissions=True)
smriti_retail_os/tests/test_psv_phase1_2.py,264,def test_04_productivity_score_scaling(self):,False,,"si.insert(ignore_permissions=True, ignore_mandatory=True, ignore_links=True)"
smriti_retail_os/tests/test_psv_phase1_2.py,303,def test_05_performance_under_scale(self):,False,,item.insert(ignore_permissions=True)
smriti_retail_os/tests/test_psv_phase1_2.py,348,def test_06_transparency_and_metadata(self):,False,,item.insert(ignore_permissions=True)
smriti_retail_os/tests/test_audit_remediation.py,634,def test_different_psa_locks_are_independent(self):,False,,"The kernel uses ignore_permissions=True at document level, but the"
smriti_retail_os/tests/test_audit_remediation.py,712,def test_architecture_comment_documents_design_decision(self):,False,,The ignore_permissions=True design decision must be documented in code.
smriti_retail_os/tests/test_audit_remediation.py,726,def test_architecture_comment_documents_design_decision(self):,False,,"""_build_and_persist_doc docstring should document ignore_permissions=True rationale"""
smriti_retail_os/tests/test_smart_lookup.py,26,def setUp(self):,False,,hsn.insert(ignore_permissions=True)
smriti_retail_os/tests/test_pos_profile.py,37,def setUp(self):,False,,comp.insert(ignore_permissions=True)
smriti_retail_os/tests/test_pos_profile.py,50,def setUp(self):,False,,wh.insert(ignore_permissions=True)
smriti_retail_os/tests/test_pos_profile.py,59,def setUp(self):,False,,pl.insert(ignore_permissions=True)
smriti_retail_os/tests/test_pos_profile.py,72,def setUp(self):,False,,mop_doc.insert(ignore_permissions=True)
smriti_retail_os/tests/test_pos_profile.py,81,def setUp(self):,False,,mop_doc.save(ignore_permissions=True)
smriti_retail_os/tests/test_pos_profile.py,127,def test_permission_guards(self):,False,,u.insert(ignore_permissions=True)
smriti_retail_os/tests/test_pos_profile.py,235,def test_shift_lock_validation_guards(self):,False,,shift.insert(ignore_permissions=True)
smriti_retail_os/tests/test_clienteling.py,33,def setUpClass(cls):,False,,cust.insert(ignore_permissions=True)
smriti_retail_os/tests/test_clienteling.py,44,def setUpClass(cls):,False,,wh.insert(ignore_permissions=True)
smriti_retail_os/tests/test_clienteling.py,53,def setUpClass(cls):,False,,gender.insert(ignore_permissions=True)
smriti_retail_os/tests/test_clienteling.py,63,def setUpClass(cls):,False,,emp.insert(ignore_permissions=True)
smriti_retail_os/tests/test_clienteling.py,203,def test_graph_profile_consistency(self):,False,,}).insert(ignore_permissions=True)
smriti_retail_os/tests/test_clienteling.py,242,def test_formula_version_tracking(self):,False,,}).insert(ignore_permissions=True)
smriti_retail_os/tests/test_clienteling.py,247,def test_formula_version_tracking(self):,False,,f_doc.save(ignore_permissions=True)
smriti_retail_os/tests/test_clienteling.py,258,def test_formula_version_tracking(self):,False,,f_doc.save(ignore_permissions=True)
smriti_retail_os/tests/test_clienteling.py,302,def test_vip_threshold_settings(self):,False,,settings.save(ignore_permissions=True)
smriti_retail_os/tests/test_clienteling.py,317,def test_vip_threshold_settings(self):,False,,graph.save(ignore_permissions=True)
smriti_retail_os/tests/test_clienteling.py,335,def test_vip_threshold_settings(self):,False,,settings.save(ignore_permissions=True)
smriti_retail_os/tests/test_clienteling.py,353,def test_dormancy_detection(self):,False,,settings.save(ignore_permissions=True)
smriti_retail_os/tests/test_clienteling.py,363,def test_dormancy_detection(self):,False,,graph.save(ignore_permissions=True)
smriti_retail_os/tests/test_clienteling.py,378,def test_dormancy_detection(self):,False,,graph.save(ignore_permissions=True)
smriti_retail_os/tests/test_clienteling.py,401,def test_health_score_clamping(self):,False,,}).insert(ignore_permissions=True)
smriti_retail_os/tests/test_clienteling.py,460,def test_explain_audit_log(self):,False,,}).insert(ignore_permissions=True)
smriti_retail_os/tests/test_knowledge_os.py,45,def setUp(self):,False,,}).insert(ignore_permissions=True)
smriti_retail_os/tests/test_knowledge_os.py,58,def setUp(self):,False,,}).insert(ignore_permissions=True)
smriti_retail_os/tests/test_knowledge_os.py,70,def setUp(self):,False,,}).insert(ignore_permissions=True)
smriti_retail_os/tests/test_knowledge_os.py,105,def test_asset_registry_validations(self):,False,,asset1.insert(ignore_permissions=True)
smriti_retail_os/tests/test_knowledge_os.py,121,def test_asset_registry_validations(self):,False,,asset_dup_code.insert(ignore_permissions=True)
smriti_retail_os/tests/test_knowledge_os.py,136,def test_asset_registry_validations(self):,False,,asset_dup_uri.insert(ignore_permissions=True)
smriti_retail_os/tests/test_knowledge_os.py,154,def test_relations_validations(self):,False,,}).insert(ignore_permissions=True)
smriti_retail_os/tests/test_knowledge_os.py,166,def test_relations_validations(self):,False,,}).insert(ignore_permissions=True)
smriti_retail_os/tests/test_knowledge_os.py,177,def test_relations_validations(self):,False,,rel_self.insert(ignore_permissions=True)
smriti_retail_os/tests/test_knowledge_os.py,189,def test_relations_validations(self):,False,,rel1.insert(ignore_permissions=True)
smriti_retail_os/tests/test_knowledge_os.py,203,def test_relations_validations(self):,False,,rel_dup.insert(ignore_permissions=True)
smriti_retail_os/tests/test_knowledge_os.py,220,def test_custom_attributes_validations(self):,False,,attr.insert(ignore_permissions=True)
smriti_retail_os/tests/test_knowledge_os.py,233,def test_custom_attributes_validations(self):,False,,attr_invalid.insert(ignore_permissions=True)
smriti_retail_os/tests/test_knowledge_os.py,243,def test_custom_attributes_validations(self):,False,,val.insert(ignore_permissions=True)
smriti_retail_os/tests/test_knowledge_os.py,255,def test_custom_attributes_validations(self):,False,,val_invalid_option.insert(ignore_permissions=True)
smriti_retail_os/tests/test_knowledge_os.py,266,def test_custom_attributes_validations(self):,False,,val_invalid_entity.insert(ignore_permissions=True)
smriti_retail_os/tests/test_knowledge_os.py,286,def test_platform_service_endpoints(self):,False,,}).insert(ignore_permissions=True)
smriti_retail_os/tests/test_knowledge_os.py,301,def test_platform_service_endpoints(self):,False,,}).insert(ignore_permissions=True)
smriti_retail_os/tests/test_knowledge_os.py,349,def test_lifecycle_auto_sync(self):,False,,}).insert(ignore_permissions=True)
smriti_retail_os/tests/test_knowledge_os.py,364,def test_lifecycle_auto_sync(self):,False,,term.save(ignore_permissions=True)
smriti_retail_os/tests/test_sfm_phase1.py,28,def setUpClass(cls):,False,,g.insert(ignore_permissions=True)
smriti_retail_os/tests/test_sfm_phase1.py,36,def setUpClass(cls):,False,,comp.insert(ignore_permissions=True)
smriti_retail_os/tests/test_sfm_phase1.py,43,def setUpClass(cls):,False,,fy.save(ignore_permissions=True)
smriti_retail_os/tests/test_sfm_phase1.py,63,def setUpClass(cls):,False,,addr.insert(ignore_permissions=True)
smriti_retail_os/tests/test_sfm_phase1.py,75,def setUpClass(cls):,False,,acc.insert(ignore_permissions=True)
smriti_retail_os/tests/test_sfm_phase1.py,86,def setUpClass(cls):,False,,acc.insert(ignore_permissions=True)
smriti_retail_os/tests/test_sfm_phase1.py,100,def setUpClass(cls):,False,,w.insert(ignore_permissions=True)
smriti_retail_os/tests/test_sfm_phase1.py,108,def setUpClass(cls):,False,,b.insert(ignore_permissions=True)
smriti_retail_os/tests/test_sfm_phase1.py,113,def setUpClass(cls):,False,,hsn.insert(ignore_permissions=True)
smriti_retail_os/tests/test_sfm_phase1.py,125,def setUpClass(cls):,False,,itm.insert(ignore_permissions=True)
smriti_retail_os/tests/test_sfm_phase1.py,134,def setUpClass(cls):,False,,cust.insert(ignore_permissions=True)
smriti_retail_os/tests/test_sfm_phase1.py,147,def setUpClass(cls):,False,,e.insert(ignore_permissions=True)
smriti_retail_os/tests/test_sfm_phase1.py,161,def setUpClass(cls):,False,,e.insert(ignore_permissions=True)
smriti_retail_os/tests/test_sfm_phase1.py,174,def setUpClass(cls):,False,,e.insert(ignore_permissions=True)
smriti_retail_os/tests/test_sfm_phase1.py,184,def setUpClass(cls):,False,,s.insert(ignore_permissions=True)
smriti_retail_os/tests/test_sfm_phase1.py,253,def test_customer_ownership_timeline_validation(self):,False,,own1.insert(ignore_permissions=True)
smriti_retail_os/tests/test_sfm_phase1.py,266,def test_customer_ownership_timeline_validation(self):,False,,own2.insert(ignore_permissions=True)
smriti_retail_os/tests/test_sfm_phase1.py,283,def test_settings_precedence_and_split(self):,False,,own.insert(ignore_permissions=True)
smriti_retail_os/tests/test_sfm_phase1.py,301,def test_settings_precedence_and_split(self):,False,,si.insert(ignore_permissions=True)
smriti_retail_os/tests/test_sfm_phase1.py,345,def test_walk_in_fallback(self):,False,,si.insert(ignore_permissions=True)
smriti_retail_os/tests/test_sfm_phase1.py,379,def test_ledger_reversal_on_invoice_cancel(self):,False,,si.insert(ignore_permissions=True)
smriti_retail_os/tests/test_sfm_phase1.py,416,def test_kpi_snapshot_generation(self):,False,,target.insert(ignore_permissions=True)
smriti_retail_os/tests/test_sfm_phase1.py,425,def test_kpi_snapshot_generation(self):,False,,own.insert(ignore_permissions=True)
smriti_retail_os/tests/test_sfm_phase1.py,443,def test_kpi_snapshot_generation(self):,False,,si1.insert(ignore_permissions=True)
smriti_retail_os/tests/test_sfm_phase1.py,473,def test_kpi_snapshot_generation(self):,False,,si2.insert(ignore_permissions=True)
smriti_retail_os/tests/test_barcode_api.py,582,def test_async_8_cleanup_retention(self):,False,,doc1.insert(ignore_permissions=True)
smriti_retail_os/tests/test_barcode_api.py,589,def test_async_8_cleanup_retention(self):,False,,doc2.insert(ignore_permissions=True)
smriti_retail_os/tests/test_barcode_api.py,602,def test_async_8_cleanup_retention(self):,False,,doc3.insert(ignore_permissions=True)
smriti_retail_os/tests/test_barcode_api.py,619,def test_async_8_cleanup_retention(self):,False,,"frappe.delete_doc(""SMRITI Print Job"", ""JOB-TEST-F-NEW"", ignore_permissions=True)"
smriti_retail_os/tests/test_barcode_api.py,1133,def test_32_expand_item_variants(self):,False,,"frappe.get_doc({""doctype"": ""GST HSN Code"", ""hsn_code"": ""641590""}).insert(ignore_permissions=True)"
smriti_retail_os/tests/test_barcode_api.py,1139,def test_32_expand_item_variants(self):,False,,doc.insert(ignore_permissions=True)
smriti_retail_os/tests/test_barcode_api.py,1149,def test_32_expand_item_variants(self):,False,,"frappe.delete_doc(""Item"", ""TEST-ITEM-123"", ignore_permissions=True)"
smriti_retail_os/tests/test_barcode_api.py,1161,def test_33_get_items_by_range(self):,False,,"frappe.get_doc({""doctype"": ""GST HSN Code"", ""hsn_code"": ""641590""}).insert(ignore_permissions=True)"
smriti_retail_os/tests/test_barcode_api.py,1167,def test_33_get_items_by_range(self):,False,,doc.insert(ignore_permissions=True)
smriti_retail_os/tests/test_barcode_api.py,1185,def test_33_get_items_by_range(self):,False,,"frappe.delete_doc(""Item"", f""BBM-{i:04d}"", ignore_permissions=True)"
smriti_retail_os/tests/test_formula_registry.py,61,def test_schema_and_validation(self):,False,,doc.insert(ignore_permissions=True)
smriti_retail_os/tests/test_formula_registry.py,76,def test_schema_and_validation(self):,False,,"self.assertRaises(frappe.ValidationError, dup.insert, ignore_permissions=True)"
smriti_retail_os/tests/test_formula_registry.py,91,def test_status_active_constraint(self):,False,,"self.assertRaises(frappe.ValidationError, doc.insert, ignore_permissions=True)"
smriti_retail_os/tests/test_formula_registry.py,95,def test_status_active_constraint(self):,False,,doc.insert(ignore_permissions=True)
smriti_retail_os/tests/test_formula_registry.py,112,def test_json_payload_validation(self):,False,,"self.assertRaises(frappe.ValidationError, doc.insert, ignore_permissions=True)"
smriti_retail_os/tests/test_formula_registry.py,117,def test_json_payload_validation(self):,False,,"self.assertRaises(frappe.ValidationError, doc.insert, ignore_permissions=True)"
smriti_retail_os/tests/test_formula_registry.py,182,def test_formula_index_integrity(self):,False,,inv_005_doc.insert(ignore_permissions=True)
smriti_retail_os/tests/test_purchase_studio.py,453,def setUp(self):,True,"f""Endpoint {ep} is not in frappe.whitelisted — check @frappe.whitelist() decorator""",hsn.insert(ignore_permissions=True)
smriti_retail_os/tests/test_telemetry.py,48,def setUp(self):,False,,w.insert(ignore_permissions=True)
smriti_retail_os/tests/test_telemetry.py,67,def setUp(self):,False,,tmpl.insert(ignore_permissions=True)
smriti_retail_os/tests/test_telemetry.py,202,def test_immutability(self):,False,,doc.save(ignore_permissions=True)
smriti_retail_os/tests/test_telemetry.py,231,def test_aggregation_and_zero_scans(self):,False,,doc.insert(ignore_permissions=True)
smriti_retail_os/tests/test_telemetry.py,286,def test_retention_policy_pruning(self):,False,,old_doc.insert(ignore_permissions=True)
smriti_retail_os/tests/test_telemetry.py,303,def test_retention_policy_pruning(self):,False,,new_doc.insert(ignore_permissions=True)
smriti_retail_os/tests/test_sizewise_invoice.py,43,def setUp(self):,False,,comp.insert(ignore_permissions=True)
smriti_retail_os/tests/test_sizewise_invoice.py,94,def _find_account(name_pattern):,False,,hsn.insert(ignore_permissions=True)
smriti_retail_os/tests/test_sizewise_invoice.py,135,"def _ensure_company_address(self, company_name):",False,,addr.insert(ignore_permissions=True)
smriti_retail_os/tests/test_sizewise_invoice.py,166,"def _ensure_test_account(self, account_name):",False,,doc.insert(ignore_permissions=True)
smriti_retail_os/tests/test_sizewise_invoice.py,181,"def _ensure_item_tax_template(self, title, pct, tax_accounts):",False,,itt.insert(ignore_permissions=True)
smriti_retail_os/tests/test_sizewise_invoice.py,201,"def _ensure_test_item(self, item_code, gst_pct=12):",False,,item.insert(ignore_permissions=True)
smriti_retail_os/tests/test_sizewise_invoice.py,210,"def _ensure_test_customer(self, customer_name, gstin):",False,,cust.insert(ignore_permissions=True)
smriti_retail_os/tests/test_sizewise_invoice.py,234,"def _ensure_test_customer(self, customer_name, gstin):",False,,addr.insert(ignore_permissions=True)
smriti_retail_os/tests/test_sizewise_invoice.py,470,def test_security_guards_anonymous_rejection(self):,False,,user.insert(ignore_permissions=True)
smriti_retail_os/tests/test_knowledge_governance.py,223,def test_daily_scheduled_purge_task(self):,False,,doc1.insert(ignore_permissions=True)
smriti_retail_os/tests/test_knowledge_governance.py,234,def test_daily_scheduled_purge_task(self):,False,,doc2.insert(ignore_permissions=True)
smriti_retail_os/tests/test_explain_modal.py,51,def setUp(self):,False,,self.doc.insert(ignore_permissions=True)
smriti_retail_os/tests/test_backup_security_hotfix.py,477,"def test_11b_custodian_otp_rejected_after_expiry(self, mock_sendmail, mock_smtp):",False,,doc.save(ignore_permissions=True)
smriti_retail_os/tests/test_backup_security_hotfix.py,503,"def test_12_key_splitting_is_simple_midpoint_split(self, mock_sendmail):",False,,}).insert(ignore_permissions=True)
smriti_retail_os/tests/test_backup_security_hotfix.py,511,"def test_12_key_splitting_is_simple_midpoint_split(self, mock_sendmail):",False,,}).insert(ignore_permissions=True)
smriti_retail_os/tests/test_hooks.py,39,def setUp(self):,False,,sg.insert(ignore_permissions=True)
smriti_retail_os/tests/test_hooks.py,61,def test_customer_address_sync(self):,False,,cust.insert(ignore_permissions=True)
smriti_retail_os/tests/test_hooks.py,92,def test_supplier_address_and_credit_days(self):,False,,supp.insert(ignore_permissions=True)
smriti_retail_os/tests/test_hooks.py,135,def test_rich_customer_supplier_crud(self):,False,,cust.insert(ignore_permissions=True)
smriti_retail_os/tests/test_hooks.py,162,def test_rich_customer_supplier_crud(self):,False,,supp.insert(ignore_permissions=True)
smriti_retail_os/tests/test_inventory_api.py,33,def setUp(self):,False,,uom_doc.insert(ignore_permissions=True)
smriti_retail_os/tests/test_inventory_api.py,42,def setUp(self):,False,,ig.insert(ignore_permissions=True)
smriti_retail_os/tests/test_inventory_api.py,52,def setUp(self):,False,,comp.insert(ignore_permissions=True)
smriti_retail_os/tests/test_inventory_api.py,64,def setUp(self):,False,,doc.insert(ignore_permissions=True)
smriti_retail_os/tests/test_inventory_api.py,82,def setUp(self):,False,,addr.insert(ignore_permissions=True)
smriti_retail_os/tests/test_inventory_api.py,94,def setUp(self):,False,,w.insert(ignore_permissions=True)
smriti_retail_os/tests/test_inventory_api.py,103,def setUp(self):,False,,sup.insert(ignore_permissions=True)
smriti_retail_os/tests/test_inventory_api.py,117,def setUp(self):,False,,pcc.insert(ignore_permissions=True)
smriti_retail_os/tests/test_inventory_api.py,125,def setUp(self):,False,,cc.insert(ignore_permissions=True)
smriti_retail_os/tests/test_inventory_api.py,138,def setUp(self):,False,,p_acc.insert(ignore_permissions=True)
smriti_retail_os/tests/test_inventory_api.py,147,def setUp(self):,False,,acc.insert(ignore_permissions=True)
smriti_retail_os/tests/test_inventory_api.py,160,def setUp(self):,False,,p_acc.insert(ignore_permissions=True)
smriti_retail_os/tests/test_inventory_api.py,169,def setUp(self):,False,,acc.insert(ignore_permissions=True)
smriti_retail_os/tests/test_inventory_api.py,178,def setUp(self):,False,,doc.insert(ignore_permissions=True)
smriti_retail_os/tests/test_inventory_api.py,190,def setUp(self):,False,,fy.insert(ignore_permissions=True)
smriti_retail_os/tests/test_inventory_api.py,197,def setUp(self):,False,,fy.save(ignore_permissions=True)
smriti_retail_os/tests/test_inventory_api.py,210,def setUp(self):,False,,p_acc.insert(ignore_permissions=True)
smriti_retail_os/tests/test_inventory_api.py,219,def setUp(self):,False,,acc.insert(ignore_permissions=True)
smriti_retail_os/tests/test_inventory_api.py,236,def setUp(self):,False,,hsn.insert(ignore_permissions=True)
smriti_retail_os/tests/test_inventory_api.py,254,def setUp(self):,False,,it.insert(ignore_permissions=True)
smriti_retail_os/tests/test_inventory_api.py,262,def setUp(self):,False,,bc.insert(ignore_permissions=True)
smriti_retail_os/tests/test_inventory_api.py,304,def test_stock_transfer(self):,False,,tw.insert(ignore_permissions=True)
smriti_retail_os/tests/test_psv_ledger.py,29,def setUp(self):,False,,doc.insert(ignore_permissions=True)
smriti_retail_os/tests/test_psv_ledger.py,48,"def make_stock_receipt(self, item_code, qty):",False,,se.insert(ignore_permissions=True)
smriti_retail_os/tests/test_psv_ledger.py,88,def test_delivery_note_dispatch(self):,False,,dn.insert(ignore_permissions=True)
smriti_retail_os/tests/test_psv_ledger.py,129,def test_delivery_note_cancellation_reversal(self):,False,,dn.insert(ignore_permissions=True)
smriti_retail_os/tests/test_psv_ledger.py,175,def test_duplicate_dispatch_prevention(self):,False,,dn.insert(ignore_permissions=True)
smriti_retail_os/tests/test_pdt.py,49,def test_sku_twin_creation_and_uniqueness(self):,False,,twin1.insert(ignore_permissions=True)
smriti_retail_os/tests/test_pdt.py,62,def test_sku_twin_creation_and_uniqueness(self):,False,,"self.assertRaises(frappe.ValidationError, twin2.insert, ignore_permissions=True)"
smriti_retail_os/tests/test_pdt.py,105,def test_cost_aware_rebalancing_optimization(self):,False,,pune.insert(ignore_permissions=True)
smriti_retail_os/tests/test_pdt.py,125,def test_cost_aware_rebalancing_optimization(self):,False,,rule.insert(ignore_permissions=True)
smriti_retail_os/tests/test_pdt.py,145,def test_variant_curve_detection(self):,False,,settings.save(ignore_permissions=True)
smriti_retail_os/tests/test_pdt.py,161,def test_variant_curve_detection(self):,False,,attr.insert(ignore_permissions=True)
smriti_retail_os/tests/test_pdt.py,174,def test_variant_curve_detection(self):,False,,itm.insert(ignore_permissions=True)
smriti_retail_os/tests/test_pdt.py,187,def test_variant_curve_detection(self):,False,,itm.insert(ignore_permissions=True)
smriti_retail_os/tests/test_pdt.py,199,def test_variant_curve_detection(self):,False,,itm.insert(ignore_permissions=True)
smriti_retail_os/tests/test_pdt.py,221,def test_sandbox_simulation_isolation(self):,False,,twin.insert(ignore_permissions=True)
smriti_retail_os/tests/test_pdt.py,272,def test_pdt_dashboard_list(self):,False,,twin.insert(ignore_permissions=True)
smriti_retail_os/tests/test_knowledge_center.py,49,def setUp(self):,False,,doc.insert(ignore_permissions=True)
smriti_retail_os/tests/test_knowledge_center.py,77,def test_rebuild_and_search_index(self):,False,,t_doc.insert(ignore_permissions=True)
smriti_retail_os/tests/test_knowledge_center.py,95,def test_rebuild_and_search_index(self):,False,,f_doc.insert(ignore_permissions=True)
smriti_retail_os/tests/test_knowledge_center.py,138,def test_ranking_and_weighting(self):,False,,t_doc.insert(ignore_permissions=True)
smriti_retail_os/tests/test_knowledge_center.py,155,def test_ranking_and_weighting(self):,False,,f_doc.insert(ignore_permissions=True)
smriti_retail_os/tests/test_knowledge_center.py,193,def test_knowledge_coverage_calculation(self):,False,,c_term.insert(ignore_permissions=True)
smriti_retail_os/tests/test_knowledge_center.py,211,def test_knowledge_coverage_calculation(self):,False,,i_term.insert(ignore_permissions=True)
smriti_retail_os/tests/test_knowledge_center.py,232,def test_governance_stats(self):,False,,t_doc.insert(ignore_permissions=True)
smriti_retail_os/tests/test_knowledge_center.py,246,def test_governance_stats(self):,False,,f_doc.insert(ignore_permissions=True)
smriti_retail_os/tests/test_knowledge_center.py,260,def test_governance_stats(self):,False,,log_term.insert(ignore_permissions=True)
smriti_retail_os/tests/test_knowledge_center.py,272,def test_governance_stats(self):,False,,log_formula.insert(ignore_permissions=True)
smriti_retail_os/tests/test_knowledge_center.py,350,def test_formula_visibility_permissions(self):,False,,f_approved.insert(ignore_permissions=True)
smriti_retail_os/tests/test_knowledge_center.py,364,def test_formula_visibility_permissions(self):,False,,f_draft.insert(ignore_permissions=True)
smriti_retail_os/tests/test_knowledge_center.py,593,def test_time_limit_expiration(self):,False,,attempt.insert(ignore_permissions=True)
smriti_retail_os/tests/test_business_dictionary.py,43,def setUp(self):,False,,user.insert(ignore_permissions=True)
smriti_retail_os/tests/test_business_dictionary.py,63,def setUp(self):,False,,mock_formula.insert(ignore_permissions=True)
smriti_retail_os/tests/test_business_dictionary.py,87,def setUp(self):,False,,self.doc.insert(ignore_permissions=True)
smriti_retail_os/tests/test_business_dictionary.py,126,def test_schema_and_validation(self):,False,,"self.assertRaises(frappe.ValidationError, dup.insert, ignore_permissions=True)"
smriti_retail_os/tests/test_business_dictionary.py,141,def test_schema_and_validation(self):,False,,"self.assertRaises(frappe.ValidationError, draft_doc.insert, ignore_permissions=True)"
smriti_retail_os/tests/test_business_dictionary.py,146,def test_schema_and_validation(self):,False,,"self.assertRaises(frappe.ValidationError, draft_doc.insert, ignore_permissions=True)"
smriti_retail_os/tests/test_purchase_matrix.py,23,def setUp(self):,False,,hsn.insert(ignore_permissions=True)
smriti_retail_os/tests/test_purchase_matrix.py,185,def test_analytics_and_performance(self):,False,,sup.insert(ignore_permissions=True)
smriti_retail_os/tests/test_purchase_matrix.py,210,def test_analytics_and_performance(self):,False,,po1.insert(ignore_permissions=True)
smriti_retail_os/tests/test_purchase_matrix.py,232,def test_analytics_and_performance(self):,False,,po2.insert(ignore_permissions=True)
smriti_retail_os/tests/test_purchase_matrix.py,308,def seed_test_data():,False,,doc.insert(ignore_permissions=True)
smriti_retail_os/tests/test_trial_health.py,117,def test_api_permission_guards(self):,False,,test_user.insert(ignore_permissions=True)
smriti_retail_os/tests/test_psv_phase1_1.py,54,def setUp(self):,False,,uom_doc.insert(ignore_permissions=True)
smriti_retail_os/tests/test_psv_phase1_1.py,62,def setUp(self):,False,,ig.insert(ignore_permissions=True)
smriti_retail_os/tests/test_psv_phase1_1.py,71,def setUp(self):,False,,comp.insert(ignore_permissions=True)
smriti_retail_os/tests/test_psv_phase1_1.py,78,def setUp(self):,False,,cust.insert(ignore_permissions=True)
smriti_retail_os/tests/test_psv_phase1_1.py,86,def setUp(self):,False,,hsn.insert(ignore_permissions=True)
smriti_retail_os/tests/test_psv_phase1_1.py,97,def setUp(self):,False,,fy.insert(ignore_permissions=True)
smriti_retail_os/tests/test_psv_phase1_1.py,106,def setUp(self):,False,,pl.insert(ignore_permissions=True)
smriti_retail_os/tests/test_psv_phase1_1.py,114,def setUp(self):,False,,pt.insert(ignore_permissions=True)
smriti_retail_os/tests/test_psv_phase1_1.py,123,def setUp(self):,False,,t.insert(ignore_permissions=True)
smriti_retail_os/tests/test_psv_phase1_1.py,132,def setUp(self):,False,,attr.insert(ignore_permissions=True)
smriti_retail_os/tests/test_psv_phase1_1.py,142,def setUp(self):,False,,settings.save(ignore_permissions=True)
smriti_retail_os/tests/test_psv_phase1_1.py,158,def test_01_landing_cost_variant_valuation_rate(self):,False,,item.insert(ignore_permissions=True)
smriti_retail_os/tests/test_psv_phase1_1.py,170,def test_02_landing_cost_variant_standard_rate(self):,False,,item.insert(ignore_permissions=True)
smriti_retail_os/tests/test_psv_phase1_1.py,181,def test_03_landing_cost_variant_price_list(self):,False,,item.insert(ignore_permissions=True)
smriti_retail_os/tests/test_psv_phase1_1.py,188,def test_03_landing_cost_variant_price_list(self):,False,,ip.insert(ignore_permissions=True)
smriti_retail_os/tests/test_psv_phase1_1.py,200,def test_04_landing_cost_parent_valuation_rate(self):,False,,parent.insert(ignore_permissions=True)
smriti_retail_os/tests/test_psv_phase1_1.py,207,def test_04_landing_cost_parent_valuation_rate(self):,False,,parent.save(ignore_permissions=True)
smriti_retail_os/tests/test_psv_phase1_1.py,218,def test_04_landing_cost_parent_valuation_rate(self):,False,,var.insert(ignore_permissions=True)
smriti_retail_os/tests/test_psv_phase1_1.py,231,def test_05_landing_cost_parent_standard_rate(self):,False,,parent.insert(ignore_permissions=True)
smriti_retail_os/tests/test_psv_phase1_1.py,238,def test_05_landing_cost_parent_standard_rate(self):,False,,parent.save(ignore_permissions=True)
smriti_retail_os/tests/test_psv_phase1_1.py,249,def test_05_landing_cost_parent_standard_rate(self):,False,,var.insert(ignore_permissions=True)
smriti_retail_os/tests/test_psv_phase1_1.py,261,def test_06_landing_cost_parent_price_list(self):,False,,parent.insert(ignore_permissions=True)
smriti_retail_os/tests/test_psv_phase1_1.py,268,def test_06_landing_cost_parent_price_list(self):,False,,parent.save(ignore_permissions=True)
smriti_retail_os/tests/test_psv_phase1_1.py,279,def test_06_landing_cost_parent_price_list(self):,False,,var.insert(ignore_permissions=True)
smriti_retail_os/tests/test_psv_phase1_1.py,286,def test_06_landing_cost_parent_price_list(self):,False,,ip.insert(ignore_permissions=True)
smriti_retail_os/tests/test_psv_phase1_1.py,297,def test_07_landing_cost_fallback_zero(self):,False,,item.insert(ignore_permissions=True)
smriti_retail_os/tests/test_psv_phase1_1.py,310,def test_08_immutable_ledger_prevent_update(self):,False,,le.insert(ignore_permissions=True)
smriti_retail_os/tests/test_psv_phase1_1.py,324,def test_09_immutable_ledger_prevent_delete(self):,False,,le.insert(ignore_permissions=True)
smriti_retail_os/tests/test_psv_phase1_1.py,338,def test_10_unique_hash_generation(self):,False,,le.insert(ignore_permissions=True)
smriti_retail_os/tests/test_psv_phase1_1.py,361,def test_11_ledger_hash_post_insert_lock(self):,False,,le.insert(ignore_permissions=True)
smriti_retail_os/tests/test_psv_phase1_1.py,379,def test_12_reversal_qty_inversion(self):,False,,le.insert(ignore_permissions=True)
smriti_retail_os/tests/test_psv_phase1_1.py,395,def test_13_reversal_references_original(self):,False,,le.insert(ignore_permissions=True)
smriti_retail_os/tests/test_psv_phase1_1.py,411,def test_14_reversal_prevents_duplicate(self):,False,,le.insert(ignore_permissions=True)
smriti_retail_os/tests/test_psv_phase1_1.py,426,def test_15_reversal_transaction_type(self):,False,,le.insert(ignore_permissions=True)
smriti_retail_os/tests/test_psv_phase1_1.py,453,def test_17_snapshot_batch_resuming(self):,False,,settings.save(ignore_permissions=True)
smriti_retail_os/tests/test_psv_phase1_1.py,477,def test_18_snapshot_aging_buckets_fifo(self):,False,,le_old.insert(ignore_permissions=True)
smriti_retail_os/tests/test_psv_phase1_1.py,487,def test_18_snapshot_aging_buckets_fifo(self):,False,,le_new.insert(ignore_permissions=True)
smriti_retail_os/tests/test_psv_phase1_1.py,512,def test_19_snapshot_aging_alert_critical(self):,False,,le_old.insert(ignore_permissions=True)
smriti_retail_os/tests/test_psv_phase1_1.py,534,def test_20_snapshot_aging_alert_warning(self):,False,,le_old.insert(ignore_permissions=True)
smriti_retail_os/tests/test_psv_phase1_1.py,556,def test_21_snapshot_aging_alert_healthy(self):,False,,le_old.insert(ignore_permissions=True)
smriti_retail_os/tests/test_psv_phase1_1.py,579,def test_22_redistribution_suggestions_territory(self):,False,,le_src.insert(ignore_permissions=True)
smriti_retail_os/tests/test_psv_phase1_1.py,590,def test_22_redistribution_suggestions_territory(self):,False,,le_snk.insert(ignore_permissions=True)
smriti_retail_os/tests/test_psv_phase1_1.py,600,def test_22_redistribution_suggestions_territory(self):,False,,le_sale.insert(ignore_permissions=True)
smriti_retail_os/tests/test_psv_phase1_1.py,610,def test_23_redistribution_suggestions_region(self):,False,,settings.save(ignore_permissions=True)
smriti_retail_os/tests/test_psv_phase1_1.py,623,def test_23_redistribution_suggestions_region(self):,False,,le_src.insert(ignore_permissions=True)
smriti_retail_os/tests/test_psv_phase1_1.py,633,def test_23_redistribution_suggestions_region(self):,False,,le_snk.insert(ignore_permissions=True)
smriti_retail_os/tests/test_psv_phase1_1.py,642,def test_23_redistribution_suggestions_region(self):,False,,le_sale.insert(ignore_permissions=True)
smriti_retail_os/tests/test_psv_phase1_1.py,650,def test_24_redistribution_suggestions_all(self):,False,,settings.save(ignore_permissions=True)
smriti_retail_os/tests/test_psv_phase1_1.py,663,def test_24_redistribution_suggestions_all(self):,False,,le_src.insert(ignore_permissions=True)
smriti_retail_os/tests/test_psv_phase1_1.py,673,def test_24_redistribution_suggestions_all(self):,False,,le_snk.insert(ignore_permissions=True)
smriti_retail_os/tests/test_psv_phase1_1.py,682,def test_24_redistribution_suggestions_all(self):,False,,le_sale.insert(ignore_permissions=True)
smriti_retail_os/tests/test_psv_phase1_1.py,691,def test_25_channel_health_score_disabled(self):,False,,settings.save(ignore_permissions=True)
smriti_retail_os/tests/test_psv_phase1_1.py,711,def test_27_channel_health_score_enabled_poor(self):,False,,legacy_psa.insert(ignore_permissions=True)
smriti_retail_os/tests/test_psv_phase1_1.py,722,def test_27_channel_health_score_enabled_poor(self):,False,,doc.insert(ignore_permissions=True)
smriti_retail_os/tests/test_psv_phase1_1.py,739,def test_28_sellin_sellout_velocity(self):,False,,le_in.insert(ignore_permissions=True)
smriti_retail_os/tests/test_psv_phase1_1.py,749,def test_28_sellin_sellout_velocity(self):,False,,le_out.insert(ignore_permissions=True)
smriti_retail_os/tests/test_psv_phase1_1.py,767,def test_29_sellin_sellout_woc(self):,False,,le_in.insert(ignore_permissions=True)
smriti_retail_os/tests/test_psv_phase1_1.py,776,def test_29_sellin_sellout_woc(self):,False,,le_out.insert(ignore_permissions=True)
smriti_retail_os/tests/test_psv_phase1_1.py,790,def test_30_migration_dry_run_diagnostics(self):,False,,legacy_psa.insert(ignore_permissions=True)
smriti_retail_os/tests/test_psv_phase1_1.py,801,def test_31_migration_dry_run_does_not_commit(self):,False,,legacy_psa.insert(ignore_permissions=True)
smriti_retail_os/tests/test_psv_phase1_1.py,812,def test_32_migration_actual_commit_success(self):,False,,legacy_psa.insert(ignore_permissions=True)
smriti_retail_os/tests/test_psv_phase1_1.py,822,def test_33_migration_creates_brands(self):,False,,legacy_psa.insert(ignore_permissions=True)
smriti_retail_os/tests/test_psv_phase1_1.py,824,def test_33_migration_creates_brands(self):,False,,"brand = frappe.db.exists(""Brand"", ""Nike"") or frappe.get_doc({""doctype"": ""Brand"", ""brand"": ""Nike""}).insert(ignore_permissions=True).name"
smriti_retail_os/tests/test_psv_phase1_1.py,832,def test_33_migration_creates_brands(self):,False,,item.insert(ignore_permissions=True)
smriti_retail_os/tests/test_psv_phase1_1.py,846,def test_33_migration_creates_brands(self):,False,,le.insert(ignore_permissions=True)
smriti_retail_os/tests/test_psv_phase1_1.py,859,def test_34_migration_copies_ledger(self):,False,,legacy_psa.insert(ignore_permissions=True)
smriti_retail_os/tests/test_psv_phase1_1.py,871,def test_34_migration_copies_ledger(self):,False,,le.insert(ignore_permissions=True)
smriti_retail_os/tests/test_psv_phase1_1.py,889,def test_35_api_compatibility_dashboard_fallback(self):,False,,legacy_psa.insert(ignore_permissions=True)
smriti_retail_os/tests/test_psv_phase1_1.py,901,def test_35_api_compatibility_dashboard_fallback(self):,False,,le.insert(ignore_permissions=True)
smriti_retail_os/tests/test_psv_phase1_1.py,913,def test_36_api_compatibility_balance_detail_fallback(self):,False,,legacy_psa.insert(ignore_permissions=True)
smriti_retail_os/tests/test_psv_phase1_1.py,925,def test_36_api_compatibility_balance_detail_fallback(self):,False,,le.insert(ignore_permissions=True)
smriti_retail_os/tests/test_psv_phase1_1.py,938,def test_37_api_compatibility_reorder_fallback(self):,False,,legacy_psa.insert(ignore_permissions=True)
smriti_retail_os/tests/test_psv_phase1_1.py,950,def test_37_api_compatibility_reorder_fallback(self):,False,,le.insert(ignore_permissions=True)
smriti_retail_os/tests/test_psv_phase1_1.py,968,def test_38_dashboard_summary_with_new_data(self):,False,,le.insert(ignore_permissions=True)
smriti_retail_os/tests/test_psv_phase1_1.py,986,def test_39_party_balance_detail_with_new_data(self):,False,,le.insert(ignore_permissions=True)
smriti_retail_os/tests/test_psv_phase1_1.py,1005,def test_40_reorder_recommendation_with_new_data(self):,False,,le.insert(ignore_permissions=True)
smriti_retail_os/tests/test_psv_phase1_1.py,1022,def test_41_ledger_entry_autoname_format(self):,False,,le.insert(ignore_permissions=True)
smriti_retail_os/tests/test_psv_phase1_1.py,1039,def test_42_ledger_entry_autoname_no_reuse(self):,False,,le1.insert(ignore_permissions=True)
smriti_retail_os/tests/test_psv_phase1_1.py,1048,def test_42_ledger_entry_autoname_no_reuse(self):,False,,le2.insert(ignore_permissions=True)
smriti_retail_os/tests/test_psv_phase1_1.py,1053,def test_43_channel_partner_primary_brand_default(self):,False,,"brand = frappe.db.exists(""Brand"", ""Nike"") or frappe.get_doc({""doctype"": ""Brand"", ""brand"": ""Nike""}).insert(ignore_permissions=True).name"
smriti_retail_os/tests/test_psv_phase1_1.py,1061,def test_43_channel_partner_primary_brand_default(self):,False,,partner.insert(ignore_permissions=True)
smriti_retail_os/tests/test_psv_phase1_1.py,1067,def test_44_channel_partner_primary_brand_explicit(self):,False,,"brand1 = frappe.db.exists(""Brand"", ""Nike"") or frappe.get_doc({""doctype"": ""Brand"", ""brand"": ""Nike""}).insert(ignore_permissions=True).name"
smriti_retail_os/tests/test_psv_phase1_1.py,1068,def test_44_channel_partner_primary_brand_explicit(self):,False,,"brand2 = frappe.db.exists(""Brand"", ""Adidas"") or frappe.get_doc({""doctype"": ""Brand"", ""brand"": ""Adidas""}).insert(ignore_permissions=True).name"
smriti_retail_os/tests/test_psv_phase1_1.py,1077,def test_44_channel_partner_primary_brand_explicit(self):,False,,partner.insert(ignore_permissions=True)
smriti_retail_os/tests/test_psv_phase1_1.py,1109,def test_49_get_weekly_sales_velocity_zero(self):,False,,le.insert(ignore_permissions=True)
smriti_retail_os/tests/test_psv_phase1_1.py,1135,"def create_mock_partner(self, name_suffix, territory=""All Territories"", region=""Maharashtra""):",False,,doc.insert(ignore_permissions=True)
smriti_retail_os/tests/test_psv_phase1_1.py,1145,"def create_mock_item(self, item_code):",False,,doc.insert(ignore_permissions=True)
smriti_retail_os/tests/test_psv.py,59,def setUp(self):,False,,"uom_doc.insert(ignore_permissions=True, ignore_if_duplicate=True)"
smriti_retail_os/tests/test_psv.py,67,def setUp(self):,False,,ig.insert(ignore_permissions=True)
smriti_retail_os/tests/test_psv.py,77,def setUp(self):,False,,comp.insert(ignore_permissions=True)
smriti_retail_os/tests/test_psv.py,97,def setUp(self):,False,,addr.insert(ignore_permissions=True)
smriti_retail_os/tests/test_psv.py,106,def setUp(self):,False,,w.insert(ignore_permissions=True)
smriti_retail_os/tests/test_psv.py,115,def setUp(self):,False,,hsn.insert(ignore_permissions=True)
smriti_retail_os/tests/test_psv.py,126,def setUp(self):,False,,pl.insert(ignore_permissions=True)
smriti_retail_os/tests/test_psv.py,136,def setUp(self):,False,,fy.insert(ignore_permissions=True)
smriti_retail_os/tests/test_psv.py,141,def setUp(self):,False,,fy.save(ignore_permissions=True)
smriti_retail_os/tests/test_psv.py,153,def setUp(self):,False,,pcc.insert(ignore_permissions=True)
smriti_retail_os/tests/test_psv.py,161,def setUp(self):,False,,cc.insert(ignore_permissions=True)
smriti_retail_os/tests/test_psv.py,174,def setUp(self):,False,,p_acc.insert(ignore_permissions=True)
smriti_retail_os/tests/test_psv.py,183,def setUp(self):,False,,acc.insert(ignore_permissions=True)
smriti_retail_os/tests/test_psv.py,205,def setUp(self):,False,,cust.insert(ignore_permissions=True)
smriti_retail_os/tests/test_psv.py,216,def setUp(self):,False,,itm.insert(ignore_permissions=True)
smriti_retail_os/tests/test_psv.py,225,def setUp(self):,False,,acc.insert(ignore_permissions=True)
smriti_retail_os/tests/test_psv.py,258,def test_sales_invoice_hooks(self):,False,,si.insert(ignore_permissions=True)
smriti_retail_os/tests/test_psv.py,290,def test_sales_invoice_cancellation_exception(self):,False,,si.insert(ignore_permissions=True)
smriti_retail_os/tests/test_psv.py,305,def test_sales_invoice_cancellation_exception(self):,False,,upload.insert(ignore_permissions=True)
smriti_retail_os/tests/test_psv.py,344,def test_sales_upload_validations(self):,False,,"self.assertRaises(frappe.ValidationError, upload.insert, ignore_permissions=True)"
smriti_retail_os/tests/test_psv.py,359,def test_sales_upload_validations(self):,False,,u1.insert(ignore_permissions=True)
smriti_retail_os/tests/test_psv.py,374,def test_sales_upload_validations(self):,False,,"self.assertRaises(frappe.ValidationError, u2.insert, ignore_permissions=True)"
smriti_retail_os/tests/test_psv.py,391,def test_physical_snapshot_adjustments(self):,False,,snap.insert(ignore_permissions=True)
smriti_retail_os/tests/test_psv.py,573,def test_reorder_rule_validation(self):,False,,"self.assertRaises(frappe.ValidationError, rule.insert, ignore_permissions=True)"
smriti_retail_os/tests/test_psv.py,583,def test_reorder_rule_validation(self):,False,,"self.assertRaises(frappe.ValidationError, rule2.insert, ignore_permissions=True)"
smriti_retail_os/tests/test_psv.py,593,def test_reorder_rule_validation(self):,False,,"self.assertRaises(frappe.ValidationError, rule3.insert, ignore_permissions=True)"
smriti_retail_os/tests/test_psv.py,605,def test_reorder_rule_validation(self):,False,,"self.assertRaises(frappe.ValidationError, rule4.insert, ignore_permissions=True)"
smriti_retail_os/tests/test_psv.py,617,def test_reorder_rule_validation(self):,False,,rule5.insert(ignore_permissions=True)
smriti_retail_os/tests/test_psv.py,650,def test_get_reorder_recommendation_and_priority_cascade(self):,False,,settings.save(ignore_permissions=True)
smriti_retail_os/tests/test_psv.py,674,def test_get_reorder_recommendation_and_priority_cascade(self):,False,,group_rule.insert(ignore_permissions=True)
smriti_retail_os/tests/test_psv.py,695,def test_get_reorder_recommendation_and_priority_cascade(self):,False,,var_rule.insert(ignore_permissions=True)
smriti_retail_os/tests/test_company_api.py,40,def setUpClass(cls):,False,,"frappe.delete_doc(""Company"", cls.company_name, ignore_permissions=True, force=True)"
smriti_retail_os/tests/test_company_api.py,50,def setUpClass(cls):,False,,cls.company.insert(ignore_permissions=True)
smriti_retail_os/tests/test_company_api.py,57,def tearDownClass(cls):,False,,"frappe.delete_doc(""Company"", cls.company_name, ignore_permissions=True, force=True)"
smriti_retail_os/tests/test_reporting_governance.py,97,def create_test_records(self):,False,,}).insert(ignore_permissions=True)
smriti_retail_os/tests/test_reporting_governance.py,121,def create_test_records(self):,False,,}).insert(ignore_permissions=True)
smriti_retail_os/tests/test_reporting_governance.py,136,def create_test_records(self):,False,,}).insert(ignore_permissions=True)
smriti_retail_os/tests/test_reporting_governance.py,151,def create_test_records(self):,False,,}).insert(ignore_permissions=True)
smriti_retail_os/tests/test_reporting_governance.py,173,def create_test_records(self):,False,,}).insert(ignore_permissions=True)
smriti_retail_os/tests/test_reporting_governance.py,196,def create_test_records(self):,False,,}).insert(ignore_permissions=True)
smriti_retail_os/tests/test_reporting_governance.py,218,def create_test_records(self):,False,,}).insert(ignore_permissions=True)
smriti_retail_os/tests/test_reporting_governance.py,239,def create_test_records(self):,False,,}).insert(ignore_permissions=True)
smriti_retail_os/tests/test_reporting_governance.py,260,def create_test_records(self):,False,,}).insert(ignore_permissions=True)
smriti_retail_os/tests/test_reporting_governance.py,281,def create_test_records(self):,False,,}).insert(ignore_permissions=True)
smriti_retail_os/tests/test_reporting_governance.py,296,def create_test_records(self):,False,,}).insert(ignore_permissions=True)
smriti_retail_os/tests/test_reporting_governance.py,370,def test_unapproved_linked_formula_fails(self):,False,,term_doc.save(ignore_permissions=True)
smriti_retail_os/tests/test_reporting_governance.py,385,def test_inactive_linked_formula_fails(self):,False,,term_doc.save(ignore_permissions=True)
smriti_retail_os/tests/test_reporting_governance.py,401,def test_missing_linked_formula_fails(self):,False,,term_doc.save(ignore_permissions=True)
smriti_retail_os/tests/test_reporting_governance.py,548,def test_default_deny_test_rep_004(self):,False,,self.template.save(ignore_permissions=True)
smriti_retail_os/tests/test_reporting_governance.py,575,def test_saved_view_constraints_test_rep_005(self):,False,,view1.insert(ignore_permissions=True)
smriti_retail_os/tests/test_reporting_governance.py,587,def test_saved_view_constraints_test_rep_005(self):,False,,view2.insert(ignore_permissions=True)
smriti_retail_os/tests/test_reporting_governance.py,600,def test_saved_view_constraints_test_rep_005(self):,False,,view3.insert(ignore_permissions=True)
smriti_retail_os/tests/test_reporting_governance.py,616,def test_template_audit_and_versioning_test_rep_006(self):,False,,template_doc.save(ignore_permissions=True)
smriti_retail_os/tests/test_reporting_governance.py,643,def test_saved_view_ownership_isolation_test_rep_007(self):,False,,view.insert(ignore_permissions=True)
smriti_retail_os/tests/test_reporting_governance.py,654,def test_saved_view_ownership_isolation_test_rep_007(self):,False,,view_doc.save(ignore_permissions=True)
smriti_retail_os/tests/test_reporting_governance.py,658,def test_saved_view_ownership_isolation_test_rep_007(self):,False,,view_doc.delete(ignore_permissions=True)
smriti_retail_os/tests/test_reporting_governance.py,674,def test_export_permission_enforcement_test_rep_008(self):,False,,self.template.save(ignore_permissions=True)
smriti_retail_os/tests/test_reporting_governance.py,696,def test_export_permission_enforcement_test_rep_008(self):,False,,t_doc.save(ignore_permissions=True)
smriti_retail_os/tests/test_reporting_governance.py,720,def test_concurrent_template_versioning_test_rep_009(self):,False,,doc1.save(ignore_permissions=True)
smriti_retail_os/tests/test_reporting_governance.py,724,def test_concurrent_template_versioning_test_rep_009(self):,False,,doc2.save(ignore_permissions=True)
smriti_retail_os/tests/test_reporting_governance.py,728,def test_concurrent_template_versioning_test_rep_009(self):,False,,doc2.save(ignore_permissions=True)
smriti_retail_os/tests/test_reporting_governance.py,755,def test_incompatible_report_column(self):,False,,}).insert(ignore_permissions=True)
smriti_retail_os/tests/test_reporting_governance.py,765,def test_incompatible_report_column(self):,False,,t_doc.save(ignore_permissions=True)
smriti_retail_os/tests/test_reporting_governance.py,782,def test_incompatible_report_column(self):,False,,t_doc.save(ignore_permissions=True)
smriti_retail_os/tests/test_cge_generic.py,47,def setUp(self):,False,,"frappe.delete_doc(""User"", self.test_employee_email, ignore_permissions=True)"
smriti_retail_os/tests/test_cge_generic.py,58,def tearDown(self):,False,,"frappe.delete_doc(""User"", self.test_employee_email, ignore_permissions=True)"
smriti_retail_os/tests/test_cge_generic.py,120,def test_cge_permission_enforcement(self):,False,,user.insert(ignore_permissions=True)
smriti_retail_os/tests/test_cge_generic.py,130,def test_cge_permission_enforcement(self):,False,,"frappe.get_doc(""User"", self.test_employee_email).append(""roles"", {""role"": ""SMRITI Store Manager""}).save(ignore_permissions=True)"
smriti_retail_os/tests/test_cge_generic.py,244,def test_cge_delete_protection_referential_integrity(self):,False,,}).insert(ignore_permissions=True)
smriti_retail_os/tests/test_cge_generic.py,250,def test_cge_delete_protection_referential_integrity(self):,False,,}).insert(ignore_permissions=True)
smriti_retail_os/tests/test_cge_generic.py,259,def test_cge_delete_protection_referential_integrity(self):,False,,inst_doc.insert(ignore_permissions=True)
smriti_retail_os/tests/test_cge_generic.py,270,def test_cge_delete_protection_referential_integrity(self):,False,,wallet_doc.insert(ignore_permissions=True)
smriti_retail_os/tests/test_cge_rules.py,50,def setUpClass(cls):,False,,pt.insert(ignore_permissions=True)
smriti_retail_os/tests/test_cge_rules.py,58,def setUpClass(cls):,False,,user.insert(ignore_permissions=True)
smriti_retail_os/tests/test_cge_rules.py,85,def setUpClass(cls):,False,,cust.insert(ignore_permissions=True)
smriti_retail_os/tests/test_cge_rules.py,92,def setUpClass(cls):,False,,brand_doc.insert(ignore_permissions=True)
smriti_retail_os/tests/test_cge_rules.py,98,def setUpClass(cls):,False,,hsn.insert(ignore_permissions=True)
smriti_retail_os/tests/test_cge_rules.py,109,def setUpClass(cls):,False,,item_doc.insert(ignore_permissions=True)
smriti_retail_os/tests/test_cge_rules.py,122,def setUpClass(cls):,False,,fy_doc.save(ignore_permissions=True)
smriti_retail_os/tests/test_cge_rules.py,136,def setUpClass(cls):,False,,w.insert(ignore_permissions=True)
smriti_retail_os/tests/test_cge_rules.py,175,def setUp(self):,False,,brand_doc.insert(ignore_permissions=True)
smriti_retail_os/tests/test_cge_rules.py,184,def setUp(self):,False,,cust.insert(ignore_permissions=True)
smriti_retail_os/tests/test_cge_rules.py,194,def setUp(self):,False,,item_doc.insert(ignore_permissions=True)
smriti_retail_os/tests/test_cge_rules.py,202,def setUp(self):,False,,pt.insert(ignore_permissions=True)
smriti_retail_os/tests/test_cge_rules.py,213,def setUp(self):,False,,user.insert(ignore_permissions=True)
smriti_retail_os/tests/test_cge_rules.py,225,def setUp(self):,False,,settings.save(ignore_permissions=True)
smriti_retail_os/tests/test_cge_rules.py,239,def test_coupon_date_range_limits(self):,False,,campaign.insert(ignore_permissions=True)
smriti_retail_os/tests/test_cge_rules.py,253,def test_coupon_date_range_limits(self):,False,,pr.insert(ignore_permissions=True)
smriti_retail_os/tests/test_cge_rules.py,268,def test_coupon_date_range_limits(self):,False,,coupon.insert(ignore_permissions=True)
smriti_retail_os/tests/test_cge_rules.py,289,def test_coupon_customer_and_mobile_usage_limits(self):,False,,campaign.insert(ignore_permissions=True)
smriti_retail_os/tests/test_cge_rules.py,302,def test_coupon_customer_and_mobile_usage_limits(self):,False,,pr.insert(ignore_permissions=True)
smriti_retail_os/tests/test_cge_rules.py,316,def test_coupon_customer_and_mobile_usage_limits(self):,False,,coupon.insert(ignore_permissions=True)
smriti_retail_os/tests/test_cge_rules.py,330,def test_coupon_customer_and_mobile_usage_limits(self):,False,,si.insert(ignore_permissions=True)
smriti_retail_os/tests/test_cge_rules.py,354,def test_loyalty_stacking_exclusions_and_caps(self):,False,,rule_ex.insert(ignore_permissions=True)
smriti_retail_os/tests/test_cge_rules.py,359,def test_loyalty_stacking_exclusions_and_caps(self):,False,,settings.save(ignore_permissions=True)
smriti_retail_os/tests/test_cge_rules.py,406,"def test_dr_backup_validation(self, mock_sub_run):",False,,tier.insert(ignore_permissions=True)
smriti_retail_os/tests/test_cge_rules.py,419,"def test_dr_backup_validation(self, mock_sub_run):",False,,rule.insert(ignore_permissions=True)
smriti_retail_os/tests/test_cge_rules.py,429,"def test_dr_backup_validation(self, mock_sub_run):",False,,campaign.insert(ignore_permissions=True)
smriti_retail_os/tests/test_cge_rules.py,442,"def recreate_records_mock(*args, **kwargs):",False,,t.insert(ignore_permissions=True)
smriti_retail_os/tests/test_cge_rules.py,454,"def recreate_records_mock(*args, **kwargs):",False,,ru.insert(ignore_permissions=True)
smriti_retail_os/tests/test_cge_rules.py,463,"def recreate_records_mock(*args, **kwargs):",False,,c.insert(ignore_permissions=True)
smriti_retail_os/tests/test_cge_rules.py,516,def test_idempotency_validation(self):,False,,si.insert(ignore_permissions=True)
smriti_retail_os/tests/test_cge_rules.py,599,def test_ar_linkage(self):,False,,si.insert(ignore_permissions=True)
smriti_retail_os/tests/test_cge_rules.py,719,def test_non_critical_hook_isolation(self):,False,,campaign.insert(ignore_permissions=True)
smriti_retail_os/tests/test_cge_rules.py,732,def test_non_critical_hook_isolation(self):,False,,pr.insert(ignore_permissions=True)
smriti_retail_os/tests/test_cge_rules.py,744,def test_non_critical_hook_isolation(self):,False,,coupon.insert(ignore_permissions=True)
smriti_retail_os/tests/test_cge_rules.py,757,def test_non_critical_hook_isolation(self):,False,,si.insert(ignore_permissions=True)
smriti_retail_os/tests/test_cge_rules.py,780,def test_liability_overstatement_remaining_points(self):,False,,"lpe.insert(ignore_permissions=True, ignore_links=True)"
smriti_retail_os/tests/test_cge_rules.py,805,def test_rule_evaluator_nplus1_performance(self):,False,,item.insert(ignore_permissions=True)
smriti_retail_os/tests/test_cge_rules.py,846,def test_reconciliation_performance_scale(self):,False,,cust.insert(ignore_permissions=True)
smriti_retail_os/tests/test_cge_rules.py,881,def test_offline_cache_redis_and_memory_limit(self):,False,,settings.save(ignore_permissions=True)
smriti_retail_os/tests/test_cge_rules.py,894,def test_offline_cache_redis_and_memory_limit(self):,False,,campaign.insert(ignore_permissions=True)
smriti_retail_os/tests/test_cge_rules.py,907,def test_offline_cache_redis_and_memory_limit(self):,False,,pr.insert(ignore_permissions=True)
smriti_retail_os/tests/test_cge_rules.py,918,def test_offline_cache_redis_and_memory_limit(self):,False,,coupon.insert(ignore_permissions=True)
smriti_retail_os/tests/test_cge_rules.py,942,def test_offline_cache_redis_and_memory_limit(self):,False,,settings.save(ignore_permissions=True)
smriti_retail_os/tests/test_cge_rules.py,954,def test_expired_wallet_credits(self):,False,,cust.insert(ignore_permissions=True)
smriti_retail_os/tests/test_cge_rules.py,998,def test_validity_setting(self):,False,,settings.save(ignore_permissions=True)
smriti_retail_os/tests/test_cge_rules.py,1007,def test_validity_setting(self):,False,,cust.insert(ignore_permissions=True)
smriti_retail_os/tests/test_cge_rules.py,1030,def test_validity_setting(self):,False,,settings.save(ignore_permissions=True)
smriti_retail_os/tests/test_cge_rules.py,1075,def test_snapshot_uniqueness_validation(self):,False,,snap1.insert(ignore_permissions=True)
smriti_retail_os/tests/test_cge_rules.py,1105,def test_budget_lifecycle_on_trash(self):,False,,campaign.insert(ignore_permissions=True)
smriti_retail_os/tests/test_cge_rules.py,1118,def test_budget_lifecycle_on_trash(self):,False,,pr.insert(ignore_permissions=True)
smriti_retail_os/tests/test_cge_rules.py,1128,def test_budget_lifecycle_on_trash(self):,False,,coupon.insert(ignore_permissions=True)
smriti_retail_os/tests/test_cge_rules.py,1136,def test_budget_lifecycle_on_trash(self):,False,,settings.save(ignore_permissions=True)
smriti_retail_os/tests/test_cge_rules.py,1164,def test_budget_lifecycle_on_trash(self):,False,,invoice.insert(ignore_permissions=True)
smriti_retail_os/tests/test_cge_rules.py,1167,def test_budget_lifecycle_on_trash(self):,False,,invoice.delete(ignore_permissions=True)
smriti_retail_os/tests/test_cge_rules.py,1177,def test_budget_lifecycle_on_trash(self):,False,,settings.save(ignore_permissions=True)
smriti_retail_os/tests/test_cge_rules.py,1202,def test_abandoned_reservation_cleanup(self):,False,,campaign.insert(ignore_permissions=True)
smriti_retail_os/tests/test_cge_rules.py,1212,def test_abandoned_reservation_cleanup(self):,False,,pr.insert(ignore_permissions=True)
smriti_retail_os/tests/test_cge_rules.py,1220,def test_abandoned_reservation_cleanup(self):,False,,coupon.insert(ignore_permissions=True)
smriti_retail_os/tests/test_cge_rules.py,1228,def test_abandoned_reservation_cleanup(self):,False,,settings.save(ignore_permissions=True)
smriti_retail_os/tests/test_cge_rules.py,1266,def test_abandoned_reservation_cleanup(self):,False,,settings.save(ignore_permissions=True)
smriti_retail_os/tests/benchmark_cge.py,51,def run_benchmark():,False,,cust.insert(ignore_permissions=True)
smriti_retail_os/tests/benchmark_cge.py,57,def run_benchmark():,False,,b.insert(ignore_permissions=True)
smriti_retail_os/tests/benchmark_cge.py,67,def run_benchmark():,False,,item.insert(ignore_permissions=True)
smriti_retail_os/tests/benchmark_cge.py,76,def run_benchmark():,False,,tier.insert(ignore_permissions=True)
smriti_retail_os/tests/benchmark_cge.py,111,def run_benchmark():,False,,rule.insert(ignore_permissions=True)
smriti_retail_os/tests/test_reports.py,42,def setUpClass(cls):,False,,cls.company.insert(ignore_permissions=True)
smriti_retail_os/tests/test_reports.py,52,def setUpClass(cls):,False,,"cust.insert(ignore_permissions=True, ignore_mandatory=True, ignore_links=True)"
smriti_retail_os/tests/test_reports.py,61,def setUpClass(cls):,False,,"supp.insert(ignore_permissions=True, ignore_mandatory=True, ignore_links=True)"
smriti_retail_os/tests/test_reports.py,252,def test_payment_and_receipt_registers(self):,False,,"si_ref.insert(ignore_permissions=True, ignore_mandatory=True, ignore_links=True)"
smriti_retail_os/tests/test_reports.py,277,def test_payment_and_receipt_registers(self):,False,,"ple.insert(ignore_permissions=True, ignore_mandatory=True, ignore_links=True)"
smriti_retail_os/tests/test_reports.py,303,def test_payment_and_receipt_registers(self):,False,,"pe_rec.insert(ignore_permissions=True, ignore_mandatory=True, ignore_links=True)"
smriti_retail_os/tests/test_reports.py,332,def test_payment_and_receipt_registers(self):,False,,"pe_pay.insert(ignore_permissions=True, ignore_mandatory=True, ignore_links=True)"
smriti_retail_os/tests/test_reports.py,400,def test_cash_book(self):,False,,"gle1.insert(ignore_permissions=True, ignore_mandatory=True, ignore_links=True)"
smriti_retail_os/tests/test_reports.py,413,def test_cash_book(self):,False,,"gle2.insert(ignore_permissions=True, ignore_mandatory=True, ignore_links=True)"
smriti_retail_os/tests/test_reports.py,449,def test_day_book(self):,False,,"si.insert(ignore_permissions=True, ignore_mandatory=True, ignore_links=True)"
smriti_retail_os/tests/test_reports.py,468,def test_day_book(self):,False,,"pi.insert(ignore_permissions=True, ignore_mandatory=True, ignore_links=True)"
smriti_retail_os/tests/test_reports.py,485,def test_day_book(self):,False,,"pe_rec.insert(ignore_permissions=True, ignore_mandatory=True, ignore_links=True)"
smriti_retail_os/tests/test_reports.py,508,def test_day_book(self):,False,,"pe_pay.insert(ignore_permissions=True, ignore_mandatory=True, ignore_links=True)"
smriti_retail_os/tests/test_reports.py,561,def test_outstandings_and_ageing(self):,False,,"si.insert(ignore_permissions=True, ignore_mandatory=True, ignore_links=True)"
smriti_retail_os/tests/test_reports.py,584,def test_outstandings_and_ageing(self):,False,,"pi.insert(ignore_permissions=True, ignore_mandatory=True, ignore_links=True)"
smriti_retail_os/tests/test_reports.py,643,def test_audit_reports(self):,False,,log1.insert(ignore_permissions=True)
smriti_retail_os/tests/test_reports.py,654,def test_audit_reports(self):,False,,log2.insert(ignore_permissions=True)
smriti_retail_os/tests/test_negative_stock.py,185,def test_event_driven_recovery(self):,False,,case_doc.insert(ignore_permissions=True)
smriti_retail_os/tests/test_negative_stock.py,193,def test_event_driven_recovery(self):,False,,bin_doc.insert(ignore_permissions=True)
smriti_retail_os/tests/test_cge_service.py,39,def setUpClass(cls):,False,,cust.insert(ignore_permissions=True)
smriti_retail_os/tests/test_cge_service.py,46,def setUpClass(cls):,False,,brand_doc.insert(ignore_permissions=True)
smriti_retail_os/tests/test_cge_service.py,52,def setUpClass(cls):,False,,hsn.insert(ignore_permissions=True)
smriti_retail_os/tests/test_cge_service.py,63,def setUpClass(cls):,False,,item_doc.insert(ignore_permissions=True)
smriti_retail_os/tests/test_cge_service.py,77,def setUpClass(cls):,False,,w.insert(ignore_permissions=True)
smriti_retail_os/tests/test_cge_service.py,137,def test_budget_reservation(self):,False,,campaign.insert(ignore_permissions=True)
smriti_retail_os/tests/test_cge_service.py,148,def test_budget_reservation(self):,False,,coupon.insert(ignore_permissions=True)
smriti_retail_os/tests/test_cge_service.py,174,def test_rule_evaluation_stacking(self):,False,,tier.insert(ignore_permissions=True)
smriti_retail_os/tests/test_cge_service.py,187,def test_rule_evaluation_stacking(self):,False,,rule.insert(ignore_permissions=True)
smriti_retail_os/tests/test_cge_service.py,192,def test_rule_evaluation_stacking(self):,False,,settings.save(ignore_permissions=True)
smriti_retail_os/tests/test_billing_api.py,47,def setUp(self):,False,,uom_doc.insert(ignore_permissions=True)
smriti_retail_os/tests/test_billing_api.py,55,def setUp(self):,False,,ig.insert(ignore_permissions=True)
smriti_retail_os/tests/test_billing_api.py,65,def setUp(self):,False,,wt.insert(ignore_permissions=True)
smriti_retail_os/tests/test_billing_api.py,71,def setUp(self):,False,,comp.insert(ignore_permissions=True)
smriti_retail_os/tests/test_billing_api.py,83,def setUp(self):,False,,doc.insert(ignore_permissions=True)
smriti_retail_os/tests/test_billing_api.py,101,def setUp(self):,False,,addr.insert(ignore_permissions=True)
smriti_retail_os/tests/test_billing_api.py,110,def setUp(self):,False,,hsn.insert(ignore_permissions=True)
smriti_retail_os/tests/test_billing_api.py,120,def setUp(self):,False,,w.insert(ignore_permissions=True)
smriti_retail_os/tests/test_billing_api.py,141,def setUp(self):,False,,pcc.insert(ignore_permissions=True)
smriti_retail_os/tests/test_billing_api.py,149,def setUp(self):,False,,cc.insert(ignore_permissions=True)
smriti_retail_os/tests/test_billing_api.py,162,def setUp(self):,False,,p_acc.insert(ignore_permissions=True)
smriti_retail_os/tests/test_billing_api.py,171,def setUp(self):,False,,acc.insert(ignore_permissions=True)
smriti_retail_os/tests/test_billing_api.py,208,def setUp(self):,False,,fy.insert(ignore_permissions=True)
smriti_retail_os/tests/test_billing_api.py,215,def setUp(self):,False,,fy.save(ignore_permissions=True)
smriti_retail_os/tests/test_billing_api.py,224,def setUp(self):,False,,mop.insert(ignore_permissions=True)
smriti_retail_os/tests/test_billing_api.py,241,def setUp(self):,False,,mop_doc.save(ignore_permissions=True)
smriti_retail_os/tests/test_billing_api.py,252,def setUp(self):,False,,pl.insert(ignore_permissions=True)
smriti_retail_os/tests/test_billing_api.py,274,def setUp(self):,False,,pos_prof.insert(ignore_permissions=True)
smriti_retail_os/tests/test_billing_api.py,318,def setUp(self):,False,,acc.insert(ignore_permissions=True)
smriti_retail_os/tests/test_billing_api.py,332,def setUp(self):,False,,itt.insert(ignore_permissions=True)
smriti_retail_os/tests/test_billing_api.py,350,def setUp(self):,False,,stct.insert(ignore_permissions=True)
smriti_retail_os/tests/test_billing_api.py,371,def setUp(self):,False,,self.item.insert(ignore_permissions=True)
smriti_retail_os/tests/test_billing_api.py,382,def setUp(self):,False,,self.cust.insert(ignore_permissions=True)
smriti_retail_os/tests/test_billing_api.py,397,def setUp(self):,False,,role_doc.insert(ignore_permissions=True)
smriti_retail_os/tests/test_billing_api.py,414,def setUp(self):,False,,se.insert(ignore_permissions=True)
smriti_retail_os/tests/test_audit_fixes.py,45,def setUpClass(cls):,False,,user.insert(ignore_permissions=True)
smriti_retail_os/tests/test_audit_fixes.py,57,def setUpClass(cls):,False,,user.insert(ignore_permissions=True)
smriti_retail_os/tests/seed_psv_uat.py,81,def _get_hsn_code():,False,,}).insert(ignore_permissions=True)
smriti_retail_os/tests/seed_psv_uat.py,96,def _ensure_prerequisites():,False,,"frappe.get_doc({""doctype"": ""UOM"", ""uom_name"": ""Nos""}).insert(ignore_permissions=True)"
smriti_retail_os/tests/seed_psv_uat.py,111,def _ensure_prerequisites():,False,,}).insert(ignore_permissions=True)
smriti_retail_os/tests/seed_psv_uat.py,117,def _ensure_prerequisites():,False,,"frappe.get_doc({""doctype"": ""Brand"", ""brand"": brand}).insert(ignore_permissions=True)"
smriti_retail_os/tests/seed_psv_uat.py,127,def _ensure_prerequisites():,False,,}).insert(ignore_permissions=True)
smriti_retail_os/tests/seed_psv_uat.py,138,def _ensure_prerequisites():,False,,fy.insert(ignore_permissions=True)
smriti_retail_os/tests/seed_psv_uat.py,146,def _ensure_prerequisites():,False,,}).insert(ignore_permissions=True)
smriti_retail_os/tests/seed_psv_uat.py,154,def _ensure_prerequisites():,False,,}).insert(ignore_permissions=True)
smriti_retail_os/tests/seed_psv_uat.py,164,def _ensure_prerequisites():,False,,}).insert(ignore_permissions=True)
smriti_retail_os/tests/seed_psv_uat.py,172,def _ensure_prerequisites():,False,,settings.save(ignore_permissions=True)
smriti_retail_os/tests/seed_psv_uat.py,228,def seed_footwear_uat_dataset():,False,,}).insert(ignore_permissions=True)
smriti_retail_os/tests/seed_psv_uat.py,265,def seed_footwear_uat_dataset():,False,,}).insert(ignore_permissions=True)
smriti_retail_os/tests/seed_psv_uat.py,284,def seed_footwear_uat_dataset():,False,,partner_doc.insert(ignore_permissions=True)
smriti_retail_os/tests/seed_psv_uat.py,309,def seed_footwear_uat_dataset():,False,,}).insert(ignore_permissions=True)
smriti_retail_os/tests/seed_psv_uat.py,325,def seed_footwear_uat_dataset():,False,,partner_doc.insert(ignore_permissions=True)
smriti_retail_os/tests/seed_psv_uat.py,369,def seed_footwear_uat_dataset():,False,,}).insert(ignore_permissions=True)
smriti_retail_os/tests/seed_psv_uat.py,399,def seed_footwear_uat_dataset():,False,,}).insert(ignore_permissions=True)
smriti_retail_os/tests/seed_psv_uat.py,466,def validate_migration():,False,,}).insert(ignore_permissions=True)
smriti_retail_os/tests/seed_psv_uat.py,480,def validate_migration():,False,,}).insert(ignore_permissions=True)
smriti_retail_os/tests/seed_psv_uat.py,493,def validate_migration():,False,,psa_doc.insert(ignore_permissions=True)
smriti_retail_os/tests/seed_psv_uat.py,526,def validate_migration():,False,,}).insert(ignore_permissions=True)
smriti_retail_os/tests/seed_psv_uat.py,658,def validate_compatibility_matrix():,False,,}).insert(ignore_permissions=True)
smriti_retail_os/tests/seed_psv_uat.py,669,def validate_compatibility_matrix():,False,,fy_doc.save(ignore_permissions=True)
smriti_retail_os/tests/seed_psv_uat.py,688,def validate_compatibility_matrix():,False,,}).insert(ignore_permissions=True)
smriti_retail_os/tests/seed_psv_uat.py,701,def validate_compatibility_matrix():,False,,psa_a_doc.insert(ignore_permissions=True)
smriti_retail_os/tests/seed_psv_uat.py,726,def validate_compatibility_matrix():,False,,}).insert(ignore_permissions=True)
smriti_retail_os/tests/seed_psv_uat.py,772,def validate_compatibility_matrix():,False,,}).insert(ignore_permissions=True)
smriti_retail_os/tests/seed_psv_uat.py,779,def validate_compatibility_matrix():,False,,}).insert(ignore_permissions=True)
smriti_retail_os/tests/seed_psv_uat.py,788,def validate_compatibility_matrix():,False,,}).insert(ignore_permissions=True)
smriti_retail_os/tests/seed_psv_uat.py,805,def validate_compatibility_matrix():,False,,}).insert(ignore_permissions=True)
smriti_retail_os/tests/seed_psv_uat.py,845,def validate_compatibility_matrix():,False,,}).insert(ignore_permissions=True)
smriti_retail_os/tests/seed_psv_uat.py,851,def validate_compatibility_matrix():,False,,}).insert(ignore_permissions=True)
smriti_retail_os/tests/seed_psv_uat.py,865,def validate_compatibility_matrix():,False,,psa_c_doc.insert(ignore_permissions=True)
smriti_retail_os/tests/seed_psv_uat.py,878,def validate_compatibility_matrix():,False,,}).insert(ignore_permissions=True)
smriti_retail_os/tests/seed_psv_uat.py,893,def validate_compatibility_matrix():,False,,}).insert(ignore_permissions=True)
smriti_retail_os/tests/seed_psv_uat.py,909,def validate_compatibility_matrix():,False,,}).insert(ignore_permissions=True)
smriti_retail_os/tests/test_tally_integration.py,25,"def _ensure_fiscal_year_for_company(self, company):",False,,fy.insert(ignore_permissions=True)
smriti_retail_os/tests/test_tally_integration.py,33,"def _ensure_fiscal_year_for_company(self, company):",False,,fy.save(ignore_permissions=True)
smriti_retail_os/tests/test_tally_integration.py,36,"def _ensure_fiscal_year_for_company(self, company):",False,,fy.save(ignore_permissions=True)
smriti_retail_os/tests/test_tally_integration.py,48,def setUp(self):,False,,comp.insert(ignore_permissions=True)
smriti_retail_os/tests/test_tally_integration.py,61,def setUp(self):,False,,cust.insert(ignore_permissions=True)
smriti_retail_os/tests/test_tally_integration.py,72,def setUp(self):,False,,item.insert(ignore_permissions=True)
smriti_retail_os/tests/test_tally_integration.py,86,def setUp(self):,False,,wh.insert(ignore_permissions=True)
smriti_retail_os/tests/test_tally_integration.py,106,def setUp(self):,False,,self.invoice.insert(ignore_permissions=True)
smriti_retail_os/tests/test_tally_integration.py,114,def tearDown(self):,False,,"frappe.delete_doc(""Sales Invoice"", self.invoice.name, ignore_permissions=True)"
smriti_retail_os/tests/test_tally_integration.py,146,def test_xml_generation(self):,False,,settings.save(ignore_permissions=True)
smriti_retail_os/tests/test_ga_readiness_audit.py,71,"def test_billing_psv_resiliency(self, mock_create):",False,,si.insert(ignore_permissions=True)
smriti_retail_os/tests/test_ga_readiness_audit.py,122,"def __init__(self, path):",False,,}).insert(ignore_permissions=True)
smriti_retail_os/tests/test_ga_readiness_audit.py,161,def test_explainability_metrics_validation(self):,False,,}).insert(ignore_permissions=True)
smriti_retail_os/tests/test_ga_readiness_audit.py,196,def test_cge_resolution_pipeline(self):,False,,tier.insert(ignore_permissions=True)
smriti_retail_os/tests/test_ga_readiness_audit.py,204,def test_cge_resolution_pipeline(self):,False,,b_doc.insert(ignore_permissions=True)
smriti_retail_os/tests/test_ga_readiness_audit.py,218,def test_cge_resolution_pipeline(self):,False,,rule.insert(ignore_permissions=True)
smriti_retail_os/tests/test_ga_readiness_audit.py,224,def test_cge_resolution_pipeline(self):,False,,settings.save(ignore_permissions=True)
smriti_retail_os/tests/test_ga_readiness_audit.py,244,def test_cge_resolution_pipeline(self):,False,,itm.insert(ignore_permissions=True)
smriti_retail_os/tests/test_ga_readiness_audit.py,331,def test_dictionary_formula_sync(self):,False,,}).insert(ignore_permissions=True)
smriti_retail_os/tests/test_ga_readiness_audit.py,354,def test_dictionary_formula_sync(self):,False,,}).insert(ignore_permissions=True)
smriti_retail_os/tests/test_ga_readiness_audit.py,392,def test_report_dictionary_runtime_resolution(self):,False,,tpl.insert(ignore_permissions=True)
smriti_retail_os/tests/test_psv_analysis.py,31,def test_broken_size_detection_logic(self):,False,,attr.insert(ignore_permissions=True)
smriti_retail_os/tests/test_psv_analysis.py,44,def test_broken_size_detection_logic(self):,False,,itm.insert(ignore_permissions=True)
smriti_retail_os/tests/test_psv_analysis.py,57,def test_broken_size_detection_logic(self):,False,,itm.insert(ignore_permissions=True)
smriti_retail_os/tests/test_psv_analysis.py,69,def test_broken_size_detection_logic(self):,False,,itm.insert(ignore_permissions=True)
smriti_retail_os/tests/test_psv_analysis.py,78,def test_broken_size_detection_logic(self):,False,,rule.insert(ignore_permissions=True)
smriti_retail_os/tests/test_psv_analysis.py,109,def test_reconciliation_variance_posting(self):,False,,snap.insert(ignore_permissions=True)
smriti_retail_os/tests/test_billing_discounts_salesperson.py,19,def setUp(self):,False,,selling_settings.save(ignore_permissions=True)
smriti_retail_os/tests/test_billing_discounts_salesperson.py,27,def setUp(self):,False,,sp.insert(ignore_permissions=True)
smriti_retail_os/tests/test_billing_discounts_salesperson.py,38,def setUp(self):,False,,settings.insert(ignore_permissions=True)
smriti_retail_os/tests/test_billing_discounts_salesperson.py,45,def setUp(self):,False,,settings.save(ignore_permissions=True)
smriti_retail_os/tests/test_billing_discounts_salesperson.py,176,def test_manager_pin_approval_required(self):,False,,user.insert(ignore_permissions=True)
smriti_retail_os/tests/test_billing_discounts_salesperson.py,182,def test_manager_pin_approval_required(self):,False,,user_doc.save(ignore_permissions=True)
smriti_retail_os/tests/test_sfc.py,32,def setUpClass(cls):,False,,g.insert(ignore_permissions=True)
smriti_retail_os/tests/test_sfc.py,42,def setUpClass(cls):,False,,comp.insert(ignore_permissions=True)
smriti_retail_os/tests/test_sfc.py,48,def setUpClass(cls):,False,,fy.save(ignore_permissions=True)
smriti_retail_os/tests/test_sfc.py,67,def setUpClass(cls):,False,,addr.insert(ignore_permissions=True)
smriti_retail_os/tests/test_sfc.py,78,def setUpClass(cls):,False,,acc.insert(ignore_permissions=True)
smriti_retail_os/tests/test_sfc.py,89,def setUpClass(cls):,False,,acc.insert(ignore_permissions=True)
smriti_retail_os/tests/test_sfc.py,101,def setUpClass(cls):,False,,w.insert(ignore_permissions=True)
smriti_retail_os/tests/test_sfc.py,108,def setUpClass(cls):,False,,b.insert(ignore_permissions=True)
smriti_retail_os/tests/test_sfc.py,113,def setUpClass(cls):,False,,hsn.insert(ignore_permissions=True)
smriti_retail_os/tests/test_sfc.py,124,def setUpClass(cls):,False,,itm.insert(ignore_permissions=True)
smriti_retail_os/tests/test_sfc.py,132,def setUpClass(cls):,False,,cust.insert(ignore_permissions=True)
smriti_retail_os/tests/test_sfc.py,140,def setUpClass(cls):,False,,s.insert(ignore_permissions=True)
smriti_retail_os/tests/test_sfc.py,154,def setUpClass(cls):,False,,e.insert(ignore_permissions=True)
smriti_retail_os/tests/test_sfc.py,167,def setUpClass(cls):,False,,e.insert(ignore_permissions=True)
smriti_retail_os/tests/test_sfc.py,207,def setUp(self):,False,,}).insert(ignore_permissions=True)
smriti_retail_os/tests/test_sfc.py,232,def test_commission_rule_precedence(self):,False,,r_global.insert(ignore_permissions=True)
smriti_retail_os/tests/test_sfc.py,242,def test_commission_rule_precedence(self):,False,,r_override.insert(ignore_permissions=True)
smriti_retail_os/tests/test_sfc.py,261,def test_commission_event_and_ledger_generation(self):,False,,r_global.insert(ignore_permissions=True)
smriti_retail_os/tests/test_sfc.py,279,def test_commission_event_and_ledger_generation(self):,False,,si.insert(ignore_permissions=True)
smriti_retail_os/tests/test_sfc.py,323,def test_commission_reversal_on_cancel(self):,False,,r_global.insert(ignore_permissions=True)
smriti_retail_os/tests/test_sfc.py,340,def test_commission_reversal_on_cancel(self):,False,,si.insert(ignore_permissions=True)
smriti_retail_os/tests/test_sfc.py,375,def test_min_revenue_threshold(self):,False,,rule.insert(ignore_permissions=True)
smriti_retail_os/tests/test_sfc.py,393,def test_min_revenue_threshold(self):,False,,si1.insert(ignore_permissions=True)
smriti_retail_os/tests/test_sfc.py,416,def test_min_revenue_threshold(self):,False,,si2.insert(ignore_permissions=True)
smriti_retail_os/tests/test_sfc.py,432,def test_monthly_settlement_adjustments_and_immutability(self):,False,,rule.insert(ignore_permissions=True)
smriti_retail_os/tests/test_sfc.py,450,def test_monthly_settlement_adjustments_and_immutability(self):,False,,si.insert(ignore_permissions=True)
smriti_retail_os/tests/test_sfc.py,476,def test_monthly_settlement_adjustments_and_immutability(self):,False,,settle.save(ignore_permissions=True)
smriti_retail_os/tests/test_sfc.py,490,def test_monthly_settlement_adjustments_and_immutability(self):,False,,settle.save(ignore_permissions=True)
smriti_retail_os/tests/test_sfc.py,496,def test_monthly_settlement_adjustments_and_immutability(self):,False,,settle.save(ignore_permissions=True)
smriti_retail_os/tests/test_sfc.py,502,def test_monthly_settlement_adjustments_and_immutability(self):,False,,settle.save(ignore_permissions=True)
smriti_retail_os/tests/test_sfc.py,508,def test_monthly_settlement_adjustments_and_immutability(self):,False,,settle.save(ignore_permissions=True) # Fails due to missing payment reference
smriti_retail_os/tests/test_sfc.py,514,def test_monthly_settlement_adjustments_and_immutability(self):,False,,settle.save(ignore_permissions=True) # Success
smriti_retail_os/tests/test_sfc.py,520,def test_monthly_settlement_adjustments_and_immutability(self):,False,,settle.save(ignore_permissions=True)
smriti_retail_os/tests/test_report_fixes.py,36,def setUpClass(cls):,False,,cls.company.insert(ignore_permissions=True)
smriti_retail_os/tests/test_report_fixes.py,88,def test_subquery_recovery_guard(self):,False,,tpl.insert(ignore_permissions=True)
smriti_retail_os/print_framework/queue/print_queue.py,33,"def enqueue(module_name, printer_id, payload_hash, payload_file_url):",False,,job.insert(ignore_permissions=True)
smriti_retail_os/print_framework/queue/print_queue.py,61,"def increment_retry(job_id, max_retries=3):",False,,job.save(ignore_permissions=True)
smriti_retail_os/license/tasks.py,47,def evaluate_license_status():,False,,doc.save(ignore_permissions=True)
smriti_retail_os/license/tasks.py,66,def evaluate_license_status():,False,,doc.save(ignore_permissions=True)
smriti_retail_os/license/tasks.py,79,def evaluate_license_status():,False,,doc.save(ignore_permissions=True)
smriti_retail_os/notification_studio/api/notifications.py,77,def delete_notification(name):,True,@frappe.whitelist(),"frappe.delete_doc(""SMRITI Notification Log"", name, ignore_permissions=True)"
smriti_retail_os/notification_studio/service/notification_service.py,30,"def create_notification(user, notif_type, title, message, reference_doctype=None, reference_name=None, action_url=None):",False,,doc.insert(ignore_permissions=True)
smriti_retail_os/notification_studio/service/notification_service.py,69,"def mark_as_read(name, user):",False,,doc.save(ignore_permissions=True)
smriti_retail_os/notification_studio/service/notification_service.py,109,"def get_notifications(user, notif_type=None, limit=50, page=1):",False,,ignore_permissions=True
smriti_retail_os/smriti_retail_os/doctype/smriti_report_template/smriti_report_template.py,43,def before_save(self):,False,,log_doc.insert(ignore_permissions=True)
smriti_retail_os/smriti_retail_os/doctype/smriti_customer_ownership/smriti_customer_ownership.py,55,def deactivate_previous_ownerships(self):,False,,doc.save(ignore_permissions=True)
smriti_retail_os/smriti_retail_os/doctype/smriti_print_template/smriti_print_template.py,62,def before_save(self):,False,,v_doc.insert(ignore_permissions=True)
smriti_retail_os/smriti_retail_os/doctype/smriti_print_template/smriti_print_template.py,73,def before_save(self):,False,,}).insert(ignore_permissions=True)
smriti_retail_os/smriti_retail_os/services/adapters/tally_adapter.py,218,"def _log_sync_status(self, doc, status, response, started_at):",False,,log.insert(ignore_permissions=True)
smriti_retail_os/smriti_retail_os/api/tally_api.py,27,def save_settings(settings_dict):,True,@frappe.whitelist(),doc.save(ignore_permissions=True)
smriti_retail_os/smriti_retail_os/api/tally_api.py,230,"def sync_to_tally(from_date, to_date, invoice_names=None, voucher_type=""Sales"", force=0):",True,@frappe.whitelist(),log_doc.insert(ignore_permissions=True)
smriti_retail_os/smriti_retail_os/api/tally_api.py,261,"def sync_to_tally(from_date, to_date, invoice_names=None, voucher_type=""Sales"", force=0):",True,@frappe.whitelist(),log_doc.insert(ignore_permissions=True)
smriti_retail_os/smriti_retail_os/uie/services/dispatcher.py,24,def dispatch_queue_item(queue_name):,False,,queue_item.save(ignore_permissions=True)
smriti_retail_os/smriti_retail_os/uie/services/dispatcher.py,38,def dispatch_queue_item(queue_name):,False,,queue_item.save(ignore_permissions=True)
smriti_retail_os/smriti_retail_os/uie/services/dispatcher.py,51,def dispatch_queue_item(queue_name):,False,,log.insert(ignore_permissions=True)
smriti_retail_os/smriti_retail_os/uie/services/dispatcher.py,78,def dispatch_queue_item(queue_name):,False,,queue_item.save(ignore_permissions=True)
smriti_retail_os/smriti_retail_os/uie/services/dispatcher.py,91,def dispatch_queue_item(queue_name):,False,,log.insert(ignore_permissions=True)
smriti_retail_os/smriti_retail_os/uie/services/dispatcher.py,146,"def enqueue_document_sync(doc, method=None):",False,,queue_item.insert(ignore_permissions=True)
smriti_retail_os/patches/seed_printability_formula.py,73,def execute():,False,,doc.save(ignore_permissions=True)
smriti_retail_os/patches/seed_printability_formula.py,79,def execute():,False,,doc.insert(ignore_permissions=True)
smriti_retail_os/patches/seed_default_formulas.py,491,def execute():,False,,doc.save(ignore_permissions=True)
smriti_retail_os/patches/seed_default_formulas.py,497,def execute():,False,,doc.insert(ignore_permissions=True)
smriti_retail_os/patches/seed_intelligence_formulas.py,140,def execute():,False,,doc.save(ignore_permissions=True)
smriti_retail_os/patches/seed_intelligence_formulas.py,146,def execute():,False,,doc.insert(ignore_permissions=True)
smriti_retail_os/patches/seed_telemetry_meta.py,43,def execute():,False,,doc.insert(ignore_permissions=True)
smriti_retail_os/patches/seed_telemetry_meta.py,53,def execute():,False,,doc.save(ignore_permissions=True)
smriti_retail_os/patches/seed_telemetry_meta.py,105,def execute():,False,,doc.save(ignore_permissions=True)
smriti_retail_os/patches/seed_telemetry_meta.py,114,def execute():,False,,doc.insert(ignore_permissions=True)
smriti_retail_os/patches/seed_default_terms.py,1239,def execute():,False,,doc.insert(ignore_permissions=True)
smriti_retail_os/patches/seed_default_terms.py,1263,def execute():,False,,doc.save(ignore_permissions=True)
smriti_retail_os/patches/seed_default_terms.py,1303,def execute():,False,,doc.save(ignore_permissions=True)
smriti_retail_os/patches/migrate_cge_to_v2.py,115,def execute(dry_run=None):,False,,doc.insert(ignore_permissions=True)
smriti_retail_os/patches/migrate_cge_to_v2.py,147,def execute(dry_run=None):,False,,doc.insert(ignore_permissions=True)
smriti_retail_os/patches/migrate_cge_to_v2.py,227,def execute(dry_run=None):,False,,wallet_doc.insert(ignore_permissions=True)
smriti_retail_os/patches/seed_knowledge_kpi.py,65,def execute():,False,,doc.save(ignore_permissions=True)
smriti_retail_os/patches/seed_knowledge_kpi.py,71,def execute():,False,,doc.insert(ignore_permissions=True)
smriti_retail_os/patches/seed_purchase_report_templates.py,203,def execute():,False,,doc.save(ignore_permissions=True)
smriti_retail_os/patches/seed_purchase_report_templates.py,209,def execute():,False,,doc.insert(ignore_permissions=True)
smriti_retail_os/patches/seed_intelligence_terms.py,186,def execute():,False,,doc.insert(ignore_permissions=True)
smriti_retail_os/patches/seed_intelligence_terms.py,191,def execute():,False,,doc.save(ignore_permissions=True)
smriti_retail_os/patches/seed_intelligence_terms.py,230,def execute():,False,,doc.save(ignore_permissions=True)
